temperature,vibration,current,rpm,machine_status
73.97371322408986,0.14572042156102227,5.278628998133454,1341.5542425951676,1
68.89388559063052,0.1755600429557078,5.226658874028534,1415.6011482450504,0
75.18150830480553,0.15220951511638858,4.250784123355607,1453.037727496593,0
82.1842388512642,0.20883344375568957,5.4636673774109905,1511.9735128739753,0
68.12677300221331,0.29577428251695304,3.8079338595387053,1581.9329861285503,0
68.12690434440655,0.13831662742870365,4.476652539391737,1555.5308754697412,0
82.63370252405913,0.28006563982147314,3.4007297496817537,1405.6540161242012,0
76.13947783322327,0.13746623421224902,6.2469012135702515,1470.2630190267478,0
66.24420491252039,0.13218982300024928,4.8147604048437636,1506.1100470962053,0
74.34048034868772,0.26548756946745705,6.73350722785305,1479.02343004428,0
66.2926584575003,0.2737549102406094,5.642359941215596,1478.4563819305365,0
66.27416197143795,0.26811279494101237,5.35847857068082,1362.1805340276583,0
71.93569817252828,0.09473620734254871,4.5310178445752,1407.7812679088288,0
54.69375804273761,0.16272392175423595,4.162919971450064,1467.7648120688582,0
56.20065733989574,0.26583908736026574,5.418377259117556,1252.541946004387,1
65.50169976607222,0.20332334724511159,4.942788792581614,1551.2515456007884,0
61.89735103732461,0.11410457230420287,3.928583747611759,1390.1856720231144,0
72.51397866076219,0.23666543513003535,3.786513266793345,1554.947050661211,0
62.735807395830314,0.14281541928068237,4.233037016685133,1547.9132803576729,0
58.701570389317666,0.343561987871377,6.456773780212984,1456.5045565510093,0
81.72519015137243,0.32358731699346066,6.770622334409043,1580.043866056123,0
68.19378959610772,0.2483277941084454,5.1639913178471275,1559.4557875939947,0
70.5402256375034,0.3088805363815819,5.1191542369930305,1475.2830823332288,0
58.60201451029235,0.2051833080098705,4.730943702536383,1466.2592307846642,0
65.64493820379855,0.2612349995500013,4.252411721352399,1587.7786228531486,0
70.88738071767892,0.318217623624166,6.100143246085795,1518.5611071526132,0
60.79205138062158,0.21963989454354502,6.498861115117709,1583.5757734694514,0
73.00558414676537,0.1795850262788573,4.285264731328572,1308.882074051781,1
65.19489048064956,0.06363024334583076,4.933729297260319,1507.878807761557,0
67.66645000165379,0.1933493179422805,4.640106959431866,1373.80727304245,0
65.18634710216483,0.26587385476498493,4.663808740108018,1497.936919401059,0
84.8182254760715,0.2756506742054104,5.948726604343889,1557.1056166676708,0
69.89202220209653,0.2403492052574728,3.9504307637071028,1639.1312116599283,0
61.538312568352794,0.15669607240302083,5.373175752749045,1424.946661725025,0
76.5803592968255,0.041854274484192766,5.582590485844692,1457.9436155758412,0
60.23325080023182,0.1603827921596212,4.886279061118545,1492.357367433957,0
71.67090876003805,0.1756524103156839,5.7144542615894185,1422.0375118830489,0
54.322639008961794,0.1749656826247989,5.11812147242996,1578.2847783031407,0
59.374511608812554,0.24948450855823395,5.97370393692489,1494.3924363707501,0
71.57488988695299,0.3588541128811872,3.7822357560593165,1509.7565618700837,0
75.90773263996329,0.20988233614728746,4.720979791194504,1549.6138501419327,0
71.37094624951976,0.18266145686748309,4.942549485719172,1494.2630786899672,0
69.07481374089407,0.1792622549596726,2.8622340924229204,1434.5968697459307,0
67.59117043528569,0.20995078135261713,4.131237813137172,1494.9583809361227,0
58.17182407706058,0.1337364991721281,4.349120596512971,1431.505491238929,0
64.24124633284234,0.20961588469968442,5.75856479585868,1508.638471129319,0
66.3148898323217,0.23606498690654398,4.4345253229483195,1579.7550176641437,0
78.45697780975132,0.21677488508595907,4.3455368101552185,1406.0017366182135,0
72.74894631654769,0.23660335472038252,5.6539886245249535,1377.4103198846326,0
55.895678757098125,0.23469980874788282,3.705671483367956,1503.9399948735738,0
72.59267175515836,0.05824826542028452,3.343004746045142,1438.5760306604875,0
66.91934175666947,0.2509496126716323,4.710726159944523,1502.5396219529575,0
64.58462399755233,0.14631881234700372,3.841834585537316,1525.6322816487761,0
74.89341031072695,0.11233286695968338,3.8722565642722806,1328.505101685717,1
78.2479961799676,0.11164385377160031,5.458747033350385,1555.1879542126833,0
77.45024095292959,0.23468332883780235,5.700779070330063,1406.42651976358,0
63.286259814218894,0.18219400582201178,5.6310913726817,1498.2121639548247,0
67.52630099319029,0.06544249728116716,5.887021328245787,1447.2494131649255,0
72.65010745122851,0.23824302521538268,5.992907456011841,1455.8434388172564,0
77.80436101697887,0.08483134953609382,3.2971278329384552,1635.516635169439,0
66.16660609723768,0.2111857086814569,5.360329567943573,1525.5414016636528,0
68.51472818668947,0.21907991405384433,4.576313440344353,1572.3750722362872,0
61.149320207951774,0.2708461665356036,4.4020606032076515,1512.0753083362195,0
60.430347007354634,0.3425347829173481,5.4483317057669645,1549.6010859723963,0
76.50020657915358,0.09082589392795667,3.615763616083399,1533.3902689714762,0
80.84992022856659,0.19580209151495606,3.599113115302144,1520.3564915749462,0
69.42391902735733,0.17789317639646263,5.506858195265374,1588.5724727331744,0
78.02826318313619,0.234699974876877,5.390228814008719,1512.5204363075416,0
72.89308820038107,0.2172535016746895,5.109386124697208,1682.8118857774164,0
64.839041963159,0.17179630058107043,4.29606927622149,1576.842525824995,0
72.8911648440673,0.16472782491113158,5.595063707665699,1408.8367441808248,0
82.30429253172775,0.1106839315852762,5.544242313648381,1485.8760232813613,0
69.71339168712039,0.27902892659252077,5.068243612037963,1531.7662079592535,0
82.51714924651205,0.23673633452796236,4.058143166984182,1503.5597468569629,0
49.04203916728204,0.273421455823611,4.659801323416395,1554.9498735177735,0
76.57522003500179,0.1751683090819589,5.670266942019554,1563.76133638671,0
70.69637654590537,0.14745316250444557,6.0617529782414294,1391.2330411360829,0
67.60794119627306,0.11373479466966178,4.738770717298937,1602.4862035773197,0
70.73408621228401,0.22871340669925277,4.80026162575339,1460.2546027611165,0
54.09944868319286,0.11681654203774124,4.870648713579951,1452.3276395308194,0
68.2426248972999,0.34789304551732403,5.219914407128778,1452.0702085835567,0
72.85690057209398,0.09538859351252477,4.535146159951981,1564.6861124792467,0
81.82315235793213,0.22189280953700016,2.684651953942733,1478.634584148177,0
65.85383825381082,0.3253483765771029,5.954215201317678,1446.9158684529834,0
63.5320511768545,0.24792718074110473,6.4357511577300395,1466.083267404517,0
65.98594365132371,0.21405389699934235,4.51008011231543,1356.4246672867298,0
77.3232169416166,0.12252130824304837,4.146677304864981,1432.626898883881,0
72.63000887727748,0.0894584649145837,4.890319582087822,1400.8333161077521,0
65.7619183698637,0.2616040087134069,4.849996893016982,1478.4664535603288,0
74.10613946490685,0.32049177926199574,5.7964148617303675,1553.1354616218873,0
70.77662039478432,0.1648920007617463,5.04371155331603,1544.3100720746581,0
77.74915992426311,0.10887507939069192,4.365901735703053,1600.5400398037266,0
64.38357524898117,0.00334644555607852,3.9452724395535608,1582.7180653837297,0
67.37870282721785,0.121538812506997,5.692507347855739,1457.71226280653,0
66.86313477494274,0.1909074526000768,5.4796089929314,1501.525712060297,0
58.29188041494305,0.32792985926693874,5.848447902473455,1497.3955124622864,0
72.3689622165166,0.25385069537863747,4.225450599423125,1327.915785382249,1
72.08844217743912,0.22440683237654024,6.470749519622664,1402.6192370472204,0
70.04090765313968,0.16799042709590953,3.60504439435421,1486.6170658279111,0
68.12330293299883,0.1533467426195235,5.567680817121183,1486.1682851887354,0
58.677034063596686,0.3124518078006371,3.4723337862424786,1540.9860043364133,0
66.63483741787712,0.21605908326067116,4.3677348946412256,1537.091330362868,0
67.25828386778585,0.03179194464631824,6.248818344358368,1358.3445998320212,0
63.581781846227045,0.14611682816822058,5.665091403580791,1541.4877387566023,0
68.70971430667193,0.13134271745826986,4.5630236676102545,1514.2869765163011,0
73.23240685451631,0.15629887926580283,4.5849303657426494,1549.8698545315704,0
85.08948720968424,0.24503285282280682,5.080497688668354,1585.3492470113272,1
71.39662250265471,0.19140440945646006,5.4113127926085784,1488.5693621769622,0
72.06040312578212,0.19385076743970706,6.001263506146158,1599.6470589584064,0
69.40443267387066,0.30507785290601896,4.635012796313204,1428.8479636885563,0
54.64983027760767,0.14428311281706493,3.7105719492102387,1424.3409503702226,0
69.78788899640627,0.34913596207098796,5.125574901639008,1534.3017752108433,0
70.48184167952822,0.1462953926903131,4.634055329993284,1470.4985963755855,0
89.70593689988229,0.20713585572900572,3.959493036201242,1520.9306051695175,1
68.46111228175101,0.17750371236777865,5.238135132250235,1659.4385695875594,0
72.4123787386689,0.2098735306800769,4.829508996725768,1531.479605880318,0
69.72230584235805,0.23556735960585035,5.245209765175836,1516.9735631091296,0
60.65057569904374,0.23470681920711012,4.284444639850255,1430.4623697078523,0
79.14258251612017,0.13975061355035362,5.3893684242603985,1364.0016154700522,0
76.01546426149419,0.11016682580419436,3.946321442596017,1494.1962707781192,0
76.32825557634438,0.4002537432724569,4.337814888242733,1585.3496197286556,1
62.724900361642085,0.16128125283195577,4.805668615130178,1474.164959435146,0
81.22235448748879,0.25593699509375895,6.393454731967772,1532.1169999364295,0
58.785191497661756,0.07138869515814428,5.627860294838795,1614.1197818174867,0
74.69485675040217,0.17763098240762587,5.861754003414232,1612.1213050584288,0
87.52364500647982,0.1898240492814046,6.133661626674516,1534.3052710081427,1
62.075709398954494,0.2378252055942266,7.882265708648699,1513.6085182925874,1
65.46961816317783,-0.01779633127935512,5.033271254046747,1378.5093560797538,0
70.79721092070113,0.21329124904626645,6.136320738503884,1449.5844284658447,0
65.9721947670704,0.10802068357056858,5.810108203521553,1477.539535358554,0
57.59469255147094,0.22594765689559393,5.7968260026460205,1431.8134710852678,0
70.54850379844822,0.11709366425294697,6.419391694432145,1519.8762610362212,0
61.50157029019116,0.1315613843259535,4.664549575212419,1652.9318546788882,0
73.78873944508145,0.17810979116853856,4.6010519808508965,1621.4209274129294,0
62.644606126129574,0.11581364243174438,5.255812410785489,1519.5103889464965,0
82.39947524014032,0.16195724426117164,4.85384018246249,1562.3547257619862,0
63.7339736613101,0.10452993851653479,5.254800682398539,1441.7116547715104,0
67.4235078703546,0.0533463638641018,6.25019902804241,1617.1271480535042,0
76.50813773895736,0.28143656419434876,4.617482621834977,1375.0426723243856,0
60.15308546852836,0.09631610457408574,4.756256829925015,1573.026252886893,0
71.81967947683303,0.18570552899136133,5.139448802821262,1539.647176815982,0
80.45714203425942,0.2602312865195028,4.817345259179865,1439.5312490596461,0
57.14013412351018,0.15080447179871656,3.46879533758921,1483.2970594609649,0
71.47707086825844,0.133986728020357,4.535897885840848,1409.2597837475153,0
72.07906235398738,0.21809904709339373,5.549898593790004,1412.6687961758214,0
76.25458297421848,0.28943470581817216,6.150037400746117,1372.7156799500856,0
60.104394312975344,0.1064547787930825,4.076305145969819,1561.4011121760568,0
59.436347095325786,0.1879881734386049,4.072574080615325,1596.4275975541345,0
74.17553252493518,0.06140043240261381,5.024187042173868,1327.055370894926,1
72.3758773858655,0.16854391970542482,3.339523948097731,1647.0644412921206,0
72.00394280276701,0.20273637476304604,4.644023837610298,1499.0393410690529,0
72.7715856759758,0.13163002865959475,3.611166352358885,1523.188256390147,0
64.55980222737207,0.1634406532939815,6.0952490398739725,1382.206973153194,0
71.85802957728802,0.08734185853540401,4.3845350765196764,1605.6660600131893,0
72.34457978638945,0.2061662889105195,6.322267349071222,1516.0200074533468,0
64.28518865578906,0.284455539910652,5.890817082766671,1591.106099181704,0
84.92619608915805,0.11222849041836291,4.482946161842067,1597.6686656518195,0
73.7906633672943,0.15018625867580937,4.142432290523137,1606.7899538177016,0
60.46957202237881,0.24020369971633454,4.845163400665929,1448.1375379318238,0
75.25242886907064,0.2969672575458189,4.916282700593437,1483.3630393685437,0
62.20254663818143,0.0805448150232855,5.276917555161921,1451.0638340216387,0
76.29667682993961,0.18649722100672406,4.3787653683758565,1571.6077170193028,0
79.26876463205923,0.22265046578556202,5.597115898817762,1526.6311383490993,0
63.43454145318631,0.19183548874969217,5.2122624439999194,1585.531589121059,0
77.70700903395458,0.0018566346498330444,4.727683874627309,1589.0191042445786,0
73.30224741549199,0.24008720074470177,4.430367475665582,1361.8192407248873,0
76.57648127995591,0.32154690808725156,4.852092013521052,1608.0616104443097,0
85.17434386123158,0.2093329400935603,4.346478998537944,1576.0688766212575,1
68.03689507197704,0.11751151573645895,5.04675095590687,1470.4620093451601,0
63.970110685140085,0.15894982029085736,5.068350948175928,1527.9834213223703,0
62.88388456299582,0.34159304541244745,5.209365826781071,1490.1064342733837,0
63.47351772027649,0.2727970032688447,6.4129939277374834,1549.284454290494,0
69.38318632468717,0.2512021294707464,4.894044224240342,1470.2882895436098,0
72.72921579853315,0.2285130066827501,5.803678293699586,1538.3141792935287,0
72.21352639464016,0.14710903102472223,5.183669917580561,1505.384424372748,0
76.61746599228819,0.18395430554753853,4.809404558481237,1465.4244877203755,0
70.10401513502326,0.19376618114571875,4.904672584039012,1515.2108995921647,0
81.62827261725853,0.24396594528515553,4.95293887266556,1716.5175658791006,0
67.88274533409636,0.3207135115413523,5.223814166182573,1445.1570696139454,0
91.76135333271695,0.28946705094345027,4.232543387824824,1480.0045126990744,1
75.00533878212005,0.08644925153631676,3.827727693244026,1446.5510080293575,0
63.14273954866974,0.2179195975120839,5.523437914779421,1454.9426891577932,0
61.4328600155111,0.2589410676134318,5.718499066065007,1565.2619482708287,0
73.85977932194548,0.24950882641157085,5.596508666242242,1557.2705967708855,0
68.2122977173932,0.14966129892900645,5.123977614845178,1499.5309197342951,0
75.71200395273674,0.43312873726146894,5.613779701962631,1582.1037268215289,1
73.78590099658835,0.0978332350135105,5.570743220813714,1563.4754636395448,0
69.41736869874502,0.11334492426671601,5.6301034871639635,1487.0132651179028,0
63.22565025545276,0.2186876065009261,4.31236734292631,1377.2908206564634,0
57.88122220251309,0.3693442443971083,4.122438562276296,1566.3826406359203,0
66.42788038346383,0.13310441194366635,4.6891446025981836,1513.573169680158,0
76.85119035458777,0.17873373074824062,4.986092712365876,1501.7778770960474,0
71.71274995304164,0.2861834938412554,4.806463098294168,1462.7161583992229,0
60.03408977030409,0.19857102760898132,3.4986477349296994,1559.5719159293053,0
71.38544740680946,0.17323169163757635,6.377354089708113,1527.87970019428,0
73.0825390378307,0.24525063215093762,4.780763208891411,1481.0537565758164,0
62.92914051039094,0.22180143921836745,5.1381635332615625,1401.9636362224871,0
71.22980084756422,0.2824351028509433,5.995639192610447,1585.4343281504061,0
70.465669747568,0.3033175111252291,3.124022184383036,1548.39241785247,0
60.85623761735501,0.22456024480042894,4.59064490247063,1520.4322319956477,0
72.86229888278626,0.22333861803026472,4.690306181136156,1287.4580803908802,1
74.48627621094587,0.2171288785828907,4.730951963639484,1496.9684594307153,0
78.66440994540221,0.23913044453194301,4.861210727428838,1480.703703721947,0
78.43041641627923,0.20441365102971712,6.157707838755876,1450.5203451956527,0
58.97864505634327,0.19995132141421684,5.538767100581778,1560.3388222851427,0
62.49739968067902,0.2957301696661794,5.766428214903064,1557.188802733382,0
74.12028213766928,0.3212892944284035,5.037696217448739,1534.945977375391,0
74.11028760729766,0.07939576442932635,3.880501563083599,1583.0312731814195,0
74.12038149044838,0.20080169213924554,3.3362423718831944,1418.2161188772925,0
100.82185192523777,0.14490444532438124,3.776473821414695,1463.7076754584555,1
74.56712408554533,0.17512228268111424,5.287812563332816,1505.9833810548644,0
79.08452512144478,0.23220129677882573,5.025415770158108,1450.2398384617668,0
77.63201410794562,0.2535550697233975,4.831869081955194,1558.1735377362834,0
75.21113001044638,0.19102988451109243,4.705138474607891,1458.2239321494644,0
67.47784604287723,0.04693277322217579,6.609377260354197,1603.8696003557404,0
76.07175376394613,0.12279635355390564,4.34167712721882,1425.5072478599848,0
63.817398283699426,0.2717199736160133,5.742255564892847,1670.5586919600494,0
68.10545114607993,-0.01923411376279449,5.001530348816795,1662.343788448194,0
66.11709161736717,0.29499417213456003,4.951248390571203,1492.4197482947725,0
70.65499311509058,0.24169839925156333,5.941310038893395,1591.69363607406,0
88.51726853338806,0.30529408652240175,6.170024306153156,1467.9657551593114,1
55.06187845926601,0.18411446504952317,4.80836043449213,1581.0629198585075,0
75.4900815229961,0.035087566078167626,5.639362175393714,1485.9217334834584,0
57.09827303048279,0.23442901132051985,5.291113089720043,1397.1648081193214,0
66.22454507368454,0.3019722499230673,5.005949711047932,1217.374544985688,1
78.71160477573893,0.2739777444410737,5.163403954125621,1478.5029243143513,0
70.5142401527637,0.14698468132095718,4.449592948124129,1522.3250006948233,0
61.37804177656555,0.20694088603701175,4.755120485335132,1606.4253140828973,0
64.27757032592025,0.15737309849760608,4.535491776197835,1502.9300025721113,0
75.4367819914774,0.13445868286485024,5.721101373143136,1580.2328107774072,0
64.1570669462629,0.2764310856943881,4.92383910756715,1463.6846762222779,0
71.7316687166558,0.10419741509878704,3.961828780307969,1473.0176824374844,0
70.3645747192305,0.128494685553471,4.4212502214695295,1584.322854602287,0
64.78719721915347,0.11167794932220917,2.440588283830257,1302.8260412264583,1
87.1515527146026,0.08078019813607627,4.604405918494281,1501.0387063122332,1
75.07135217854409,0.2117131433474083,5.0301160520777195,1468.0030920355307,0
53.798859306739146,0.2929202438785581,4.891091320906421,1608.8488963881828,0
71.49163451815542,0.18520985950037877,6.584123481225114,1457.7402964016144,0
64.70570828185289,0.07954017595486669,5.459924832732029,1541.3267975656076,0
76.81946667836979,0.2671955631793622,5.424361482471321,1573.7213575467756,0
63.6598340925384,0.33485614032279776,3.6853847723437774,1380.592320469567,0
69.0821084682648,0.14830061406827244,4.708286356706294,1488.8503753380878,0
74.03989823184365,0.16171565866258256,4.6106697541410435,1465.469085273125,0
76.92604155336097,0.24125285040667155,4.371135040953593,1575.7034597463676,0
60.39762874355379,0.3297498998228041,4.360095467589323,1554.0065472649756,0
67.32399011327242,0.1584132683419819,3.553501636846701,1481.3438375952655,0
66.20043751071235,0.09340401752014361,3.979317436254937,1416.2073559667158,0
64.7733661394103,0.2505134885017925,5.6992747222119595,1583.0517356816072,0
84.12363392224877,0.26392544585138394,4.885668246405454,1494.5877778720974,0
73.23985368768764,0.20049051603481816,4.594878065380533,1370.5298747466031,0
59.91292836531964,0.15534933922740396,4.995670932277833,1377.4095680824062,0
77.34289557643821,0.27955029847936375,5.933912542960921,1535.010674405838,0
86.97724957610106,0.24224288036383715,5.003368416700629,1397.9355045787586,1
78.25972208440918,0.13852515864772058,5.432299304744831,1648.7717994882892,0
57.845040272367896,0.20392757850445373,4.322716126089394,1425.0343772512535,0
66.12612741707,0.09186339743802828,4.505096039402625,1499.9711419714179,0
80.13528919349298,0.25487123651503363,5.28318150805094,1512.7289572928244,0
64.33864427504976,0.17902131444937153,6.514122966669691,1441.6497808610522,0
73.55055542516983,0.16514313340922104,6.143819887611899,1320.8138375537626,1
76.19707242743469,0.19737004118780527,5.4662624555649115,1515.2716078092983,0
62.58455622737534,0.20322461594641983,5.121147008128575,1439.7408007918193,0
69.5237971515056,0.27159440492524484,6.120855484501737,1509.3230742093156,0
44.06986127944742,0.24728724250601775,5.635742658436099,1490.2135158209032,0
61.80489886932568,0.1874872576965758,3.1650703821034707,1521.0632998457443,0
67.97945478885472,0.26109345197751965,4.156855321715822,1624.9496096524847,0
60.017734544281204,0.23205898029532906,5.2705122602863455,1456.3053589818303,0
83.05929043145308,0.16587202909711704,3.5704259475592224,1462.4924276526003,0
58.55886897631494,0.19002254734108115,4.28192879619451,1366.7362157796888,0
66.47964410642413,0.18814216889255034,4.440148045073621,1484.3852839120564,0
71.04592461828874,0.24042090745393616,4.795067275003333,1532.7895991419973,0
81.53018631252893,0.17063819082226866,4.7700558334190335,1461.3204097943178,0
58.51310279056449,0.16876726508626935,4.7687036582665385,1533.3144400324393,0
79.30531001723968,0.3575005847547167,5.660246013792251,1485.7993179608648,0
70.0818644881567,0.2751788385397683,4.787820907639572,1395.8187009624808,0
62.14793079161639,0.1391519468459889,4.692295894343013,1524.9588056946484,0
73.69682779410617,0.24567527951537588,3.9206623166851866,1483.5334293147987,0
71.59247756458777,0.20946800525241419,5.81947696158866,1509.8206257127486,0
65.19826498272964,0.2313240940208075,4.462801988842011,1454.6440093431668,0
70.55841667992016,0.21098730596520837,4.13037573759898,1447.5677981607284,0
66.91749122510592,0.2951714116388189,5.170472459895176,1512.5928646042373,0
70.90813876200998,0.22764962757211568,4.38644699009355,1481.5520070366292,0
75.29704539616837,0.195032904142857,4.579237808164565,1637.9422599335412,0
82.68813452916282,0.2833752461586414,5.206768139455256,1563.8984409728932,0
60.097476009385204,0.21866280328702978,4.738813900976355,1543.600340757415,0
87.06426699725013,0.20971828634632464,6.849287500240507,1485.8015358798868,1
54.38329760381998,0.22512180819888916,4.940137165344642,1337.9181241218794,1
68.78571923971533,0.1925112781306907,5.494270575103378,1435.3924057905856,0
74.70653765187662,0.20073815943963752,3.4466447620056435,1448.2165237932545,0
72.24793494188026,0.1530644328990502,4.311480694468216,1478.001249096807,0
65.01840384143524,0.13990662243008972,4.13046904406663,1497.3312400488037,0
68.3350219971418,0.12011436908140484,4.236496221357897,1552.4859972388397,0
66.05599252272934,0.08864133705623392,5.332430395069602,1521.8516448856053,0
65.2850819444463,0.1296226110892355,5.828452054221928,1592.7362553175924,0
76.7968167761682,0.18605863724264596,5.275704403707609,1475.04784211846,0
72.85612388772037,0.20824940659565097,4.818684301146953,1520.573035533613,0
64.45672323791477,0.17829627494818878,4.495315969030065,1527.507538222304,0
77.19679900346601,0.011543720789811363,5.890879800949207,1519.658102748687,0
72.45839616701288,0.32596690862098743,6.65700436332389,1602.5512198352114,0
76.50289695071169,0.28691840983123057,5.108044563826953,1564.3019458197755,0
75.0370307353889,0.23566078809737032,5.751490451257258,1394.4477424398863,0
63.36803991262342,0.3525992538042615,5.27469627983638,1490.8535120752529,0
65.51855167842425,0.12181087060130316,5.6044039251724715,1498.8821054216164,0
75.9783488409861,0.3510100096500804,4.068362577511907,1672.1232850956005,0
74.88296212346772,0.12278287385995618,4.609490975886301,1473.6167055003625,0
69.83278724828682,0.21909903402330855,5.316375552036467,1421.4012877331054,0
70.93861906647025,0.09809301398926366,5.969992755265584,1535.0660343581314,0
80.2213191663074,0.20117552764354935,4.345492622689861,1539.7588575699024,0
65.26742888931336,0.2308933198398711,3.3733607111678987,1494.0981709016246,0
74.37677904936031,0.18762477350923565,4.601388458847,1482.3791197623289,0
68.38245878052885,0.25711019552721104,5.8081045714786,1575.9123164849668,0
68.25855037418224,0.20792115595898059,3.7328835271297205,1431.7121476592145,0
78.79021481589751,0.15820682172979927,4.058464086294732,1472.723732570517,0
76.60333079190424,0.15465493457581286,5.12473486884089,1458.2280110309289,0
76.50807708800511,0.2648731018092557,4.907222997790829,1587.511567809647,0
80.44383045723464,0.1477006376154426,5.475573185242582,1522.8395362629076,0
70.16803073306207,0.27323223763879495,4.017018591643536,1414.8004722142985,0
75.45562377035971,0.2978169434265545,4.740017124665066,1422.8394885389785,0
67.51786594725235,0.0665028910123096,5.956148321922479,1649.873209888972,0
72.59333081990754,0.29063411098408276,4.0456830450905725,1586.6574198485632,0
68.95885556505853,0.36483381587557595,6.181529837048215,1567.3240225218783,0
70.77596771994175,0.2201603008961543,4.146066411289048,1500.9797552778673,0
74.76125620349531,0.2479267348235858,5.679505261902089,1620.6778592096327,0
63.45423453413222,0.2829604259495327,4.701633191829499,1411.7276171217393,0
86.73909820548369,0.17796141478567823,4.0840733938888185,1560.2374009763591,1
61.951860948002384,0.2145824178830296,4.602480762277922,1464.538119477955,0
60.286491097698146,0.09486403763015126,5.435943350543195,1480.0885344275816,0
79.26488698800054,0.2110908022824361,4.994516804078807,1558.0631411865909,0
76.33330155170349,0.23984895965156333,5.894775529154675,1488.5153993054794,0
74.99295853641723,0.24129304183411757,6.148592048747905,1465.2240112430993,0
75.02676407411424,0.28523397788780647,4.05357546774572,1460.387388152966,0
69.90202581722468,0.1380158257491577,3.9949846840717242,1341.09234035911,1
62.82196502811335,0.1573914594661203,3.956164981103327,1561.0562895420526,0
70.6064364655498,0.3516405876793084,4.2806431231615845,1419.4695941760965,0
64.58270630790311,0.18797373009890322,5.883371616655795,1648.6727524527423,0
77.800957867342,0.21600270298498625,5.448289560533388,1476.9909960148007,0
68.82354094798289,0.19463919666198232,4.5639779416620545,1604.7551837956767,0
63.39602242565991,0.13426553389559823,4.991117927501732,1355.2775173853856,0
67.42891326677605,0.3298823368713445,6.123444404132751,1558.518641695888,0
73.30345163420499,0.15778388704635155,6.5264086807832955,1579.084458600945,0
65.4902035775682,0.10981715810344561,5.207507466754242,1604.2850907491547,0
63.422236835468546,0.16394077781577987,2.872575052762081,1377.756898177071,0
71.94949769193529,0.039863519861957325,5.237829675807978,1443.7825090330457,0
71.95973256886978,0.14789700280134546,5.747798503633078,1546.1207962204865,0
65.94445459703095,0.12254971217181387,5.17970585268486,1511.8753583075288,0
66.23169355505341,0.24939429047418596,5.581211934987827,1523.4687714051067,0
71.8563994988611,0.1461268608352102,5.285652299568308,1471.1770715352534,0
58.415325268021405,0.2710243148463079,4.012283666014508,1624.0638892044553,0
58.740289804987555,0.31187871944554574,4.291009253309229,1708.677235862385,0
64.2524462299805,0.26249402690300794,4.743078250295875,1508.3183939207272,0
68.29242278630522,0.1827689368911939,5.852331822590681,1536.27369964042,0
72.48726052478403,0.21128915973644743,4.387292745343504,1504.4994996498253,0
81.80284973559641,0.07800120478847523,5.364722106534118,1602.724271923795,0
76.86127698561616,0.18929765019830083,5.242954075136957,1566.3293027405448,0
68.72049176029259,0.13116492255465334,6.268957812063304,1414.6895543490525,0
69.84787033677848,0.2555461104919439,4.966656177496469,1450.9838391604285,0
61.97976508289753,0.4058201911395579,3.596193265378993,1419.256256559529,1
69.85189491206089,0.23998573087790476,5.517496371917423,1715.585786575641,0
67.6907308886389,0.040708788083626685,6.710444169307204,1550.8249426865655,0
72.58174848270471,0.17110158456685018,5.569906675893165,1452.3451019112174,0
63.38215245158142,0.20979927402995638,4.3698707265516745,1445.9558367500128,0
74.15477211392938,0.20698859402082112,4.134443296656828,1564.4185018373528,0
82.26191130402063,0.14153494995129975,4.237624933194076,1572.3936119727307,0
69.12991881234514,0.21962333941095483,6.602649504305637,1563.848617046753,0
73.21369377679153,0.10059993304644903,4.738138047582852,1465.9554113080223,0
75.5211519336889,0.12440730218519465,4.469885284937578,1524.467491553134,0
66.79023622491331,0.2516638113282969,4.873250684698213,1508.8732078106707,0
71.79273985448333,0.11874694152961393,4.746474361115439,1425.099170204926,0
70.10073920625436,0.2430569284393806,6.254120287830003,1425.8804925699183,0
70.78140878839065,0.09044289802751536,4.188418007186957,1532.9572035634508,0
63.815921729156265,0.3411860707033389,5.944514585328357,1515.7160864834927,0
70.19608139407154,0.13805840620767562,5.097673677160868,1544.2681368673768,0
73.9839863299636,0.18210667425572447,5.965621210742149,1563.2818430954974,0
81.60914886236033,0.2264490608872325,6.266095234987241,1619.9506097998024,0
77.67416660868166,0.15477200379991246,5.067838107130476,1437.9276491107162,0
87.22545966009245,0.21147247688570436,4.747949112320668,1550.4188958980305,1
63.8612194968956,0.24602853796161006,5.052943065492083,1559.9359053222947,0
76.97856509376543,0.27684905860027886,4.924183462395895,1475.0295669979644,0
71.46673604590681,0.2633197948778366,3.6744268354090175,1509.7490546855415,0
87.51842346574138,0.18625516289578609,6.241984299028059,1477.0753154643141,1
63.53361371715879,0.18826945807651183,5.196628013904952,1668.687230668574,0
63.282225262553794,0.3879286846420026,4.069520651959157,1508.3882152352885,0
65.20485883644783,0.27599112545994336,3.345981343841273,1536.1204086969115,0
53.008834205521545,0.12625410749438293,3.1379206136557207,1478.881256246623,0
65.79395982655392,0.20799905310124417,5.616384349350003,1461.629234699937,0
63.926938707570415,0.1731885488977446,4.504817945274324,1395.8397870638657,0
71.20315029180966,0.18917326128615122,4.636079465515893,1587.9894899780265,0
72.73404780621728,0.10164038738335297,5.390523411631059,1561.4749997917281,0
85.00936671372709,0.16704614124912376,4.587161475118577,1475.9122844448173,1
77.60339070548841,0.34492446185551306,5.437219532842811,1427.9704077548845,0
65.38477075470078,0.24632610407004024,5.076211251501372,1514.3926821136115,0
62.812682629213135,0.0007070873478831896,4.932696333480611,1460.1842554962425,0
73.93535337205205,0.29733787939983575,3.741799675446809,1482.2365945094302,0
59.43813434383486,0.2871703618327329,4.344214914848912,1398.9152044317693,0
84.65167012683483,0.17125717565548668,5.482028292469493,1517.3655664518424,0
79.4355209657703,0.2573810835026572,4.454382548108759,1518.9602561591,0
66.24659478316237,0.13124806313462395,5.964295644627593,1587.5778307391747,0
56.29492376727298,0.16237954269869143,6.877121059194719,1487.9406745093916,0
80.8309789933233,0.3198837088535883,5.525108240673058,1473.3150018236931,0
69.08368123797905,0.17826159681042333,6.194265513092126,1375.459130710622,0
79.90253049578769,0.05042146704360073,5.576581790636855,1588.0768758690103,0
57.24457872964506,0.19493574217749307,4.572590381862249,1571.4258493245568,0
65.20499981636982,0.19371292856685146,5.160121331845939,1502.2990753125441,0
70.04194959774547,0.2958694855498768,6.610656756877954,1393.6615156375701,0
70.37584475011793,0.20114691377406083,4.581157005898039,1402.8378375129487,0
66.39947622816605,0.16627341508477658,4.1685381608975405,1456.2315256988568,0
74.98279945878,0.2836044916184965,4.092644461507785,1577.218056709333,0
61.45903656493925,0.20966321860008882,4.825976492933161,1523.227010819331,0
68.86096411982965,0.13999818547474263,4.19722232908555,1380.5314248894579,0
70.9623650536952,0.2923998048433294,6.33921554194979,1532.3369531680178,0
74.11551067247,0.21549294116134396,5.17308522767303,1432.8682736663313,0
75.69291902471112,0.20023407733435503,5.777381047808403,1458.2230218790285,0
61.002863265297044,0.21423267131293236,4.761067687536241,1577.7390410017365,0
57.727086634115025,0.11434653028667226,4.087842241795105,1561.2403267024665,0
80.22141457518808,0.15778769790573302,3.9524848436533784,1587.447990626034,0
72.65851209583673,0.20028660814662266,4.273606606257504,1498.149318473263,0
64.01210770754757,0.18442690439802562,5.278020395221369,1570.641964629295,0
82.40921580418018,0.30179427062532765,5.415906345414358,1453.1090988989554,0
70.92539707434287,0.21739246821816027,5.482556858446948,1479.3947252315766,0
79.43437747251062,0.2683923138109122,3.809061852974514,1473.8965420476168,0
70.54014785128088,0.20075162836606797,4.999672651281384,1501.9092014579596,0
86.4859833990559,0.2845030786996898,4.179150535286086,1397.0807130950338,1
84.04272673954563,0.2318022205258523,5.321172774067622,1481.999607750131,0
68.00828681216741,0.20107363883107682,5.383261644397962,1616.1325841214991,0
77.77256760763484,0.19893735288327846,4.06226156237885,1412.5977470550852,0
75.16300759668118,0.12364490989672294,5.774423685757078,1393.6542974467975,0
80.94905246025878,0.24055325761090487,6.871058353222596,1400.1049337870218,0
62.280612315359164,0.1967836212370897,5.66786859006773,1712.9487555259714,0
75.48841167998751,0.15984064318550364,4.869732768359116,1537.1881584696303,0
78.46739589479671,0.2885169416649658,4.7467634374322065,1478.3787692526894,0
55.930084108615084,0.09998271792841591,4.8327488146619935,1505.465633040651,0
60.5339318986738,0.1662003283654053,4.391412922578391,1518.2111519397454,0
53.6861425779192,0.28221749990236267,5.201918565321639,1448.7640019416497,0
67.84474532444354,0.22524183527362027,4.089229927076556,1458.6226601032718,0
75.7403380463677,0.19617128578777943,3.4882417707216797,1487.3853494238376,0
82.01885641676823,0.22008028345201175,5.175681345450839,1442.0195929412075,0
70.5927582433582,0.21435313368390732,5.016986452620657,1468.245231438305,0
83.02892436457033,0.0786669962971263,4.543063986850244,1528.2473261864277,0
58.95918833428087,0.17205904917216308,3.973842701911707,1420.227745630392,0
56.372940485158765,0.32932173236109996,5.231795221531228,1708.7959536758283,0
69.55561840882704,0.1472540692178266,4.207859969143639,1560.252528870896,0
73.07252359151445,0.1745359188716533,4.888844519307733,1398.393220918988,0
69.73844201524726,0.156670338935265,6.411977483301156,1301.7677192719511,1
53.46046319968099,0.19303878213454903,5.5209518156603075,1444.9997371889776,0
69.28703968389769,0.15335017349405616,3.9046938700946425,1554.7488519685799,0
59.56424399596118,0.2389393201726448,3.980118743190158,1539.2375915560083,0
75.3573803906403,0.21578507298322133,5.121455274195007,1491.132119172111,0
72.93278596877478,0.26188380920856147,3.899743454352783,1451.8846031085532,0
62.480961709381155,0.11592470670488317,3.3986196150125707,1427.6694900806456,0
65.88906466130645,0.17277276136936776,5.425897609037379,1467.7933543112395,0
61.52629182488839,0.18194218947102922,5.256748603456694,1419.0096020937917,0
69.49856722181462,0.23645175280708758,5.360478665023306,1468.089779503324,0
77.6411385640099,0.13654230422343727,5.210428145454323,1606.4760748658257,0
62.11419162931565,0.27325230434066755,4.947751430662084,1438.300816060048,0
74.03237212414275,0.2949132472414087,4.470249161858671,1548.8705026441592,0
65.75793905302048,0.1208902121891533,5.412907972870355,1561.0739050387363,0
63.657017341901245,0.16073016840851476,6.22390679072412,1413.6318945171267,0
69.14375712036353,0.1574454793366326,4.5990167940452364,1432.5302500352398,0
61.71806142064501,0.4105908963741999,4.183407831833361,1585.5154749589433,1
65.57080555722254,0.16560799158336909,4.091904464471009,1425.9388768279441,0
60.416976859289214,0.3342100353724908,4.306615813333026,1495.4011400631357,0
85.71780106333111,0.09866944039147124,5.162078819580859,1663.198705773482,1
70.28210841577383,0.12082792270685093,3.288297949157152,1578.386580564909,0
64.40219593605931,0.14507163745214394,5.351336339545861,1506.8184361388453,0
71.71183928587378,0.13234485508427823,5.515130408236924,1567.2584459625004,0
69.10137560247337,0.17856810126732012,3.561537312045696,1495.5262331748786,0
68.23224320373421,0.14329774378228016,4.216655650977921,1581.458546656278,0
74.9133336003474,0.1344526725812341,5.063744783876331,1336.2987654922822,1
76.06006168037844,0.29267775971786625,4.885224215756482,1488.8587202900044,0
65.75599081911578,0.29790348980105325,5.415709974614872,1333.0928074725743,1
65.39345407484257,0.27594371987002525,4.887090542786908,1512.9084150585463,0
67.79958642278685,0.24191991644674626,6.011815621419972,1481.1057681381842,0
51.58463068211532,0.2074194452623642,4.743064480765055,1608.8583877313863,0
57.878471502411585,0.1602375447467273,4.213573610624197,1556.9461894878134,0
80.9349941395562,0.12374739961959265,4.149246506990595,1457.9129849967946,0
83.15974170801027,0.229039656274615,5.588374807425351,1467.5026994735308,0
68.00771168354898,0.10610956859625617,5.023696913565533,1530.4557224183825,0
74.61245570444613,0.12048632566596855,5.506972720580156,1454.1951525957381,0
72.49000123634829,0.29223306049638476,5.490497999383347,1497.4101770892364,0
94.63104646764191,0.35205192333776697,3.3841201177889273,1605.3358451611896,1
78.9565992914766,0.23146361105331847,4.087933919181245,1433.6695853175697,0
68.97665926815387,0.2885165721835716,4.183499967596943,1464.1860507234883,0
62.355676475196596,0.18033213460448133,4.34714864920659,1475.4054123640547,0
57.14842943793942,0.09298606511298528,4.663715738738779,1752.64587409485,0
71.62770908693778,0.24897372948948673,5.799319675693749,1548.6594130005733,0
63.949194037725576,0.24554314586160514,5.9587858819071196,1590.5654671238274,0
58.621970323218605,0.20573348431041955,4.765687335837603,1561.4500569502707,0
64.82741692605978,0.1806099633515911,4.798975310940205,1566.831509278824,0
61.34761597108484,0.27697684628648783,4.435653020754171,1537.885882986583,0
83.49713308058051,0.12114135732580206,5.071350157790835,1529.2215360047273,0
77.0531180555956,0.13809755368874738,5.162016706187149,1383.940427642517,0
69.93621886946706,0.11935147945916577,5.645180444001812,1528.6291645074352,0
81.83955311112021,0.20679783701086618,5.6387509807860425,1491.3325126085633,0
70.61894646118094,0.11296855903125935,3.158305559144759,1543.6365522279596,0
63.10972638937389,0.14526062555878053,4.877964041890306,1494.3312666687643,0
82.18499261815725,0.14353955502182417,6.107280024712083,1561.0531434182394,0
74.31128034947727,0.17915133341328335,4.649508058156067,1575.1946056919344,0
61.70203076538835,0.08101004428768185,5.91139345469063,1267.027198028339,1
68.47729057533114,0.20697639936298137,4.7548385599910485,1465.2885745467233,0
62.995053972921944,0.29978429205317425,5.139938773953571,1351.40904752895,0
58.93760215228531,0.21083930978534096,4.09048744608068,1519.1155643713596,0
77.40942038025312,0.32330569158410566,4.120601153946788,1475.94332977168,0
85.27533312376104,0.306719854870154,5.580393257810412,1608.4662776469283,1
58.81145940944687,0.26221880377982837,5.705454624160532,1516.5795729440702,0
74.50375389352456,0.20597486741095086,5.021143124960394,1461.157601882903,0
64.79485944702539,0.20180003105963518,4.017980605889287,1575.0857231876469,0
66.10299692988244,0.2611039817890608,5.035043645285771,1474.5438033738046,0
65.26084860608904,0.1686663512396774,6.005787968539423,1460.1601955285066,0
63.08807384256147,0.04939833988260289,6.394293176041408,1531.4900331713484,0
70.38817302355862,0.23936032432823678,4.746633654139268,1629.0377111951577,0
63.3523990687117,0.10951450960520231,3.672105719793768,1568.2841526591858,0
72.16365460623871,0.12302870174476924,5.672290879643823,1545.3544772225182,0
69.59809512440691,0.20001791583966305,4.779229522835999,1720.075882681733,0
68.08841562506872,0.19239000979572243,5.754432513248831,1441.4071970912405,0
62.739490703667215,0.08703395149474959,5.224857780014095,1439.6225730446315,0
65.38582935545334,0.21323932513065125,4.29324471539052,1511.6455584351795,0
76.04312980660605,0.2772911728688839,5.046595488527505,1621.2021107283772,0
74.00733750099505,0.10973267437873738,6.046670693643462,1424.6651218964319,0
62.17955804161159,0.30179866646790077,4.880676808826205,1640.3658078050448,0
70.7946584434338,0.07518633398960449,4.1721558692436975,1384.870200847329,0
76.01109698697431,0.36938593154967625,3.7290846651226746,1490.3025559423056,0
56.644757751029026,0.16709916556132134,4.382268250508279,1513.877253253492,0
74.34688153903949,0.21164935974615132,4.671890990583214,1429.3894466945678,0
64.69900992843323,0.04863731420114639,5.655999308733807,1450.301250805424,0
74.56478934874528,0.19502911468245532,4.103320585750702,1563.7304383468531,0
63.89392674765986,0.21827857421745536,6.243001508583709,1615.3244594008986,0
55.560943194683844,0.19310703167204044,3.930278231327047,1330.8311710003184,1
56.9796604969347,0.15495351383581013,6.86518887404547,1514.4189108367452,0
70.38467957329105,0.12427483851777482,6.3804148454035765,1490.9352877107358,0
72.07778001377186,0.2904421295629849,5.112932999510393,1508.591708449916,0
62.76546699916473,0.202464570799836,3.6818451721843264,1474.6586819507038,0
75.108739670219,0.3232601901213418,4.955660750414062,1396.761042435494,0
56.70783950184832,0.15788141161640618,4.690527233610795,1623.3837582435697,0
69.47136161082146,0.16521642453022267,3.980570221559261,1592.746367866456,0
60.31187040190035,0.26524753956769304,5.232807701797954,1491.6808648882493,0
64.78531113758272,0.07016200303971487,4.341085496115484,1460.9349430021325,0
70.37918937053131,0.10292293118776617,4.428075322360335,1451.2447496795296,0
63.11669307772838,0.2877987977082531,4.837057092342116,1293.1477420148417,1
66.9235556461614,0.10624528566214443,4.540072937035437,1528.3056059681928,0
78.05034247371552,0.05447591877579619,6.662525293688024,1562.4258872242276,0
65.38486504381481,0.3494821750458473,4.57142829360036,1511.0321692887815,0
76.68553689652113,0.08849458817006357,5.352704809115581,1493.0930852320198,0
60.962345162739055,0.2147295518662536,5.116417993768289,1510.6706806789268,0
74.23843342332226,0.2055268154179417,5.282200180207098,1431.7419215393938,0
81.5325489652632,-0.024850265329446675,5.343270722888746,1460.0355818103735,0
50.226843998981686,0.1786146381465753,5.705089189284898,1486.6933577414275,0
63.624837956236185,0.23587305995832877,5.213156860494914,1555.7341259811917,0
74.61657701744431,0.22834475052150885,5.179916635909056,1610.3086698636089,0
68.37563691165606,0.2722816547042801,5.046781654774511,1481.6681725621636,0
72.96916698697046,0.1690006948075653,4.88926571812802,1416.4171569947666,0
65.16811850627343,0.25700035536737287,4.270561694671458,1502.8517432610745,0
70.6927182997832,0.14485367455359427,4.951305298063839,1660.9192890071138,0
68.75458211686336,0.087162606686978,5.193013900212427,1423.3754851893013,0
79.34225649327846,0.0961817299455014,5.321731645258236,1570.867259770625,0
72.03536674640971,0.08303116358436684,5.1442278183921895,1606.8768444896484,0
72.70082129660162,0.2807668774312955,4.813635989241173,1471.198811213961,0
66.70498427102027,0.07883411927531549,4.954336077443282,1443.9420337824768,0
66.09915020742005,0.22192310725194428,4.557082812359367,1545.9965346266602,0
66.53953449744303,0.17872606447420536,5.250579192805251,1528.2573418243333,0
73.15561713902638,0.19178811412394947,4.823097417668702,1555.581933705671,0
66.6321241534379,0.309088583615976,5.144448750557976,1665.8967545191845,0
72.3181988551713,0.16492581062277814,5.800642434706042,1513.3637242701252,0
86.60320638916352,0.24892812492397468,4.432512872286064,1404.622012083512,1
76.96899762745353,0.20300506811048893,5.477356304728388,1505.331200173474,0
67.39181174265727,0.18783848754938418,5.026568143908298,1519.3245435364304,0
79.60971137731156,0.3839975299509179,6.616954879664604,1601.37349096706,0
66.73539701582759,0.08469266034277044,4.826959737229192,1484.2588483657837,0
53.69500371857717,0.30313054683499563,5.556131666520853,1467.2745733043691,0
61.935309512660766,0.25251252523919776,5.012282761404782,1390.3044803066728,0
55.03366463179316,0.16163800042945728,3.889356393349205,1543.7930233651305,0
67.18789212766953,0.330345481395329,4.583448723584684,1767.856574843118,0
70.14734703351641,0.052151191008917075,5.7043768843427145,1482.192721279685,0
83.41149849820226,0.15825866741607428,4.653844431513382,1536.156396361756,0
72.6154189901133,0.10332142365847391,3.223794948128309,1456.173371734803,0
68.24719576952909,0.2329666771897168,4.974877586460397,1397.4972064003327,0
76.63524464946791,0.1109548719050258,4.126130961639191,1534.7388751360425,0
52.31091752793692,0.23464511573930555,5.105454186077375,1502.2550626749753,0
71.88491646486852,0.18508508673427568,6.240917665118415,1309.1556685547341,1
76.16692155109574,0.16165168458751328,5.615565848642323,1628.8022972592096,0
58.171310033761266,0.23109177968266487,6.229324662991982,1533.2771501069692,0
79.15003234565543,0.17851027008495488,4.550790382844407,1505.9116440082882,0
72.70797125995531,0.11290921255527692,4.885466933091574,1466.2418508726153,0
66.67769668879359,0.4241098391707983,4.164451042553776,1532.4235288394473,1
75.06225492885028,0.16102662535766843,4.452765243967924,1536.1116761932828,0
88.16554286243516,0.022591273587838828,4.258492134171056,1532.1057098981369,1
71.45493004046796,0.13263210482228893,3.954621624630434,1585.4394435602792,0
71.98576469040269,0.0986178649301816,6.092685300265073,1603.6216987066675,0
66.32511280367805,0.26609164928324125,3.326431763978862,1660.4474450894718,0
63.20124504428166,0.22573221276732688,6.096111123843645,1433.0526254041022,0
76.64268653235396,0.23189702414322755,5.996847139936185,1454.1262788986226,0
63.15132939272906,0.17039820273302048,5.399834140383199,1528.8945733633311,0
70.57252989775515,0.1776519802354463,4.108394185524745,1437.6727313009771,0
66.17874042587907,0.17032551171138655,3.7342599108454344,1450.5587942102225,0
73.83183860597113,0.19350454526916244,4.561277054989149,1538.0183665205304,0
72.66929684229558,0.2668266748291868,5.500096365071939,1572.067388398388,0
78.3003195540632,0.22688603300042773,5.00245090995254,1602.074236222309,0
65.91986880916203,0.24000902636966934,4.165200403924194,1484.5908468993919,0
67.84100051765303,0.23996471265993624,5.918563827725192,1537.0522370830377,0
62.169890273741544,0.270755394990539,6.34750666254523,1519.4206188715016,0
66.4456539193911,0.2230520033232204,4.818720668788322,1501.412595614399,0
73.01840394435882,0.22870784581431353,5.087469522877877,1434.7192667833585,0
76.05590893316281,0.29510449929545257,3.792921053096403,1424.5431128637983,0
62.622677406578994,0.14679632655975106,4.668490627112772,1553.3339823964766,0
76.95684736084529,0.13154059360387943,5.408351982400795,1433.3744496092638,0
80.8451028704396,0.10512627206505154,5.283885232206222,1357.8464940138379,0
73.3074792257896,0.2146331650896205,4.593865720632235,1497.4590941367849,0
85.01436650046453,0.051701420702470136,4.780605193218842,1616.41922417198,1
63.80968640717141,0.2369723276847742,4.642231410764358,1276.4119649278207,1
60.042762373508666,0.1912645524399558,4.777228229025292,1476.9335781477191,0
55.77023800876577,0.2907711759856846,5.338587842014501,1554.0171892260987,0
81.96835449191346,0.14624661516280077,3.425970331704702,1354.1202853428158,0
75.23492525083246,0.18373453716659946,4.940520388153662,1482.9333667039134,0
69.55532263271635,0.2897762666634695,5.279980428500552,1408.8434204357966,0
72.23974901055857,0.3106508517422522,4.543612251487138,1419.4257508794492,0
60.996087621612986,0.1455878107398544,4.616533564828095,1467.8065433838383,0
89.56601583693461,0.21454249860697283,4.639684447347641,1410.1481687894263,1
71.03376945580182,0.22355351821472386,4.616760021170272,1403.495943747855,0
70.87515835683914,0.22989227244969188,5.004707022280299,1495.2614598766397,0
75.80613299118954,0.17899394725475024,5.103202206411027,1678.1711248428549,0
73.84807385389371,0.3025106718498908,3.3195885470129602,1560.6194653958285,0
71.79107219423305,0.048823721310276375,5.522304297177831,1580.8426213630685,0
63.6762043564375,0.16630958121591327,4.768000892522433,1563.7809950735075,0
73.77174685708796,0.23583445862183577,6.546370540374827,1444.1989109856627,0
85.05619597180026,0.2365779849559475,4.046681168881033,1524.866578329293,1
80.76336036923982,0.3082207224491811,4.306148392996535,1587.8155408753867,0
82.74549301311518,0.29585803145610295,4.837672817133391,1566.2669974225432,0
65.91027458855052,0.17715666997542212,5.330580359748828,1515.564080589471,0
62.08316143793135,0.30398969948244836,3.4393861381027984,1541.6037195355116,0
68.99370463920282,0.14287666049780362,4.336719958307114,1697.0299172135321,0
70.44579929830955,0.274470990623347,5.473056128459075,1567.1554573725077,0
78.75353214776759,0.34484179827367945,4.2415008428539664,1474.787251424188,0
56.46028296228145,0.29719552854839754,6.096021101100982,1494.0770394988322,0
82.2364025556849,0.20846163068192985,4.6368931209207425,1415.6678882726842,0
68.73593681136809,0.17345769825823024,4.280501438926483,1687.7628758357037,0
66.58495144042064,0.0777126962992571,5.488195406231616,1628.3095780354836,0
61.90316499791866,0.22484317103313634,6.286093909459558,1506.657042901769,0
56.76114662507385,0.11078262176232648,5.333117006995117,1674.4656095013422,0
76.58536467169532,0.13654922691088506,6.008343519378607,1550.5920035963982,0
70.58654373750723,0.10474033594106628,6.341308272509571,1465.5322865907347,0
59.68031280207157,0.1631686133874676,4.262513056057937,1572.5162032415838,0
59.63936982349107,0.19776244684104144,5.750713067247669,1531.8914777437321,0
67.31372240567897,0.22188916649325643,3.7812235925571622,1567.0285422621118,0
83.35217220231515,0.15195946916688294,5.339922025429108,1390.4726512275026,0
67.92326918909116,0.2855426965116147,4.942945687588145,1435.1748674242185,0
57.974856375055154,0.18334357936080273,5.99436016243365,1619.077666409854,0
68.03405548731244,0.1369822053387585,5.937801210387873,1635.4509993251245,0
67.81821144201864,0.21810338137947494,5.455826680427522,1613.2090181574445,0
48.42490685646743,0.35708422668350526,5.238742319586255,1677.4917522869487,0
69.5656410678575,0.22681284532280943,5.406694941377561,1546.189463857109,0
68.15252375833057,0.17097154981011145,5.049416697101236,1540.5666690264345,0
75.56965091850735,0.07780309151050369,4.951043407113677,1426.943447902095,0
84.79164875956276,0.18244701432223437,6.154062537801954,1453.5574847322955,0
79.01252023638206,0.21879425000704927,6.250311855742542,1340.9391262152358,1
67.84889047556136,0.16899352869955442,4.886672641838234,1474.2811190105836,0
61.14779273006664,0.06676922894072004,5.190109122408596,1335.3179128933402,1
90.58687842599889,0.1319547688397253,5.065324179818219,1586.4772936690956,1
70.4737474721159,0.3163630768710206,3.710641246450244,1531.0719094840363,0
70.11143433530357,0.3147200802984369,4.730851537910395,1337.9064602883127,1
69.80699930311998,0.12906886646363216,6.279763360838483,1484.8109046269215,0
71.58467808614284,0.25382054297595374,4.4001792999745515,1657.41244978788,0
68.84511670460846,0.10571417721838611,6.691634769841041,1489.9467079331405,0
65.41070394495812,0.3123453025595962,5.937701047671506,1420.1303245089607,0
65.62512847007686,0.21961886783153892,5.321198520436967,1357.1598184555808,0
69.73797383827201,0.2759713198893227,5.448674628781136,1359.548271004489,0
65.65260183092988,0.06279253222539691,4.2662346429319795,1542.84639742848,0
64.29723373858269,0.2542109681539911,4.787816998220238,1465.2901902140204,0
70.85144182153518,0.19938607490523974,6.1531192882574075,1471.920468672045,0
67.96018226063316,0.2681543256632674,4.508376528661174,1465.6202669244824,0
82.0319439086615,0.27318942384782796,5.848905405559039,1488.7808040428206,0
48.792241532855904,0.20526277515797997,3.898367848450353,1401.8269601037562,0
78.7320548153797,0.15193362887232684,4.041473270019991,1525.2883994951503,0
79.96868153998103,0.26237569457435955,6.521107732469053,1386.1835004994643,0
53.412878140734804,0.1951876400475898,4.9905302830077405,1439.5326033566996,0
67.25849924735721,0.13017720371778863,4.569200090404527,1580.86621581321,0
67.02847307203366,0.12638782148338515,6.09019266159917,1530.0963999780151,0
58.73990644225743,0.08182684669500948,5.9966572439708035,1554.8545476961106,0
63.777466499273,0.15917670723495495,5.73660365220579,1672.0310714254308,0
61.11539323627337,0.2882153636859503,4.5440816644703155,1495.22767917564,0
84.01816354738898,0.21422638397643476,4.77046593924986,1501.7168208019982,0
77.48542714517968,0.15761858352615676,5.249303058979784,1478.8543235319728,0
80.17244075995328,0.2643884750544064,5.55551947371779,1464.5268682086282,0
75.77337651234588,0.1334018702621289,4.593213140785171,1419.152733808497,0
60.967585830262166,0.2076280219466223,5.136589688496557,1506.7251848956682,0
65.80383786976181,0.18562957018195878,5.213913040637925,1528.4038885276925,0
73.91499648982334,0.2623304500470682,6.029415805100203,1532.8616271354317,0
60.22297752886443,0.07382173032643996,5.603572663148095,1505.1491061493662,0
75.7039874413791,0.13198418033482756,3.7945586841317676,1574.0936643855985,0
68.07739681473493,0.06894034727243734,4.829095753211692,1502.354935259391,0
67.00143353960323,0.1792322622552584,4.2569733040132665,1467.2558489412831,0
75.68767974562793,0.29691420029059445,5.454469936489339,1425.8409454420387,0
73.55410649188832,0.15956422322771785,5.738522680404035,1376.0819830737657,0
67.11227067344736,0.15914528494434796,5.0812447884881955,1616.8332142349188,0
79.27463842691398,0.26973795393473093,4.78549837549772,1444.0756299610136,0
61.35149337920082,0.285483964676424,5.055335834428787,1425.9466285370165,0
74.92748485555411,0.1929143146184968,5.167135418782204,1466.5969417338422,0
74.74481006374707,0.2547771883239914,4.487920278626475,1477.7288970772963,0
67.52362848548808,0.1138436367297643,4.025031119384508,1631.080994872222,0
72.60906417793694,0.3102379467140331,3.3598887659557173,1473.7482317527063,0
59.991091388917575,0.3718965035149641,6.013745705391107,1710.6706852321315,0
77.39221615365521,0.241697263295098,5.397092994907973,1505.0957763722547,0
68.52078290845608,0.03325347029257597,5.290008809075338,1664.5622599177007,0
65.81821583584768,0.15534157900817727,6.01215911036236,1571.5143425144577,0
78.39207380669511,0.2490260257335457,3.9956255922460664,1528.882993587581,0
64.36525047565793,0.166281360226691,3.611495299315985,1626.227850658999,0
58.732309629091525,0.3017758843400078,5.307385533215272,1589.778383515224,0
57.54696661180877,0.24705258115486922,5.234617100354744,1550.7743267348872,0
74.84807961076511,0.14348195993873628,3.614954552261797,1685.4075207817355,0
59.75656518002974,0.20258118486170024,5.287616849712378,1460.1285830437103,0
84.03835345587491,0.1284933423488728,4.6798216380803455,1420.4069059230615,0
53.344564736930224,0.18539320972700465,4.354329552209935,1445.9015406550436,0
83.5716509463203,0.15563254076539587,4.7332610333740694,1640.1818552066843,0
71.68813973762094,0.29398094401864305,3.0467771432652238,1616.0608016868878,0
69.22629510503685,0.36928096454647963,4.526900621286449,1457.9790480415693,0
65.6406473055284,0.08550493334113984,4.436564344412637,1311.6278969924906,1
73.19308891481657,0.04614269710321983,5.445681957548912,1483.5323970897023,0
69.69892238060122,0.18038620625188914,4.873415890791291,1418.9388553126983,0
78.82641505613218,0.0785267440937054,5.511095098943105,1460.4851222808436,0
70.91382118929631,0.2036969282936734,2.960368524210655,1415.6472761803266,0
71.20241409169502,0.25991488910447413,4.328721421943161,1371.236953841678,0
67.09110230228916,0.319531351781346,5.444797641257155,1650.6563494664722,0
69.54443501023147,0.2161115646972225,4.752908295541476,1445.3065436845266,0
72.46241415113647,0.1845475820120337,5.676368426379494,1613.0134242607332,0
56.318652858746994,0.04172920667415328,3.556317672488621,1482.2903272122514,0
59.214516623154296,0.2020948119348639,5.584888671751579,1409.5356636358044,0
75.94611275218172,0.20570298084395694,4.488688625771967,1540.7254711943203,0
71.36692350502354,0.25111654513701964,4.41104233249386,1468.7154514453657,0
68.52813330917857,0.14332095187767271,5.792837637541961,1483.4319115469402,0
70.14747146452315,0.16519579198113124,5.929520903965205,1511.5924747471815,0
72.78065364289337,0.08175981957566526,5.827759756869826,1435.0229731401048,0
65.68192255752511,0.016696575449274803,6.6309135400386126,1370.3090916703713,0
63.7735621967815,0.11132023273625735,6.013442886754667,1495.898430821253,0
71.56676204078146,0.07437393485975868,4.363650733014161,1577.1134162107069,0
62.17301777907974,0.22693698363364892,5.11331050250852,1427.8726992870595,0
73.26602204571577,0.15854927546665143,4.711841673212052,1512.3169813012507,0
56.37933116609727,0.15694102959401687,6.623271887959253,1620.4405718839357,0
78.23324509860515,0.12124695630598305,5.883895963758968,1492.8188090180922,0
73.78077985930435,-0.058605234600994704,4.848895890629235,1506.8875497436686,0
72.048237874511,0.32066485989980403,5.702327838202402,1504.4169882880308,0
77.8615278715641,0.11997835817785694,4.014241226949516,1445.4124459285551,0
83.32379555570061,0.16700639441200746,5.200209390116378,1420.53163852533,0
78.11496052014505,0.08360862677685517,4.249662005917532,1420.859010454314,0
55.27300614934684,0.2777544274752507,3.6491262394980746,1529.4546557605818,0
59.763384266114386,0.21147431496298597,5.627628990023867,1560.6297889546195,0
65.00145137843457,0.13389077717873052,5.726872876150042,1564.406579075028,0
70.20872840168667,0.1686216310924781,5.365770108969589,1469.716571699563,0
74.14127216375299,0.3342543937699896,4.853626367546799,1587.4646832744518,0
64.19404949477227,0.19416244544949773,3.9869130761228724,1524.589105560834,0
71.49413411581662,0.18546131699072754,4.0709225034262015,1505.6593777432815,0
63.95693654117342,0.12468948110885879,4.224576016208962,1232.851466991713,1
65.10785757606442,0.048433507962215766,4.813061366620061,1434.6072310714894,0
58.74671122521422,0.18719690611365244,5.8609429868839324,1378.312167821018,0
62.61413403111277,0.22603880898596942,5.848323368862922,1550.1658805651286,0
59.18652315506933,0.28796675714621356,3.6811459203096986,1507.6026665544025,0
62.19301397618134,0.020120277240027573,4.445413330626442,1414.2410890891913,0
78.42913437286272,0.10999229383815769,4.423871184342529,1524.349004677413,0
62.40480888934446,0.15354071275548398,2.9747334971990034,1386.1206107034923,0
91.05905651869912,0.19972153211414387,5.452896757559926,1416.4989521385933,1
73.94654320704711,0.18839730467772622,4.803072140545183,1443.1822935308048,0
71.47868898955899,0.19026490514501845,4.909485970695219,1543.210905747589,0
63.13313775855029,0.23264768468559557,6.076696846700511,1611.9553343363123,0
75.60247903527193,0.12773655113767127,5.070647210627485,1453.1193241324852,0
65.39489739009781,0.27473131537869555,4.6554156280271854,1605.796691328662,0
70.97607851716289,0.23467619533595846,5.457662096803954,1503.7922840489168,0
90.48067630615036,0.17441341886975367,5.84709747726045,1518.8910528740178,1
69.2315208022028,0.32807263935111325,5.23717405283938,1494.8956353818044,0
79.19418661028541,0.3245132828457414,5.551351678958519,1484.2148997291147,0
64.3745885989929,0.2746316284155047,4.883545880205692,1535.144002939114,0
69.7200920760243,-0.041484541645423395,4.93451380291227,1559.2256948945635,0
84.16640508508408,0.32631560741743804,5.090416568239063,1429.2310957091318,0
64.98426353769786,0.26358068179775473,4.3975032396538705,1484.8559624344396,0
84.49958846397543,0.360512691017035,4.54555070850432,1633.5420077778613,0
75.6620154836438,0.2989971673386831,6.102303713454779,1514.175092345482,0
65.50026579284585,0.3262674141997829,6.606364876689857,1522.935508354332,0
75.05926191244417,0.27029238801443034,6.273758331230544,1593.381483117394,0
77.78043559701383,0.30789545589164097,3.9413941145851616,1459.9004400572271,0
74.97447969773756,0.3595298992587552,3.8641139723320217,1497.2831502478998,0
57.43820224087635,0.21732437907025648,4.047432454443872,1565.3475917278863,0
64.18290259340105,0.07422155647374964,5.107509953503585,1599.1121785022674,0
68.01985091558797,0.17540312799878863,2.753020326113869,1310.7885365195668,1
69.40453256719962,0.23119564795067496,4.528958746704399,1441.06649672837,0
74.96537678040542,0.20599100674972462,6.125679431328891,1420.130775492058,0
71.42160800746603,0.1002750427072459,5.785951064583126,1490.0939917286362,0
59.31724513031919,0.06951458998440169,4.592724279541194,1426.1861778725226,0
73.0415828080477,0.14070698650921368,4.65331564706349,1553.1284399607928,0
74.88468596227058,0.2646191644787321,5.453793365445524,1513.7928272839122,0
74.47832358344832,0.32642718166583756,5.748215004195359,1571.1352135483332,0
78.64624580443697,0.27332540910221614,4.5734901858081916,1576.2406365898855,0
76.67137723639124,0.2845941829691309,4.81250718262445,1554.3268814732678,0
73.6734406338275,0.1935347541469154,4.547192217183981,1473.136755911198,0
69.43867430833082,0.06063340338352288,3.934920446899829,1508.3422031005298,0
56.71231253187207,0.16358235352938358,4.824205001582548,1463.130087574416,0
73.43694575306068,0.1792988470502097,4.763257967832989,1390.8211748824167,0
71.66150149730488,0.16023580105314544,3.991484707209075,1576.3030277670173,0
72.172630697563,0.2043755892299701,5.516864750110184,1493.2748298184563,0
59.786011393437526,0.23531358079143605,5.386656542900711,1379.7910428700309,0
61.3515476767339,0.26824121505947984,5.556575760676061,1542.955965687008,0
78.42522282666323,0.1777504108506933,4.385543715628506,1482.0840865901803,0
69.68355876914676,0.04769924754843252,3.413139457508282,1335.2156821903297,1
75.452005578981,0.16136978245670922,5.37386490371652,1390.1016582028258,0
70.22654700904368,0.20349683175935873,4.468709828296229,1443.9511073071124,0
70.23804911596596,0.2978246337706727,4.287465493403439,1516.8409646755108,0
77.50627044780798,0.15457537262527157,3.994357540285246,1563.041598804045,0
65.87164217426101,0.24100349027195217,4.779741977530277,1560.3015144558044,0
70.76896621552787,0.2232070319708346,6.261861837640378,1548.2290363944242,0
66.30179769035966,0.20351204264987108,4.5956403829155885,1497.2510102646418,0
66.52403018054147,0.2744426655459673,4.128157564666453,1637.7785848478575,0
67.52662301225088,0.14713270425979355,5.5215467208240225,1555.9896995199908,0
71.7770701730697,0.15398508402851868,5.138249823817027,1517.768429539383,0
66.17001102669218,0.19904793415246178,3.304558905849434,1545.3270484584289,0
80.04604900458817,0.148788279592504,5.529877055802629,1468.0771997475517,0
62.843141582243966,0.24064098328436798,6.7027742148012806,1495.4205119172036,0
68.50502684670913,0.14294461565070937,2.919571258056781,1333.443676835875,1
66.4821515338066,0.21810433661961076,4.011435180782301,1469.0601870017917,0
81.57582307482986,0.19198617849705948,2.721178329078715,1640.791041261342,0
71.57243821209259,0.21719407718213646,4.939756463407332,1511.8700221829677,0
78.25475631574908,0.16322068839495688,5.792308989289082,1508.5391821889289,0
58.11551701570423,0.17287293643785384,5.084400599837023,1579.8883276119425,0
72.13640212695407,0.207680741439764,6.113596558490135,1528.6260332497902,0
77.1170463649875,0.21616596049290504,5.664440232264107,1437.0812956594725,0
70.6582719142034,0.19966384676870752,6.361717858801741,1501.8926009752258,0
78.52384300052282,0.33642898852104675,5.928168614485676,1409.1824700257189,0
65.86169239919703,0.12074104650069727,4.677645545112396,1514.6889736496228,0
81.27477952148465,0.19486369640378293,5.053381164987872,1432.9800038076846,0
88.391184988954,0.07410967823064124,4.305058467615222,1574.2635689626995,1
67.09729151648273,0.22976651829339093,4.815475064905561,1459.1807502582938,0
66.43597982879382,0.11078027708985488,5.049465337614496,1434.0236872692365,0
81.62707581694161,0.17773517952987392,4.932074141171717,1490.9734409350817,0
82.6365771658457,0.17023485397349394,6.0738028210428885,1529.231345530377,0
65.81711978277386,0.22247129012809375,4.735865549994536,1403.4134402528127,0
66.63850546323314,0.1557767265963856,4.254330869154114,1458.2986722141131,0
67.74572312911594,0.15237554418448143,4.30431117207745,1508.4129844554723,0
59.24439591172578,0.31486851712687186,5.524080217298025,1607.0694839629223,0
62.650784428126414,0.2227653432379621,3.8774892735288002,1297.702738856498,1
61.96687386598346,0.15511593183821856,4.839051063879266,1549.213056294659,0
63.85761947916697,0.17993330625510154,6.062000196364337,1469.3147548475115,0
69.72252090090575,0.3316283961816596,5.234078756592664,1460.4311722483465,0
71.87371786029216,0.18118680973991225,4.940315688704996,1445.5098431891392,0
82.40400394251262,0.144857870147809,4.971271677089256,1470.8883533092594,0
62.01316767408967,0.1452003079898886,4.176348326218262,1549.6653760729596,0
77.87457918781267,0.15606988152083381,4.314292231652367,1457.057082307578,0
68.28808924619592,0.15244018220586222,4.843854661668338,1632.6873612650897,0
69.60429032278054,0.09762817213206057,5.217018424087435,1549.9093427433925,0
75.39855593733283,0.11006399224424177,5.758520009441689,1515.8377700122296,0
61.018223827501615,0.13365437005109043,5.0740484937371475,1486.7155105746701,0
73.0592779694724,0.24732568147624784,6.082219340603398,1595.1883363062482,0
71.33161766570444,0.16950101701817014,6.284158412167621,1606.8815749406651,0
73.9396101120652,0.18342706487247679,5.636213769985763,1407.0894282196605,0
72.31334915126254,0.3016070420203918,5.979985126444708,1443.8481515680728,0
89.64240111928716,0.30360057199507345,4.207429182889524,1550.770416511362,1
64.89808012598947,0.17743000454898122,4.08064085224955,1574.9344755555219,0
65.75202435998546,0.1495309191453273,5.414378701032133,1475.9727561352586,0
65.01487578860188,0.13084557490611698,3.927032150506362,1440.6044112229997,0
65.55618304671796,0.25542206157665903,4.7677025247872535,1506.2890100773236,0
64.90090298154786,0.183623421318217,5.616953524263791,1618.1354744596788,0
79.51213224886041,0.1690804087741768,6.130698339748165,1503.2827408041715,0
81.36403398391884,0.13490683398899578,4.796627479769548,1398.8847384139895,0
65.43402965000419,0.13842668727908894,4.4800445637538475,1508.7666582061936,0
63.34115541516617,0.22560465531945958,5.256369297209266,1562.6198456983882,0
73.77132445109123,0.09476493872901905,4.141165245180888,1491.8898150920193,0
65.58221564575223,0.2795894955030351,4.861377081365259,1600.6533449987128,0
75.06345454204408,0.15729242849480654,4.993599961378975,1569.2679228413988,0
71.6233841668104,0.18802912445985662,4.977612805863364,1495.0592861042917,0
57.874047080022144,0.09304176334875566,5.070802779054305,1503.451521571237,0
82.38004161064049,0.19901072494061084,4.332388115542287,1352.659223585342,0
84.36702138476417,0.1737343245847552,4.418405605905266,1596.818137992973,0
65.09769047612491,0.19599355209148267,4.402306991173904,1473.6386121063751,0
66.89838752051213,0.31773671186895125,3.703924528643954,1468.0034608578922,0
72.28692312579923,0.2142158436632192,5.273464257476885,1456.0117114778066,0
72.6756543198962,0.1364272652683357,5.715725961353604,1536.5358049992076,0
75.26835418138265,0.14309440715627456,5.637048066282829,1409.7045599389874,0
86.08163631013079,0.2476104948731015,4.790002511631396,1421.2661774629964,1
68.58442218004761,0.3038954632794739,4.35119580842889,1495.7979918640517,0
63.613622043692374,0.222553441660084,5.595451713890151,1449.8789334732105,0
58.965446175883784,0.2550970195643816,5.511138417899641,1526.8186858698466,0
64.15255968046465,0.2487790178669364,5.1739365139490365,1452.8088576507055,0
69.73498421700963,0.3135251530686017,6.395449001938618,1627.602901150047,0
84.3564629081423,0.04403278618191739,4.97885958290635,1555.4766005427523,0
65.85910960771062,0.25337751514436224,4.794488012860089,1554.4708969903159,0
71.79030361311119,0.2786988835122851,4.68014613514032,1451.6030596942953,0
69.86861683141798,0.09290210350915414,3.751297834815354,1692.454373955156,0
79.50714618758467,0.1291465452794867,5.529071971313834,1464.8791188580537,0
90.21545940698897,0.13193738010974773,4.915611706273779,1442.8951778167907,1
65.75304981663743,0.14169678428980934,5.407944993085437,1556.5394077564279,0
66.08448445985422,0.16146263592515792,6.4735024016729925,1515.6182506352266,0
78.35328701655257,0.21940822504439533,4.687398584076306,1434.5292552607057,0
75.45513191701049,0.2692539720933896,3.129593026566759,1675.6677729670864,0
84.77365860588827,0.2865053566214829,5.384856295608618,1578.047959855427,0
74.67142548260772,0.13297415510657745,5.13348751191414,1500.320424101435,0
67.12566327370352,0.1324237601037614,4.414036899222944,1692.0888104866608,0
74.72523864553847,0.30526574720129784,5.317813068497198,1564.8624115430603,0
78.86962864466327,0.25173951483349155,5.6288770560835,1499.0479224165686,0
76.56385744957892,0.2066291873495197,4.242712071830762,1682.5150116141542,0
74.05819224885838,0.23786693404439738,4.758934510877294,1552.7187786779366,0
78.53339751671324,0.19761569745188476,6.181402983879142,1549.2196209856295,0
79.35436472356538,0.24196677464380917,4.422702247016508,1469.09218982716,0
81.05727192830022,0.17311466427954078,5.053335804331028,1503.9530788559719,0
75.18967910071714,0.22150439475513847,2.9004710671648923,1467.1445603308628,0
68.66305535746517,0.0791563159704403,3.814523599134964,1615.1788596833162,0
71.17370949146658,0.14497725641396553,5.12601399786624,1371.246868526603,0
79.65207173206686,0.14583910585677254,5.982390247668481,1609.2696346451878,0
63.46451463210211,0.17004879734344688,3.910376254399199,1429.8125977041645,0
72.94938647098321,0.12587893961762014,5.059651249648398,1495.3663037469191,0
66.85328950138111,0.15731650993415347,4.699425672757027,1476.3826889740617,0
70.22995858347853,0.07884687500815037,5.762470443993995,1458.3878010803835,0
80.22761490085838,0.24389603811159205,4.0257573557419315,1555.1827318508394,0
71.52879254415923,0.19339891848708846,5.344062118693988,1499.5848629336954,0
70.37149238524918,0.06358339137791866,4.477047450402995,1446.584099188089,0
59.12115087216065,0.13321360715626618,5.17843041986118,1512.3196424142236,0
75.97002852821777,0.22692811420497336,5.055144841846778,1444.3130618666792,0
75.1638734491286,0.15655824428913684,4.798576740685906,1456.9779600798863,0
87.30603778644368,0.14424468318895228,5.382249477015508,1380.2189528768956,1
67.537774120376,0.1940325858393539,5.034922187442369,1463.975280521219,0
71.75320262131152,0.22748780281425732,4.893754958338644,1539.5363621115628,0
71.99506946968604,0.08509180343686716,4.714866772781805,1502.9699934366429,0
82.6196262381078,0.24401027849743037,5.06207871179627,1645.2050935178513,0
69.23763574090438,0.13597653747140986,5.177634838516858,1709.0253978977044,0
72.23217220616272,0.19856576254001612,4.208686335935504,1462.8625282943422,0
74.86317207773232,0.19716638874467926,4.720423009666098,1433.334579383657,0
71.49287298525087,0.15783471054081807,4.155851244295062,1590.3853237087155,0
66.42853108359577,0.11810722030954286,4.968123661775372,1526.8166593626036,0
71.55271994318646,0.17714507615261893,4.526134236116778,1590.8699421611977,0
78.58905399887817,0.3300264247260156,5.616626518385004,1531.9064584963608,0
61.78787760471152,0.09106599756290953,5.538181582205352,1484.451372265938,0
71.06375739317501,0.3353850415283901,4.261801149148504,1484.9051961424977,0
64.39903348048661,0.17922230631387742,4.99815412368122,1534.622142269284,0
79.56037303139874,0.20282971336709113,5.510813263398691,1483.1108883428112,0
57.8145047617298,0.11306313508922183,4.8597533438687766,1597.5600994558295,0
65.5286252218273,0.13829844666580154,4.417425980155564,1395.8130208399043,0
73.01769500051617,0.15976722799695847,4.126077177564163,1597.1314908848876,0
82.52419223387473,0.11634440232976703,5.68341404926269,1350.127940166717,0
69.47399791141609,0.18328656341033028,5.722170518627976,1511.6081829088978,0
65.55840378645442,0.16743872865545834,4.833641920900761,1473.5165815501161,0
85.04925655552472,0.3480624913948587,5.612910067621342,1378.6915437079056,1
58.415888796670046,0.10672206514556312,2.6278315760917272,1335.1984466657009,1
52.409552347039345,0.208215241339887,6.062043720567389,1412.1988263915864,0
73.52011560042666,0.21982770255214598,4.874444155778257,1503.6547461248272,0
65.98356620517912,0.11437435610785301,5.113421248639591,1451.8252696976226,0
61.8301374629543,0.2549461996362271,4.743585821067224,1416.7240879063058,0
75.66685157839483,0.16813383896946976,6.116565985494004,1608.1824866337909,0
71.95040571016959,0.0006088278733546171,4.151414700835573,1401.4252257657151,0
65.48737095410617,0.2527879689683652,6.1795682612854685,1554.3293865239557,0
59.75756481063284,0.1106447292718109,5.317016736756089,1428.8802393294236,0
76.97965862624116,0.11617800430887208,5.498131372734527,1410.175525347315,0
75.20160942366928,0.2550321666313919,4.736636349336867,1451.6929098461687,0
69.20659308976494,0.17222708140652404,3.9534246416829033,1549.593283776329,0
84.77309596838133,0.27342177204412005,5.744408612428881,1390.2827394721535,0
61.43932186939078,0.29681328762922554,5.2491266809514645,1522.996420840536,0
57.795798632602086,0.1484057231742162,6.089298766647055,1423.1392001862891,0
64.46473544095005,0.26346099967640246,4.844978943827441,1437.5386503803159,0
69.63531186915601,0.13956313588856945,4.6646148968808685,1532.051327123285,0
71.94671559458153,0.37864927337057414,6.110470589312242,1673.8786263955583,0
68.07011153714936,0.1445634396375028,6.529515331597955,1427.1186408009921,0
72.81644317211438,0.28208699527680037,5.007477741092584,1557.5904466925601,0
59.98768460647645,0.2675032020705261,4.397794002514315,1474.983009821363,0
81.55011683258607,0.22528702576871473,5.64842461023164,1462.0205236162562,0
69.34279057285946,0.14635654708666535,4.796783547063461,1585.7100807800123,0
78.93836665270501,0.18788820064468728,5.4794102603206385,1432.5181751312089,0
72.74180277102164,0.02771295096443585,4.7925792204969975,1407.6709418564196,0
73.65402575323027,0.21795360307058004,6.251211214569451,1536.814063617527,0
74.55813824185763,0.22796922648227083,4.44040839595944,1627.5827037189397,0
73.58166848013852,0.21067995352490973,5.384423730017568,1559.9995764232922,0
75.14178207894035,-0.037864493703404584,4.609038423814301,1387.4386095410773,0
80.63322024105945,0.09874908439281513,4.774794750863385,1450.7733564824866,0
71.57216935761176,0.140152721372107,4.6703554761915385,1578.3678593261448,0
75.6720300607081,0.2233327146551237,5.590886452874733,1626.488817432688,0
69.28211444570219,0.22314711245143876,5.734690491947097,1518.2969060219536,0
81.52093772359578,0.18638209664230568,5.446191063145897,1453.6661972713766,0
64.58886158352584,0.25081964292831654,4.9136132266037835,1631.6815071494896,0
84.40752346328652,0.11790060997576801,5.112144024801275,1494.0325131875866,0
69.67873639484526,0.2488188004555197,5.718177254767539,1451.5353140676511,0
58.55379918305562,0.2379793683871913,5.743449269766084,1438.0053969459973,0
71.02483531928631,0.23020437862703286,2.8477794949171717,1404.3985322408917,0
64.55158674020095,0.18543676551314756,4.782222262581843,1726.686434356528,0
76.7251483919098,0.346459505986501,4.8205929668484115,1613.6766292368472,0
64.77900816558088,0.2394556550791903,5.535402051300929,1447.4965347159778,0
66.43053253428177,0.1225331309397153,4.946583345831403,1638.5460741377533,0
54.88367415243575,0.21986443805887876,5.57534670475943,1542.6641738722521,0
66.38154944600738,0.2601986701659375,4.137071383175558,1537.928640105532,0
50.60896538696835,0.15295131208605525,5.208043612368624,1442.5666375907176,0
57.32877741211421,0.28714177975448796,5.720164522760395,1458.8698257483243,0
76.08331724915438,0.23056269645728086,3.8204937045454814,1496.6060772333408,0
76.28640126920666,0.012601732986772252,7.010914774567123,1342.75608044479,1
73.40366049427972,0.22397375818703413,5.952708746293215,1461.0543885280745,0
62.264190854966294,0.16751766764698278,5.001082641972514,1500.359170498674,0
69.61830915086416,0.24297438516333889,4.337273514208985,1604.761512517379,0
69.97117968727545,0.27553718722014514,4.859931879781035,1450.6761963145143,0
60.73308248645966,0.21561296377134545,5.067041887689072,1564.9710488891578,0
82.0271864141372,0.33322017871557563,5.3525300454496385,1335.1604943943066,1
77.01889832460537,0.18570344923492035,6.200528679568025,1593.3624140378188,0
68.23228660936269,0.24998542584431002,4.619121224445723,1427.9722426310589,0
70.21508671195625,0.2643954058909878,5.450167870058049,1510.421837525981,0
71.66706246358042,0.1922123224885814,3.96605666991991,1532.5074495343374,0
53.666121052605675,0.2623019446382226,4.669119428539786,1516.8143645884688,0
68.02258093983522,0.1524261610270265,5.301373478295487,1491.4576193076828,0
64.54412601601761,0.16619452647830252,5.553009992807044,1400.6786971701367,0
61.98703992084067,0.09500090477309502,4.397414018668304,1428.8367265368406,0
67.75119765691237,0.21931272930960377,4.647366643190469,1579.7145554577282,0
84.38149221479618,0.22602013406834753,6.168445308466836,1452.2098032965268,0
75.12674289013609,0.29434105268633837,5.929526895702436,1491.7363525309206,0
65.43056808173762,0.2632912003484707,5.1667657736418935,1380.6330994327534,0
74.58066225084927,0.17721635546820536,3.2106838774234276,1568.6858689219941,0
81.19484349268802,0.10574562501325785,7.008906038152007,1394.4413567887927,1
77.39706946330215,0.23462803220159795,4.984054750674204,1573.2770246881685,0
70.4770429593614,0.2888602537931714,4.7499463535829385,1414.9830591485252,0
64.82450577835542,0.2604147979043155,4.582112059316708,1581.160642426222,0
75.58578650890873,0.28675820198858304,5.301093629759287,1500.815433224506,0
73.147883083374,0.1830488375041406,5.309266071336744,1455.2994082842329,0
77.16154576022186,0.16267048254594837,5.76050229850121,1628.03214043585,0
75.08137441345576,0.1410478918214561,4.25915026852079,1494.4916005745413,0
78.39642172255468,0.19552828267091238,4.7500040974869915,1471.0550165395216,0
65.71811830751545,0.19371273632249447,6.6244365785793615,1572.7294342078408,0
80.5391525250746,0.2165342102831293,5.179672506599993,1381.5634310784003,0
71.5807968375392,0.18965620343715936,4.861980501338603,1297.8267516786725,1
86.60208698100212,0.1893097816218583,4.246705787533038,1592.63839789095,1
64.48649745528346,0.1378644757622285,5.404747444656602,1433.0958337078375,0
83.887710425322,0.2753295210841193,5.824814573633955,1569.16979403092,0
71.58328626770118,0.20612144497949692,5.699670116647846,1503.6929897422417,0
64.78865597108441,0.18604448525717743,4.792959309112867,1406.8808428698017,0
66.12891332756543,0.14020565974006363,5.2890018266908285,1548.5825935739358,0
67.43722153444544,0.09344695116871313,6.337327549318889,1467.1863847815139,0
73.39332757121534,0.3046371354039475,5.856705833737175,1413.812773095479,0
74.18268390428399,0.24437109665054457,4.372669806245344,1415.8962902242597,0
65.41039996849136,0.07008657259440262,2.963195948302824,1361.3728996662617,0
69.80516326191214,0.2610513840567726,5.237418005667388,1532.241990574619,0
87.13816286889491,0.2737984936186487,5.638854501398747,1425.1679404443846,1
83.82034536080569,0.20995008978407437,4.12862040650139,1497.2222297836115,0
73.49058935739225,0.32784887166014076,4.992968382301778,1485.46220043901,0
70.3040278253456,0.21733757136983065,4.789040747301537,1424.6754655056263,0
70.96025061374608,0.08665411776406481,5.083429057785759,1378.1680228688942,0
74.90814378184334,0.2292135200838657,4.56424297030423,1702.6968663304103,0
61.81765947841276,0.21959178413701835,6.032408798102395,1496.1173979217401,0
67.94098770061323,0.1517362520977476,5.11837510450621,1645.8706362208238,0
56.651327408979284,0.24588470695019402,4.2967864910682,1593.1949426981432,0
73.19378498084224,0.06658677870473104,5.733969722874976,1474.3067758807674,0
75.17756751762192,0.2792453461954232,3.988649923206636,1514.4771709871848,0
66.13450830160501,0.12975026371156378,6.027595502028106,1512.1532625573718,0
82.59189410632027,0.12120430999063742,5.792847539378051,1647.5360551145952,0
60.19387469598127,0.19089401821540186,6.111820236256629,1566.386695331473,0
58.28500095832144,0.23463783424349083,4.873402902046707,1435.4181803178983,0
71.79561454847978,0.21311392508747437,4.6031088161732985,1528.129506924378,0
78.37678642089723,0.14058726673820976,5.067217408746474,1564.3451473136201,0
83.47142153166295,0.15951285670464893,4.932450570915575,1405.974476087594,0
66.32892589704848,0.10935661220980304,4.47781097154919,1539.531947584428,0
78.62944666745037,0.1820256078696104,4.5571013486994865,1607.6391164964095,0
69.69193224399434,0.28600169716087276,4.706901722186829,1431.4021878699882,0
68.61898160047345,0.19965896498848992,4.06399705084811,1442.4545145932393,0
77.06927949989338,0.26875314038075626,5.542370631679468,1592.8378004277872,0
75.21858302730736,0.3164321070180953,4.9581622899431945,1471.6610949674805,0
57.388862744126,0.15295851847704264,4.753297224613083,1421.4393269264722,0
81.81232279780717,0.18507413975557083,4.111716671246658,1570.581843442726,0
81.04073083317961,0.3736954288849996,4.071701617866028,1546.1483389380671,0
64.99549838792376,0.31554747295839564,6.54873124057793,1507.5515125996862,0
73.16642826749927,0.0662076379350118,4.498194029710744,1589.9666102758963,0
73.95224149026191,0.23097186528487254,5.488422715367461,1595.6508194555645,0
72.08539012659125,0.20004479938717565,5.1301075759201415,1493.3741672941776,0
65.59755876923664,0.266116248868701,2.779849231113518,1657.9461110042162,0
64.62701305649558,0.14040169860119558,6.433960658510874,1626.67119627416,0
69.79556743206844,0.13283133023674623,5.547267183020892,1341.2561240087512,1
79.38183215407491,0.14591434277651125,4.385863876556153,1417.5906061253454,0
74.34880123675546,0.15424571630412537,4.977306796456324,1319.576654428621,1
67.03508534331115,0.26522593334472117,4.0806533060770676,1474.0228004220196,0
76.17358968518676,0.1055039061480896,6.460976382768907,1403.102544135995,0
47.211659034959396,0.1501908880032545,4.273873833406828,1434.854528100826,0
79.19012560297682,0.05687900875988472,4.581532802644272,1587.2454517426297,0
56.0822897697752,0.28056942587298983,4.416351137481927,1359.6136752211935,0
67.10047246877494,0.30168240795449125,5.0643035201673365,1510.378859282465,0
61.04264084299085,0.17383412553089708,6.096253200111451,1509.894115398433,0
59.64254819423275,0.17616405081494219,6.431499559276126,1493.4088569958285,0
79.28661429902816,0.23625775218263179,4.680803084622163,1510.462294558382,0
66.25839038950487,0.31795856059026045,5.302607185854338,1321.417463166739,1
72.77203105384572,0.2326888598051134,5.065524330083258,1435.2356387361847,0
69.62463536896652,0.14419664460199083,4.214712588444754,1623.440069220591,0
73.81632661778497,0.07049419424108477,6.938044459676755,1404.2503131592255,0
70.61457512848204,0.110789898986921,6.090207649837005,1633.328865085136,0
59.73606220649144,0.20585755602499722,5.151292679768828,1387.4542070577274,0
77.97013455557712,0.14757379814393645,6.265500874799191,1377.8367494070144,0
66.0499473347095,0.2155974164792607,5.969685370174243,1423.8576946188723,0
57.547344810721995,0.1557660787011013,5.065489072865405,1590.3266374629534,0
66.5750787122727,0.11534828549644709,5.260770884262395,1456.3103336200497,0
82.00607832507448,0.10583746948375432,6.209700913901323,1527.6325590751314,0
76.80177393690795,0.3249883607498584,4.2430771350962555,1505.8909537613763,0
67.21078292473713,0.27111901993469145,6.338952557857072,1495.6430253815745,0
67.20593836545257,0.3384414361462367,4.819909951451907,1601.929447408606,0
67.42691959026094,0.24319607206040825,6.219741394278054,1561.721435278963,0
86.61398386848673,0.1656006873108129,4.995818722029744,1408.5677442270098,1
73.05548361785243,0.30586727379919504,5.270084977978377,1477.954337312667,0
73.44033317752856,0.19735455989105857,4.972553314742033,1639.4751856024666,0
78.24226763225474,0.2176673416232282,4.574525101751018,1525.5649431334348,0
71.91031327221211,0.1965740496739585,4.7839560814845505,1379.3723228726944,0
67.92766283343437,-0.03575233754272114,6.103289122534854,1385.0368878098568,0
68.42920120732018,0.3283788009835883,3.148668813862025,1571.211624685298,0
69.42718992468748,0.23928031567662028,4.00882724415613,1556.194985374085,0
69.70222210792127,0.22638584486948082,4.419622632513518,1426.2907539890134,0
75.82103634909583,0.19505791501835515,4.137324166051183,1559.8104143179478,0
70.4155670864584,0.21307422563089048,6.207983688332392,1627.9513709375399,0
75.86112061772464,0.1522176851323002,6.006141582282563,1616.6287071728482,0
69.35426735913134,0.24932634818458171,5.473625447515692,1628.3422429457964,0
70.62908152252872,0.09543213244806942,4.489756746017972,1544.4391020050243,0
54.014394523743135,0.21488547459764376,6.0680414934353095,1485.787214469609,0
77.33062139761985,0.24492587764568838,3.729496059203565,1467.8015935626531,0
72.77190780718394,0.18410646929416777,6.713586112118349,1498.6090489109724,0
77.98408087887722,0.22966942339768198,4.4522961622579595,1429.9181356434508,0
46.82995697445048,0.12069324862125999,4.79037182252685,1471.2561020384776,0
86.70699763824582,0.12273385832832288,4.656524919604228,1602.009579863808,1
68.88328297475861,0.21893736968211147,4.141514068721058,1371.2743193250005,0
78.86546253390013,0.25428397236968414,6.540090499149535,1376.7464219446865,0
61.68075258299575,0.05001074755986312,5.6311157046275895,1566.4424483534742,0
74.90219124050056,0.24176165080886133,5.97237643366383,1471.986166025322,0
61.57267549461075,0.15654387996989305,4.021064582351383,1345.9485580353332,1
65.00984831443355,0.184575513015407,5.1447502616032,1495.0932674927647,0
85.31225083093429,0.09283856611479703,5.416822951465123,1483.6702732149115,1
68.47454079389323,0.13187062078506334,5.216605218839875,1465.5132418806934,0
71.73946298543778,0.2772900260424249,4.0717012391456,1554.8564821185187,0
76.96054184551004,0.20262906991841706,5.86040001690451,1393.3443544966722,0
73.96545510378084,0.16937772786323532,5.097240066228124,1501.0388331887675,0
71.20335124114861,0.19068093178951723,4.236028771485597,1483.122200431005,0
72.9196880197298,0.2391369459731441,3.515799568357869,1503.0260182329364,0
89.2273246819062,0.23523955969306704,5.485333210791904,1361.4251073490623,1
69.53904962373132,0.19399783996825595,6.9603645873052,1458.1880889487993,0
71.60879237371974,0.2874367288717335,4.187796581322974,1501.5815352829782,0
78.4052351680609,0.2776370109525333,5.136357640330373,1543.2927709038318,0
78.84420746366388,0.23306976233043167,5.8883978232732614,1647.711720433,0
79.49624244448304,0.20436894263280564,3.984278187118959,1564.4758710991216,0
75.10984177623348,0.2525856876095631,4.61603458473198,1536.8924160506733,0
60.85596069815613,0.2251413937440947,4.3118729765908785,1601.7179833824302,0
83.06745225840876,0.2848640057444758,5.787741355859637,1475.6942042765413,0
60.829236855850496,0.27196491013906465,6.060418055483248,1624.3142530907885,0
72.42108372191227,0.11853968788658173,5.127229011785388,1589.5418232049692,0
63.96579319984514,0.1131229463406635,4.326612744804719,1464.329776748603,0
69.48689322725606,0.1439000364476739,4.645767249657721,1653.9164140586633,0
72.63009928242785,0.2780910952053537,4.495601188602597,1535.7548251925343,0
72.57085772360219,0.07389528025830036,4.218184910701595,1675.437518084939,0
73.37536603388227,0.2315805911286395,4.918369439345228,1524.2545803426644,0
82.90969015246918,0.22900344728743693,5.45986118756949,1455.0456112391491,0
73.62827441211184,0.29301184469489544,5.392205955542815,1438.5970685317275,0
68.04674691767481,0.21442709525311102,4.993414108344392,1471.5405236213649,0
77.71269734630685,0.09254324875328795,5.045643069460291,1454.2964046376267,0
79.51576391139713,0.12325160314815017,4.934759363928177,1601.7110845566956,0
60.17913747890406,0.10544035824817403,3.9622307686669815,1497.6820604359798,0
74.77920055879886,0.15696448269334878,5.1281079175862985,1370.8781861950072,0
75.60938193848719,0.18536787460608586,4.53309953163628,1517.040345269735,0
67.61949197312006,0.10676467790231546,3.9221254246724495,1510.0410434488228,0
81.00565450649296,0.3176529592521832,5.296564453692467,1462.5113903064791,0
68.79955530373978,0.09397749024380472,4.510615970865164,1521.4073617587417,0
71.00461162777233,0.30768827390899844,5.182203137007068,1496.4712453496882,0
68.61542540572904,0.29481304251514723,5.678110252055542,1550.7012293901253,0
70.12463238065175,0.27186420397512284,4.239809023083814,1545.9983150946578,0
61.22979930483839,0.14449867140025996,5.073697025658377,1529.1922285119258,0
58.47959293924565,0.22739607033415213,3.551661694615711,1396.0915276983949,0
82.75604050579977,0.09781030931595057,6.226026472487421,1669.5213382513848,0
63.22430921345338,0.27287256280269995,3.912746802488974,1375.521143733415,0
62.068861204349545,0.1940812174770985,4.5881442700821005,1489.7032658547928,0
52.77287909117028,0.1672543828330652,6.070703923011166,1412.4453318920957,0
64.88830601848399,0.10210041226749847,4.8123816591352115,1531.70705293281,0
59.41528165274001,0.0017995105096786645,4.04208185095976,1511.0724579845846,0
83.13612128109095,0.11691673143713953,5.570458585829228,1486.4987132303834,0
78.07853671474108,0.28902385564903255,5.552425969720948,1621.4218227150282,0
64.49479723857822,0.1677733257220157,4.493450928507813,1588.6796733741694,0
88.01948644275447,0.18645369143079624,4.580058783375681,1473.8307725526774,1
77.85412389593276,0.25244434866307625,4.651672823505531,1564.3307713533004,0
67.40134893193103,0.3444535102493012,4.834380831451175,1625.1744206270764,0
50.004754281011415,0.3060003723956511,3.4856231384625547,1588.107603163437,0
88.32754058072594,0.12221319969470497,4.85486091110552,1489.1025131625997,1
58.88342026589123,0.04459435428500749,6.427131358546519,1372.7759278856386,0
56.836810024344864,0.3887691407280083,4.283224026210636,1525.9718323935888,0
78.18056345607712,0.3815193289327563,4.533205125224189,1553.4888268315192,0
89.51801925071419,0.21507628771434262,4.053105869442883,1438.4306479773184,1
81.07418254808414,0.09836094035345427,5.489729541116283,1501.8036213646433,0
74.51127296041888,0.27705812271151514,5.962557886513901,1493.368975298718,0
74.75803473332229,0.1913613051189912,5.9442542713421,1611.0168508644194,0
76.82732447024246,0.19096151015147117,4.001591528885072,1648.305294047207,0
76.07142871829411,0.2715567074484103,5.399833384397568,1594.0171576240562,0
72.249531391755,0.2267499797498639,6.147000027371389,1493.1555453459112,0
70.83360883161501,0.1051348071188044,5.407730486168099,1591.8172997558254,0
69.49925497680383,0.1740206451934421,5.382727746675021,1551.9030564664215,0
63.96828328906659,0.25289223429290775,4.622685937091873,1494.0080338894606,0
67.7545993850658,0.2408201777924015,5.176087859034931,1667.391223120264,0
56.456345486436916,0.22096132594867807,5.989054543765125,1440.9585248094,0
69.213282985642,0.27467383635806913,5.262567174743011,1548.3127180487634,0
62.091271142792664,0.17106264097461885,4.0013801951762185,1567.1648516443138,0
61.17128546227383,0.21429358201752577,4.6351666605712225,1477.0000928381014,0
71.43915320922783,-0.07004632801420801,5.9674236311111954,1544.7310550303473,0
81.1360182907568,0.16402798449257489,5.259794656280876,1575.6397800176917,0
77.3465328480185,0.26111223268605155,5.095249662594461,1519.570753642233,0
57.43599517101458,0.1687684426306286,4.55678757340264,1537.7996450674225,0
62.0829749074373,0.16270180866263106,5.950879344427548,1508.4344898359216,0
77.52616950390572,0.11668376385801453,6.329930078257806,1563.801608922137,0
62.140100851693525,0.2802692714183317,6.010551298414427,1481.6817064644956,0
68.2029348000238,0.24387706188324565,6.154073297156298,1475.0561773285717,0
74.40041679219641,0.2660331678258468,4.713035007387067,1501.6448123079322,0
62.25324436109092,0.061902883043368856,4.599864722100877,1594.6935099358648,0
70.84300404916767,0.1871639965387493,4.874923861200651,1360.2109481063212,0
59.32779604065436,0.17759111937999952,5.030858593581003,1427.2504546631346,0
65.18905884839029,0.1775542634721158,6.144815824100204,1682.0616038628352,0
72.55825547314029,0.15071779650256353,5.9327093915747335,1522.015073341944,0
57.25605013174665,0.17231165825759878,5.4307755098035955,1467.4371162429838,0
73.52379790368319,0.26797158261653214,3.8550505873224905,1563.588146839063,0
69.84289760858655,0.04697189173217367,3.6495825243224997,1437.1978399838379,0
74.41991963533718,0.3421835814424363,5.192370195841362,1331.776887024401,1
71.7913130725173,0.23870729000211693,5.704210564480573,1528.3839958197912,0
80.91312343979075,0.196613448347183,4.93634636081109,1441.5372932764137,0
71.00179602118325,0.2725467317098341,6.531923603982724,1508.111182250392,0
66.56475567099798,0.0838532203865252,4.134047164975652,1526.3520631870776,0
70.97838002425827,0.1468239275879189,4.033318440403521,1511.369293565262,0
74.3463842322911,0.1903139654087557,4.468575220420544,1363.2803670310414,0
70.39088056260563,0.3092448296345742,4.438162229447012,1502.1024674069927,0
70.32473352963106,0.19628027350987537,5.4210286949455835,1535.5681553091526,0
64.38406649754596,0.2360043736948117,4.662630518525198,1387.9952589420604,0
64.69679265959242,0.1528336803251098,3.7617276309770706,1378.4661152922772,0
58.779157825602454,0.23894736551739928,5.7132627653560935,1414.4780331316483,0
83.99661394549551,0.33417916743795656,3.5920384591422962,1559.741179100819,0
60.04909411686972,0.2796421353339291,4.143025421591433,1340.1347402809943,1
64.45675841763274,0.19348352097776966,3.7018347434049046,1566.3819080915482,0
64.25274187544642,0.2540392677812376,5.165697021656699,1531.3644598632184,0
77.15939501555553,0.24620135636857696,5.148838169720969,1479.3998439574468,0
67.64040257366378,0.24052701373578206,6.5331634568130825,1381.549627007967,0
79.98193658138987,0.28895626886883274,5.73106132491644,1436.2825964087026,0
64.61207500604905,0.2883582163069973,6.15331694667376,1562.5523241608507,0
72.23195329779041,0.18982731225000926,5.230887721038794,1600.5380161474689,0
63.31722357392194,0.25135032491822157,4.2184545431275495,1417.490974588699,0
87.1611930221871,0.1693524063072165,5.102486081594797,1591.3490808227023,1
60.4992126477639,0.12615420829475382,5.473936805909846,1554.8700186166502,0
72.47856568181622,0.1784404995436811,5.56304590580126,1499.4530241788173,0
75.07021504745678,0.19389774786083339,4.622070284713326,1440.9715896287678,0
73.31039277961199,0.06707352086576066,5.391029179025919,1453.4887982976009,0
68.51769872897833,0.26882660475333764,4.253577623326988,1645.833809292344,0
68.9614344021326,-0.021386033808191846,4.165377924711426,1514.2753451370447,0
70.35049177583288,0.41718535515890576,4.107372230891612,1606.3894673608727,1
68.8239839869721,0.3201503307037055,5.019700790845437,1519.3246386630512,0
77.71103293435928,0.17911930206621493,4.057730915938957,1463.7841659526853,0
87.68418401273081,0.20075410884510186,4.660204488103194,1546.7272144348108,1
65.54006571993733,0.22423774988698267,5.7223332411311665,1672.6268057663915,0
59.04157616336738,0.15286716896088465,4.176696257537356,1448.4706671611123,0
69.29374361318996,0.2154095318069549,4.596550373196546,1573.1095122757881,0
90.63767470123454,0.18848000178386712,5.057305021420936,1515.2407185830102,1
63.570603456242154,0.19245818262152273,5.197509521225813,1384.038558690215,0
83.11293444355255,0.2145168850784511,4.600567527355551,1382.2500925728066,0
83.42160651261153,0.09491777613168045,5.629488054988125,1463.8413002449163,0
65.57129406633604,0.20316557793069187,5.47236184062778,1527.7990867312735,0
74.5518646334822,0.21307581972939818,5.9118852834893625,1570.269837575081,0
83.0271729850283,0.21030796970847315,4.934718460522352,1374.3269556815012,0
66.9669780721001,0.18273353956510766,4.589744952434925,1552.2158016125709,0
68.37135711918111,0.29102862207754976,4.4538943823903026,1490.5295795575837,0
65.34655268841085,0.1717077956094759,5.24562201434349,1500.265102522604,0
61.88194615445707,0.21818607254585523,4.698275373750982,1547.0889476826276,0
64.80577963947195,0.30378380271404365,4.544664177855369,1639.6884256093858,0
60.20847786590195,0.19364990879837501,4.641370188603743,1524.2913440324878,0
70.27266774607381,0.21715706139740412,4.453047611900598,1391.4610413832768,0
63.840214151530866,0.19228922909480825,5.159216890210185,1485.0325989656621,0
71.87028729432598,0.298989583485088,3.869933453964751,1568.1707218517186,0
57.55283483037098,0.17938203507309639,5.24241303397997,1570.8034717533237,0
72.64704185771566,0.3026683661830565,5.541239008322361,1553.2659499272245,0
76.6682316928714,0.19171296842823485,4.5352966894581614,1459.1975075728744,0
54.050114859428355,0.13124322212415868,6.537629551685238,1390.5739761906166,0
72.99245255878057,0.2543498536459297,5.014097048781482,1547.1606204659142,0
79.82135193978634,0.17562657329954753,3.750925613520089,1402.8610512321654,0
60.32287185047036,0.24964007192793303,4.7750056749306635,1555.4408813140146,0
83.38057909470163,-0.018352350793898714,5.050124915948637,1555.4631486955707,0
73.35215207492836,0.20041642095159573,5.3591740444561715,1462.5845650615177,0
64.35990515393273,0.1632315760994016,4.794055580711323,1491.0029368012679,0
69.55384737873835,0.11493930507749776,4.190743779436487,1515.8942293695643,0
74.46661530017379,0.15574071985281607,4.124015505510174,1450.8148261343113,0
70.6080431312993,0.1541037484565879,4.477120571854663,1389.4655972711957,0
74.31004793957095,0.1961611364119535,4.5537797099849895,1496.8624578362476,0
62.63461125536507,0.09061388309720354,4.092020668080594,1505.2026088383875,0
71.35488659228862,0.2253019024207771,4.413749471117041,1608.8837890922441,0
58.69028402476016,0.30929718281646307,5.527566819551484,1437.4406342697712,0
69.1101915092104,0.22247427975582612,6.31873008615559,1585.4796939024889,0
62.76873886828168,0.26471908873832073,5.60436937109677,1408.234441685885,0
64.11576045928187,0.28756499636910365,6.04468886894945,1392.4318240240984,0
79.8887454016835,0.29891916097473414,5.779294774586958,1475.931004423258,0
78.73048096475415,0.34961109542570445,5.666504262718676,1424.7272791512223,0
74.87310496725742,0.16006384013792557,4.729762989554137,1391.3107354097244,0
61.261497882619366,0.1425212811871107,5.112728702709558,1655.5464252651818,0
67.46873240244159,0.2626772518659788,4.663504526035183,1463.8681890915245,0
79.70478159983347,0.256661297572592,4.824714270133098,1684.9042869405,0
71.13373530911923,0.26205402396925515,5.054533680309269,1420.4212960881139,0
88.55463631985356,0.3511425963400202,5.570852921263222,1363.3162746693602,1
73.14654271515498,0.20090959270387954,5.338658705212099,1603.3031775142658,0
71.53639293192025,0.2340925247716948,4.870536589588515,1441.86746941918,0
67.52706828637999,0.12156893988132202,5.044430992713333,1511.1092638559055,0
71.06832723825826,0.37082568991807663,5.346770939354821,1391.5493211989694,0
68.78024130895565,0.17307640630327112,5.5339155504462685,1496.9509486455966,0
75.66486941350873,0.1753427257471336,3.7848038693942376,1390.2699144114326,0
77.65361853435667,0.1722600087193406,4.13808882888085,1494.0874081831228,0
63.7120843159364,0.148408331308453,5.885848427151474,1462.0853968409217,0
59.35013637153777,0.14164503609218806,4.951304344055154,1518.4214184308883,0
55.31035701517363,0.158103657368838,4.660738725306417,1550.055309688705,0
74.06393061530035,0.09073632575592444,4.789200421659169,1519.2863999359377,0
61.173067150609015,0.13717456637894093,4.789035755538757,1536.083723372972,0
52.77687525638014,0.35591704891580955,5.446350225219499,1491.277385968038,0
73.10862883624772,0.2588524114913095,4.113586884815386,1465.174503874749,0
89.94399613946233,0.27407233413821747,5.019822197197409,1537.6094946231653,1
69.95143270768085,0.2941767029933532,5.196894183560324,1491.0841747297452,0
76.70792619561314,0.34673076514899126,5.317014333252402,1494.1352174308686,0
70.65463486838053,0.05828619588449249,5.178291196968234,1531.819597235749,0
69.20888277447087,0.10160935077707677,5.412724984251223,1417.3427521581987,0
77.35261186390215,0.13570210712842518,4.54184307915335,1614.3688875275545,0
67.67780364649079,0.16242161628083218,4.2465578141400355,1480.051473555499,0
72.13913851257523,0.1759544487531801,6.965603554600411,1509.9345292776056,0
72.57358244956811,0.16424179577551673,4.758988252340611,1496.4384441655538,0
64.6552763708556,0.21754471305056433,4.8524364234763455,1552.2194523121696,0
77.93633879629218,0.20282363125961728,5.542272078174308,1527.1345336776672,0
68.60032194643674,0.14217321638574004,6.276871433755393,1496.0060842504404,0
63.95403872405724,0.025956097840994424,4.564377506452243,1615.9003292909497,0
74.29207874856323,0.12057050356970415,4.200947785448379,1243.732351263625,1
62.812256145671704,0.15606090773499398,4.006277319366712,1599.4139504373557,0
70.22544925895302,0.18023364505538245,6.2744849772023406,1573.6172324152767,0
69.92704802684638,0.10962660325515705,4.169514410831173,1353.1346693758044,0
78.68716452665262,0.1607354826802864,4.977955250787547,1574.3426574173802,0
73.79758586303963,0.1095210089211531,4.218172134365624,1584.677395644763,0
69.79978433003885,0.18993445187613336,3.841315265633357,1544.9410791904845,0
76.54213039360229,0.11415269373099078,4.7660997175250515,1375.2730045054866,0
81.12166039213851,0.13208762749036285,4.249770666927072,1554.612217405138,0
74.4624824508149,0.09530526952086889,4.44669725966135,1580.5757484801543,0
70.08282095874705,0.1877199443544173,6.604884077933923,1454.2234804175303,0
59.50531014119872,0.13068417840380814,5.3399168833379225,1535.2907084788844,0
61.47909069539702,0.27254274133403433,5.745175615643191,1471.7433683584438,0
67.55820236516266,0.23246802133543193,5.659727650279402,1570.8301592413475,0
65.12390238272573,0.19441185054530857,4.91931126153678,1474.9194651817804,0
68.50422957611643,0.13620116021249692,4.648225312497901,1453.590602972319,0
70.45319939917685,0.23044162442530425,5.1991476894888935,1496.8562765864224,0
74.23754203485385,0.25525607114789095,5.1347606159459955,1392.6678303613314,0
69.43600977552727,0.21141507297613044,4.544955666267754,1488.913441341411,0
73.89201315060961,0.32829614843735444,5.103878264373488,1528.9674189886591,0
70.51579531848097,0.2367709854459853,4.434936234642967,1569.596741549308,0
54.19626746916903,0.27308857740544273,4.862833655487329,1519.916539091056,0
62.485316849449966,0.21068523324287827,4.73177322038613,1385.3918690330881,0
68.84729955422708,0.25405315626055813,3.9849019259153766,1608.181691058381,0
60.32244205727114,0.13625750138646597,3.119073429510264,1614.892680509939,0
74.79942983996963,0.1633281309429765,4.248749400048241,1509.0053804216625,0
82.24600665874958,0.2279490842785904,6.443283731669041,1439.8446703081077,0
79.75009481357853,0.22736795852459055,4.7522545743706175,1457.4705650830763,0
68.29245703255833,0.2406089458354598,5.620774528717123,1483.718208182553,0
81.92580909479962,0.28803143138229836,3.300443885525313,1522.2934764958127,0
71.1893396576169,0.08600230625476704,4.193371145628538,1475.641177479221,0
67.30331223105568,0.12204379619117632,3.9164083061101196,1431.3289972879058,0
65.09277869167248,0.21836581128594026,4.838159991930308,1581.840790737315,0
67.58024250809497,0.14205090945572316,6.937564384428194,1520.582871045928,0
66.89458545167017,0.47022145930314896,5.368191154582334,1415.810238205124,1
71.3633297790039,0.24125756953361088,6.3564900266224695,1523.3048365028633,0
71.28459184839892,0.19373353208558744,4.79645061785147,1512.9496663023265,0
70.02436816122731,0.15876245815329126,6.091895499084058,1442.5557670444487,0
73.4955053579708,0.16158701734455644,6.658605365346313,1595.603980768879,0
79.52517019829074,0.2024112529052142,4.912504746871633,1510.7911365141852,0
77.59643308353058,0.20895855460970064,4.568588231018108,1482.6702686334265,0
58.12081625240077,0.16346406842451897,3.945751250407878,1493.3214601539662,0
49.56863092078436,0.17814782027840786,4.752751793138424,1535.5133436683861,0
77.4745592899142,0.30754276601876773,5.065517340160633,1494.2253268375916,0
59.06497041267663,0.31076039701208275,6.6247628938793195,1493.55650615689,0
68.20187678485853,0.22016271839479018,3.964020820723131,1585.2772054660304,0
60.63909579152512,0.092699221821061,5.047729514957583,1386.5276538010187,0
55.58415649935984,0.24308025253112348,3.548553502888306,1399.8757488324031,0
74.3317018256383,0.3243425953288821,4.658589736929145,1562.1570687993549,0
76.07324128242118,0.3095824881569903,5.249116285929615,1693.2679829666906,0
65.38791679418624,0.25875406822477337,5.410066522150847,1570.1196360121642,0
49.27166166284072,0.31379383642286574,5.471218463713537,1649.136703685818,0
65.63004441398014,0.20427074179832175,5.3179232263094764,1465.2502709027417,0
73.13443204322037,0.2502482375866964,5.464337552076993,1449.0335057329746,0
58.16870744980697,0.1455379546939856,5.0365913032021306,1536.5226538596842,0
71.46687935823324,0.22338123649245697,4.161706955208823,1576.2919167861623,0
69.87752120661604,0.306362739517642,3.518674429055955,1395.0759278974117,0
74.63433199680871,0.15284612708104872,4.562649742610226,1482.9425301736132,0
70.95664294731323,0.1310845256428571,4.892307653549416,1497.8386265884758,0
62.21544847294756,0.20779911512189575,6.003145437740384,1445.6903827451702,0
79.57257201331593,0.18186702370208005,4.919518659875051,1455.0222538763405,0
68.73176341578424,0.25193181768563366,4.842744772626646,1567.4455440847355,0
69.78156368392054,0.1637392379242366,5.308421701473423,1537.5747584872659,0
62.53385632741443,0.33747516924821713,4.7839904100390385,1563.8761137487563,0
66.45374199046792,0.09682591216311555,5.648433599157551,1526.9499752298218,0
62.92157828778479,0.3002987828975788,6.583466894707103,1430.139465851797,0
68.61643152061262,0.13881206173535177,6.75262841136856,1533.8482441471338,0
83.69366784113875,0.05632138123327815,5.077632501795591,1423.8325678097992,0
59.024790856549146,0.2190300125079094,5.269513891756358,1475.0597328772526,0
57.09150881698607,0.17963136111888933,6.263084896298787,1417.100107614542,0
81.76936261994886,0.11123125056775755,4.8800303816829835,1451.1289766343307,0
68.32541058278507,0.06548984866277888,5.543353713539343,1507.2383077883612,0
64.64741809072066,0.19933113701828348,4.09187189625134,1463.4007516403742,0
78.31923749916861,0.27806695132990544,4.751328681380001,1429.3470071980416,0
65.15507568210509,0.24679627944691557,5.924891693316246,1591.0237977265665,0
84.60807770837549,0.20453653190714124,4.425443492969901,1490.4326626097713,0
75.42340697071415,0.23830780585741881,4.897559057016258,1457.765756285366,0
66.09670873483438,0.19782286940977145,3.7406322835183046,1413.4080711438419,0
87.25846570612403,0.08562206055757032,6.604614635607709,1350.240409188548,1
65.15428061597329,0.08632848118212455,6.010422455853522,1482.2362389015102,0
75.93676297607446,0.18374651768122569,5.150479652922199,1389.7425037184023,0
72.39434064325194,0.18714773709071406,5.406010297665863,1556.9629167488763,0
80.41393031519038,0.26807861428054125,5.316718485554695,1502.3592955678823,0
82.49208957381482,0.26058433790197977,6.107449402424629,1624.6688623310508,0
70.25603319252613,0.24841064126071596,4.584959966102902,1517.8459418589705,0
63.97265703723053,0.17757738295382555,5.5858140959425855,1441.867376219228,0
73.67977714351294,0.08954782639118884,5.861933199081738,1349.5993918105241,1
64.57827704198316,0.2329656909652819,5.972260776381166,1564.5235090993406,0
86.10709798021298,0.2420135450609735,3.1925032929346417,1396.0841391571687,1
71.0922826486619,0.008917483001785131,4.520580417387884,1467.348438184819,0
67.07742758950313,0.13325294507338697,4.184663502958477,1633.927059724393,0
71.47744244691927,0.14471564980848833,5.119670628456548,1548.878667923898,0
59.22298968376243,0.20946801608987492,3.3871758243885823,1531.1892363627953,0
62.22708769191479,0.1357311653787445,3.3635016872435175,1575.5457954496087,0
79.6033112635554,0.1969492344940288,6.736075993501008,1572.5639855124423,0
64.74484576822883,0.18315720477176065,5.494151510610672,1626.4757145563335,0
61.62471213854448,0.18726804227698177,5.0968073945590495,1451.8256519624906,0
74.2932220202183,0.14268845650394033,5.290938118271185,1469.8652677255388,0
79.48563323730397,0.1488811956746658,5.117072738999344,1426.209229675065,0
75.75162648532053,0.11357863521754459,5.79788052524122,1497.3841890892822,0
77.96838148644653,0.23040539524590659,4.494044646348817,1489.4213816663844,0
63.945639291444316,0.24568821028730947,5.149291860858855,1359.6038210131542,0
58.62551466606525,0.13835056398997292,5.181937014350172,1447.6879394324362,0
82.0106692156439,0.32165120768136357,4.1625136332333295,1615.1293227359174,0
67.41856128926291,0.1748318842046361,6.021586447250442,1519.5366875909667,0
67.99333586835962,0.3224148499037249,4.6434586080788725,1557.231889446937,0
80.62555313479247,0.14862982609347175,5.813937335847121,1490.3564265719456,0
74.44984007520527,0.037873777872045156,5.091930181097184,1349.0325180641726,1
73.64710217665287,0.2321758259929881,6.306867865927247,1489.709126253637,0
87.32001875920866,0.21988360840951898,4.16689672918278,1583.3357246016783,1
64.85185415695885,0.20275150362460664,4.13219295879164,1405.1452967004873,0
77.4227210246499,0.14862140172448085,4.275443527196553,1559.7631141394909,0
70.45610499917667,0.1972342219611345,5.106636440411499,1363.853466456586,0
72.14873823090606,0.15909924337043782,6.233174716622564,1501.6152990585865,0
82.22774741130026,0.17581203469345996,6.274474894532201,1543.5614760117303,0
74.06268605031698,0.267330580461206,3.152025119649248,1475.0309980584486,0
74.30636863239707,0.2147373783624075,5.199765728978031,1697.797723236268,0
78.58005869847841,0.24879611098655818,2.4296371115879816,1460.5447650329118,0
67.08037816365692,0.18145051946993682,5.636025435028028,1453.7267009857437,0
63.28632266128795,0.172638612335618,5.894535531916166,1516.3593633484004,0
61.64152644783173,0.10772139752890852,4.967804580246251,1439.6021491330232,0
54.26914728499199,0.17039707099454426,5.067185261995804,1384.6929924947751,0
86.44965703952258,-0.06568916444713108,5.058911114352192,1412.1864180062225,1
61.17433307422654,0.15278224269554921,4.372446465007003,1560.6389407638317,0
68.22997101131382,0.1934500658247329,5.345364628257184,1475.6048352899716,0
67.78549360088863,0.2450938923416125,4.814873598677394,1636.1616760401541,0
72.45925358247281,0.17850576979800348,5.744233367431695,1464.7011003941973,0
76.52589770031437,0.22781388337959996,4.909098452384616,1556.8408283785839,0
76.88378790687796,0.025616907088780366,4.311181514809393,1540.8673583569496,0
65.33538049144849,0.19545305182344402,3.7713082633075916,1463.5079354255984,0
68.66302628970871,0.06563977656692774,3.50874813995543,1429.6952856667272,0
72.2606396039064,0.10333571874725339,6.050007475163548,1361.4557040859243,0
68.01047099053163,0.18502675617089115,4.6337685177127845,1544.2496623744073,0
82.85876460815994,0.30210111902988435,5.270859352065319,1595.8607786040116,0
73.927799613106,0.2296965410776047,6.426583913395615,1372.8055462596612,0
75.87902228839855,0.2014584797709694,4.549756534961687,1470.364405200266,0
75.3030501493393,0.19843756884263183,4.498018012495077,1446.64653358458,0
79.3877908598826,0.1429096885436426,4.894270598115741,1544.1095320256165,0
71.44817246962965,0.15648132693018532,5.023546160335994,1473.7077849637865,0
59.62534441635323,0.23419008363766378,6.510041080204678,1605.8384456334254,0
73.19750361402113,0.08917115852444046,6.252656475275291,1469.248544722652,0
64.78914484966536,0.24744432402264172,5.496700332725398,1401.0893232371277,0
65.77106654600195,0.1689194346304918,6.159531015197494,1462.495573983135,0
74.69091215004075,0.2660445659895652,4.857424789945715,1471.3108319872997,0
79.90626457146908,0.27688747657856666,5.239331653750783,1542.087995639573,0
70.1701726138885,0.0661532789995408,4.758789084369044,1470.1184755707613,0
72.47066410079171,0.15347353894182256,3.9677052939362882,1535.2077210720302,0
83.6177195570819,0.13155778496475012,5.963099793434877,1436.7612582328786,0
71.92602543590854,0.05498176279414857,5.425358987191888,1476.4258656164275,0
90.81346491344316,0.11739733790324716,5.014458778738931,1437.1972578629982,1
74.52407716505235,0.39530046762122717,4.99802572055026,1432.2686728259089,0
55.91389792675346,0.24876079169699522,3.7950281032747935,1601.986684582721,0
76.02673296883626,0.35338303748846034,4.218019733477828,1442.7896342832585,0
73.04926707906222,0.26632787520146683,5.26892253609122,1472.1916174281787,0
80.31802203266196,0.14065254711932196,4.576709866180395,1583.5683567959543,0
75.38545081015967,0.16945830426607655,4.825829567026008,1560.0001117017223,0
68.89235212812982,0.2470748944192246,4.916275148176719,1631.2965773329229,0
60.20561410968507,0.23500049627784292,4.454024984786312,1538.6241491603344,0
68.3278139417118,0.1538126387433333,4.22566534398076,1451.9680488251154,0
63.1958363663256,0.07920054635366346,3.710113895259701,1664.5715719164718,0
65.35581240156222,0.4630208949910991,4.882785376790768,1546.5664595644214,1
74.70862723536487,0.18870802621257557,5.4948868380882265,1487.6243728958666,0
83.35923603481125,0.17394088854539042,3.6850926862240394,1504.5972439760417,0
73.15737223858385,0.20906675711242417,4.980761739920139,1514.342526356057,0
60.432935503718525,0.18058171285511773,5.224914602153248,1481.055050016854,0
73.55682134576112,0.2098183126164387,4.208335677016684,1389.9315518466267,0
79.57305189316521,0.3029557828893136,6.13771344923847,1630.1376841797264,0
65.12173676544494,0.1900361216250861,4.691427704769273,1498.2532739060184,0
68.92786266661666,0.1069831648537791,4.918992249234791,1514.6797210162115,0
70.11750555783358,0.18706849644171114,4.870984399521617,1666.2515247515585,0
63.72081349534208,0.16284785748720715,3.583380461927155,1445.3371789425933,0
75.18624347075087,0.31391191497974813,5.807001657347235,1552.4388259771283,0
69.03241481113774,0.29368952517900565,4.23558498526461,1436.6161053144012,0
73.35625955125622,0.2086020000344639,4.810783587675411,1525.681693003635,0
62.9000625775832,0.0977011316144595,5.478128801022397,1516.1204597001085,0
66.50033359741272,0.10192861892480434,6.168722740915627,1563.2480877712253,0
75.77905086262217,0.2012098609267643,4.1360541744825285,1596.6534974152266,0
67.01733478326587,0.22690583754570248,4.642813131524458,1453.6383127040262,0
83.81571080986724,0.1700301744539156,6.105934904005723,1613.3339872579136,0
66.80291051508318,0.1615864332634213,5.3709711034203576,1618.998475084905,0
71.79747780601508,0.15257606134570825,5.536937087241287,1480.0011692245193,0
77.46072665498473,0.19812848318048432,4.159094611379066,1499.4733934877497,0
58.65307413653575,0.009379011834154821,4.696632376058753,1460.4519904040449,0
55.91352950415379,0.11189386969842322,4.865731654095655,1475.5647028925089,0
57.79474948343924,0.14983593236421197,4.313684194125621,1403.7219475799945,0
80.10067282741745,0.29660025559615366,3.660344299460874,1562.2028617863352,0
65.58513483286043,0.13489490864568565,4.591601152989123,1335.9764885980182,1
90.46559428534601,0.21443745134649653,6.083430559667544,1444.232411938985,1
65.48601921074089,0.21812342007447968,5.047338772448397,1496.3070359144347,0
71.47641042557629,0.303833320452861,6.099432730858701,1603.983786434235,0
82.336879620543,0.301006192557132,5.143216731383616,1456.3804344558475,0
86.04874310527299,0.1953997624964067,4.38823381632963,1534.2281336882063,1
86.49202861309118,0.1619612207048446,6.022095210585378,1493.5212708439815,1
79.66692984474514,0.1468933517739448,5.169860912534319,1575.6095120377868,0
78.1925002064917,0.18071494220273754,5.769471065941918,1530.0468599165897,0
74.74021559360946,0.16527733165411201,4.145337463103543,1566.4167510431778,0
76.2268886093331,0.24429019274865857,5.8310050316916024,1455.9492067876329,0
65.59051426937174,0.23362478539881637,5.8551114204353585,1418.878008467333,0
63.45440893262154,0.24734409529160128,5.231813715485228,1529.370265524269,0
69.97300434071238,0.30074269691489347,4.354462331352174,1460.981758476859,0
68.63852301980057,0.3490295297120142,4.963192937029911,1502.4259097479978,0
66.3741756053818,0.20997307147260455,5.489032917790595,1525.3819952211272,0
75.57109957965372,0.2879571017116523,5.187656015949227,1599.352602452378,0
77.64244166856409,0.1718671852932628,5.4808661904862115,1562.9256514712,0
70.70725509033478,0.2948005586866413,5.8097967261223245,1445.5192261780824,0
81.8202406484421,0.2849207325740675,4.481242677302463,1408.3982209793955,0
60.86648708693196,0.2806732775954393,4.075939503231888,1636.5904883803557,0
68.45072432576225,0.20752558729532192,4.969968958902206,1373.3872262420523,0
64.26542143517756,0.1465313468807289,4.736205472904106,1463.799772184716,0
55.06770706341552,0.08843772497076188,5.62867713052492,1551.6195856257693,0
69.3385545132584,0.19679702339831207,4.140401288272954,1631.1008997560025,0
69.02601993293374,0.3226410033799346,5.8163054993421435,1484.8270779900645,0
82.10759794593704,0.17521240789087417,6.082889687637413,1502.1874395416714,0
75.04649347643821,0.2628101268368044,5.000243971409832,1429.997806272206,0
61.80650540536636,0.2675161120415145,5.0485889004650435,1510.1292889708163,0
84.8327405306735,0.1773051023258262,4.385962799015878,1407.9876816559297,0
79.76826956420282,0.3053075870015616,4.565871280820747,1439.9772037425078,0
74.65678162774893,-0.032692859558440285,4.673330655483453,1561.1112443310785,0
68.18812720920134,0.10217997770094601,6.154352054270345,1465.3138546510459,0
62.32448610621216,0.12674941629132325,4.942503371351381,1573.3799137642457,0
67.02234579143158,0.13442279817060881,3.942261634687993,1487.719429868071,0
78.70998895763348,0.22690103609487167,5.204283473689603,1390.4927925703348,0
85.07669044747688,0.22320302424431215,5.661032099697821,1593.469222056904,1
82.34594822617751,0.23151924577400063,4.979670904542724,1394.773913195849,0
66.08920462570981,0.24768651953059898,6.175370751781592,1451.8569992911507,0
61.04306053368791,0.12399163446834806,5.6220069338127185,1484.0240734449485,0
71.12708997528964,0.10254591465541449,4.160697016089717,1580.4662896527366,0
55.852485075497185,0.23170557456062904,4.5588537500828785,1457.8812141847804,0
72.58534171347826,0.1495814341082849,5.180981025139687,1425.8626270023933,0
68.81917930961065,0.07436199637056237,3.667048609578714,1513.0138457248318,0
66.27170798505406,0.27770754276331855,5.269085389976492,1482.8827421418705,0
57.242375461865635,0.3116081525201838,3.590734058196281,1462.6087520768672,0
74.10880085255774,0.32457287117589273,5.818746764451608,1517.3188285190276,0
65.7383932827047,0.21496061771797764,5.725818947833367,1403.7123027685495,0
60.640665314317694,0.2500745676778322,5.403825088732057,1362.2527567227455,0
47.021902293746805,0.30958945786895287,4.459297308518151,1671.0984085814605,0
69.7798807595949,0.14868673679812527,5.136162259690831,1508.3348874689261,0
84.17801277335795,0.2888542147243274,4.589298009988281,1513.9344705569815,0
83.29007371638296,0.2220316987314567,4.175347778039947,1437.4408495458338,0
66.34322994730982,0.27309693218740727,4.729005590582871,1571.8159074795208,0
65.18230351710575,0.21488744167007484,5.558612429193676,1457.3211791883323,0
73.75019404860019,0.30370053677984016,5.035051354265409,1277.1081849775574,1
62.012916486493666,0.21788190100332297,6.160567939307539,1454.6373327593094,0
72.41433519855573,0.0812816752426066,5.612624431584219,1477.486953766044,0
76.12864222707752,0.3161541305851778,5.526952651124494,1486.393311653239,0
79.81546579107446,0.12419754072223105,3.712858760443517,1484.0790669804335,0
69.19876738816038,0.3002446568195132,4.771873175875777,1448.4068306418978,0
68.37060999858427,0.19278056948477423,4.14850207165264,1440.6783152237306,0
62.97613930594751,0.2940808788158165,4.853597696300877,1476.1617066566375,0
63.38495716768112,0.2907814891893412,4.445379100861475,1368.361913037127,0
68.18816886478778,0.23441143794522973,4.697916037553649,1343.3922964951566,1
72.93892405452942,0.24068282541017047,5.84893018589908,1507.8444391935711,0
77.30867700986599,0.2338102893754053,5.380199943204667,1509.1787899411993,0
63.57456839455724,0.03889401949751378,5.805691543185308,1570.3520464043197,0
81.94150855167618,0.20946641751185618,3.7194535127872115,1479.5547751703382,0
67.83101119165946,0.11071486591424841,5.046379757292531,1404.5098229513976,0
69.8290616452125,0.21369497149965305,5.773363985117281,1344.8282547841627,1
64.0223065668174,0.10856459628934277,6.205036731909725,1428.7843139234508,0
50.606077917816464,0.10520384470191402,3.761529288246005,1533.8015795246015,0
77.0723631708884,0.32839476014031216,4.718813091071064,1615.3159122727138,0
75.89475117673946,0.28555579104993517,5.827381339203811,1504.326833021721,0
67.74937954305429,0.19966859320446764,4.846177349750843,1402.912808773111,0
70.53592573779898,0.21478149201992192,4.271665860664221,1429.6063517995944,0
74.1275137416328,0.1801667179405593,3.760000657203194,1432.1035260748545,0
57.49963314490766,0.24559011007836185,4.241038772269467,1467.520911874815,0
65.76757858122964,0.14591565067609563,3.6488786651490166,1589.6716339995896,0
76.35411743697462,0.2794992210294366,5.04676836546722,1595.9127560125426,0
59.96568461464601,0.17975305271887115,5.717048148622927,1486.219528418009,0
72.34846345733304,0.1664122403335017,3.991220192873117,1514.645608809088,0
59.14734556301276,0.20173704147878743,5.206183792968842,1436.1953685701228,0
73.73143985946821,0.15270825360595117,5.676216823556693,1363.2073244517035,0
69.71486814162013,0.22629458795971866,4.99783333852132,1643.0670682770196,0
57.078945472755926,0.15701099285492803,3.7114445640662037,1314.2010359525168,1
79.31791483565738,0.2374818882255069,5.308969243730003,1353.1327745868357,0
64.1232673856156,0.29728052311291814,4.956282444188424,1643.7124684127716,0
63.51798050388495,0.1424542650553461,4.874796281119315,1501.3292323736357,0
71.60455357784754,0.1895539634163863,4.562530203391628,1409.9268074329566,0
79.18909879542971,0.23690645704283375,5.069429941019233,1554.6162904871449,0
61.873425448172824,0.16513141160148748,5.407854326757568,1561.8442644836782,0
70.49343879878377,0.2371456448661332,6.912518507468679,1393.3851483881804,0
73.43053200264458,0.24443190885213922,5.089865654709764,1457.372369882434,0
75.54484485810515,0.2866609421035443,6.208912928010139,1570.0996690964575,0
71.4115324422178,0.15152079631320706,5.286204066741501,1434.6475402903607,0
67.06377728733342,0.12457798078156204,4.920377337881797,1522.5730990891066,0
63.37927823481024,0.1753938088349005,5.118838022169034,1613.9849749093019,0
70.689151064371,0.12257981283623201,4.022610904245992,1308.6012134767107,1
61.42288790411514,0.24515985632379977,5.24468821660163,1472.700134453699,0
46.62919613204314,0.10705989598588711,3.406347948142902,1520.930879885399,0
73.49247843326134,0.3866413134602151,4.3098669136891745,1356.6360491245273,0
77.23147872868957,0.30367422892590007,5.087874474507048,1457.6310887798024,0
51.096540515665296,0.20100606156802514,5.955185818543075,1583.559891531345,0
61.9221543623205,0.2693915594398381,6.144499517598716,1443.6547881004888,0
74.95323408804158,0.06905585085513669,4.810762736287252,1381.2538851291392,0
86.45996375769359,0.40186986651196466,5.1245738556243525,1590.466545852981,1
70.16634966140326,0.15278283102396084,5.787489975665622,1535.5601354824346,0
64.17597647016693,0.19036020688805125,3.9364051422456647,1494.4914966796302,0
68.53682847116127,0.051525337024925066,5.323798004252403,1492.1286538313582,0
80.99901135318548,0.2389029843792716,4.337685706107353,1582.2625976883953,0
64.83228656700372,0.1114924674338313,4.862539964258625,1523.5622660007384,0
63.60646394679797,0.20813246092528234,4.632781399604548,1551.6489717014833,0
66.13805182254374,0.15645804536603697,5.348286501638518,1444.5946884154332,0
62.3733711339303,0.11378048520557253,5.440242939207272,1346.6115992954603,1
70.98136252795837,0.13565107985899064,5.712862941917917,1549.7530960166764,0
82.99742766775648,0.2180630427268417,5.278559062771559,1588.0742337332945,0
72.58463418492823,0.09748072217049406,5.1373230159751175,1482.0350425862014,0
67.9811719829897,0.14009506631811386,6.483219040350882,1571.020526703481,0
67.66550984867564,0.25306187050115825,3.780512743842258,1473.1829765458467,0
57.494473530426745,0.40819838998994507,6.356487888103391,1492.7440670945223,1
77.06487821717727,0.2382071055642404,4.768142472905282,1640.1943030709817,0
69.37730242389759,0.126619068625817,5.456713269094644,1476.6783957034856,0
68.556160691275,0.17063086639421512,4.739472255525119,1471.9544485957285,0
95.54486054275888,0.20252712049220628,4.437966696358699,1350.4016381434149,1
72.3900232669255,0.17204600394914343,5.387661754235383,1555.2058527984793,0
63.98567159923853,0.27224465333895465,5.833702646891554,1443.2126907636555,0
66.58913923035566,0.21739787864113796,5.378406363973924,1511.7780008810155,0
79.18756567357404,0.27262819079278966,4.5663073706536945,1474.7968730053826,0
70.90616328430211,0.17484449677618966,7.889080050252536,1464.3365827606447,1
58.493776173461065,0.30604001757770055,5.958858936693002,1490.5816408110686,0
77.35383147660163,0.18668115325747633,5.7466738433658024,1496.7318128352474,0
64.65484731568804,0.12230481046896068,4.717628615406237,1594.086324770818,0
84.98638220974037,0.3741856304833777,4.4998673693687685,1621.6169485354062,0
78.6403845257172,0.05400178024311067,4.776128739325649,1552.0572081953271,0
66.42142483472999,0.1409009019756058,5.865125235513987,1601.7244730776686,0
80.2481308938809,0.14983777185356845,4.207516530339338,1568.3317976597373,0
70.54284408421923,0.40066450184452507,4.145436934836546,1539.5691281548657,1
76.82218940097775,0.34454871073172094,5.431638026688814,1616.4114348234755,0
73.8778625383558,0.3195142514913758,5.255357155713696,1395.3220295259741,0
63.229146760073014,0.17354730700989346,4.383749169687283,1445.243023900061,0
64.85160134146031,0.394094240307342,4.12703713726782,1434.3278778515125,0
78.23968654064929,0.2294681603072777,6.150317594694746,1475.8889666688433,0
67.32179734314768,0.2781810696242498,5.2856035402396495,1554.8720286467435,0
66.77081229406403,0.21437563048849656,3.909171309017574,1410.7917238250602,0
62.35901936520518,0.19604267429413988,3.965099571134165,1540.2239357448884,0
73.38879252474769,0.17985770608588966,4.710790422039625,1453.035126527661,0
86.50019935394516,0.18322880052646703,5.586273445598106,1472.2348757450445,1
61.459736685965815,0.24867933189424632,5.476007041686624,1516.0332530747085,0
70.19375565338207,0.22937598390203107,5.905342829600974,1634.49985112492,0
81.29776444332343,0.1974822903837053,3.8077201540313617,1443.0122358196697,0
69.36286887003428,0.32076191941590837,5.179077351823725,1493.592528520525,0
73.61897436999787,-0.037340245499258434,6.1407282658570885,1413.7419819522356,0
61.500851774824966,0.24079097983369563,6.066241384380879,1442.2441826924223,0
73.42645677766119,0.25741909653271833,5.287127985130149,1413.012685206042,0
68.50284587996362,0.2917570294604136,6.878414806923101,1519.5828070373257,0
77.8858399654389,0.1948102847157311,5.487428093132688,1534.0247015591024,0
79.499088412518,0.21663360539071663,5.834197306273074,1554.9639477379062,0
90.71650913614891,0.2788758706651777,5.035558335020405,1439.7080231274927,1
74.63706538570861,0.3192933123424144,4.37521976572457,1540.635446283602,0
72.60637053265734,0.17595712118569856,4.299832639377003,1509.0480062598415,0
71.5550744126187,0.22135806265020483,5.145292171835536,1495.3798002198937,0
67.1746696575145,0.33428591714790057,4.830798394519834,1400.6861737993831,0
72.70787074769353,0.030077833929691933,3.5851314640692147,1512.2602799454492,0
67.63678871888777,0.1447989920148332,4.179365132059407,1514.7965295928932,0
71.34768781015691,0.3172668782882371,4.745277140756726,1508.1382755633788,0
80.54078028486367,0.28740302668866424,5.581823500749728,1532.0040605821769,0
61.94765947776287,0.24179561687413556,4.98714089107034,1555.5676527255544,0
79.11902848903236,0.1641122501512704,4.942348631599589,1412.1581352833825,0
80.53692053871892,0.12945452008116645,4.210469898397347,1482.664313085732,0
69.05545178407137,0.1527027504606101,5.018532864049679,1541.2614081251395,0
53.02516080793124,0.3238406576654954,6.05528082195679,1478.5284143299998,0
65.13742410324454,0.1497245848675723,5.124460090206846,1576.7538845649476,0
80.37595637248887,0.20811383713917264,3.7941491348145107,1507.2142797354052,0
69.81705550160895,0.13970338841106034,3.998781764556375,1343.606188710116,1
62.005582141640716,0.2674219224079222,5.4710311017785225,1567.1543135358156,0
65.96180063017427,0.1569018975722847,4.820547619821904,1490.6317418515737,0
76.72496021203642,0.19219248878764686,4.940335815917189,1358.423133349977,0
74.37386854561103,0.06532942935657396,4.509812659988194,1479.8168111770563,0
68.08854320664244,0.07093054110360483,5.40272976975993,1398.530849710831,0
67.06540470548249,0.20061385546572053,4.759265829403721,1560.2505028475323,0
66.86593480764942,0.09398742758417905,4.850709422617117,1497.1327215883068,0
62.62071852401198,0.36840693114676015,4.319021286669499,1426.1003708158587,0
82.92300551575553,0.03507815103102005,5.7373530385142155,1564.8678445570288,0
67.42143624630928,0.1359859761068717,4.8230937667068625,1536.6820532796999,0
79.73726816660397,0.20133606938140405,5.486304266495808,1481.1388210379714,0
82.17052841537961,0.17078936497633726,4.045126748772786,1400.3522048370912,0
77.98648718518368,0.11166836346688648,6.387106510702886,1432.6020965170726,0
66.54703749825562,0.12336577284037857,6.021899230810578,1431.4033672235169,0
73.22984072269287,0.12074767380006093,3.4721618642728584,1559.719776261151,0
69.80643514887267,0.177062264414395,4.358450019949028,1365.5282171484619,0
62.77038511415898,0.35615432716139395,5.382107512807908,1496.2212146749534,0
72.59487425377283,0.2062349837246568,3.9442170750807968,1479.9772487382331,0
60.56768167072158,0.29463203915100195,4.89472473426934,1582.8431214220334,0
79.50143510769252,0.24055810766625135,5.341305428781437,1518.6189246140257,0
66.28306162161286,0.28910899183857763,4.8522192704164135,1542.8168228114935,0
71.60927724698271,-0.02399714420748686,5.431070962829677,1457.9711997015986,0
72.26630297236913,0.17564335830814165,4.445336076318495,1401.520144999579,0
67.92876021036739,0.30457083385205713,3.2046547662655023,1473.9619219298806,0
74.69355041180219,0.15426113418005333,5.785692249732048,1562.1729908741145,0
66.2007707470198,0.340997853189569,5.780651722882024,1561.9912504921415,0
76.97037837965796,0.31871121230142097,7.002909313830666,1465.5529943107442,1
59.23216255802601,0.16246954270980302,3.234250785652548,1431.1404956281153,0
71.0110366363713,0.15974691847629147,5.600665687477452,1415.4656700074252,0
85.51143199246627,0.11891153261164251,3.42505428953329,1489.069871781875,1
61.997349403155404,0.1496324614508962,6.405194625340256,1510.9240937375466,0
64.57804023580118,0.10139287486648679,5.390293466956807,1617.8553210380608,0
74.11126279727132,0.23430489443464048,4.238456921858997,1509.8664606095099,0
71.43665425551679,0.08351628053228534,5.624177979681148,1549.101279504571,0
72.80504079418847,0.24829864129521775,4.557563993826451,1437.5625609676624,0
73.9134970411813,0.2502462957520199,5.240332879641016,1503.3360803943299,0
75.07777174849416,0.0671036475852862,5.164768572967267,1511.2062764429493,0
78.87759873564978,0.3239854885062672,6.395334508917836,1488.7575577724497,0
73.2785492554281,0.24108874355321774,6.45194072806921,1498.254496250406,0
68.06993876305167,0.2599758417155895,4.5221877013811955,1510.0974774096085,0
75.38058960962185,0.13930678387657824,5.8464844943968295,1538.4829450475452,0
85.19905547916173,0.24979032947784952,5.283872124456238,1593.5294434731009,1
68.93893002893941,0.29011147597776527,3.8698543463944706,1318.7561766688232,1
62.20376556263487,0.19211132807962583,4.443017295702256,1589.099001131095,0
78.85664535429578,0.3601537967398689,6.868916879679699,1363.1353506945618,0
69.03695068837122,0.20352517079303503,5.286283520883724,1524.70102568294,0
52.61864363188771,0.29126286403619794,5.799823663614018,1688.450317527078,0
76.77937341720337,0.22344070458069243,4.830364550106407,1496.5967769259375,0
65.71737451236862,0.24684172262854942,4.5680464682245265,1514.4015311531714,0
69.27573374156671,0.06629341858921822,5.02181160610758,1475.1792228863626,0
72.65584264455211,0.22968429905722906,4.7871167558030265,1553.380987781195,0
71.52399743823253,0.14120199189941873,3.8053976551747213,1528.9766842111794,0
75.67561453711231,0.132288135537785,4.197339634036775,1445.9162204176744,0
66.51610903544125,0.3395282547572783,5.566307611529785,1490.8517555852143,0
74.10484638540866,0.18289838015501209,4.695447448718071,1410.525079697823,0
67.92362657932867,0.11973585352196028,5.020563905622326,1490.4846863014147,0
75.91048384710002,0.17126946975129004,5.187938440397769,1466.450225046661,0
74.92293987210442,0.09596398168624691,5.2504400390549755,1510.9232761272574,0
62.51649038364324,0.3147107574557016,5.917263249052296,1443.2068882286449,0
78.68785692940025,0.1443455404666788,4.121043347945174,1482.845464793104,0
65.71229243908762,0.24234399471549356,5.4562021788349,1500.7018220150514,0
76.46446238624917,0.308488537136826,5.6040222348157185,1506.2734158365326,0
72.93829850721073,0.15998778550282167,5.788681423201204,1521.9426972564675,0
84.70546941436098,0.2425617945818229,3.869665920468102,1486.066586777521,0
68.21227214102518,0.11759311560764561,5.203855374677598,1437.0645072854643,0
67.20546563105442,0.3956615655290947,6.372860757118814,1506.5658618119662,0
69.84464315289814,0.27491041076932976,4.920703584674701,1485.691373952339,0
67.5745617373258,0.18459148489913552,5.386795761571433,1581.9716513685769,0
76.3995352155364,0.1381733015288829,5.624316475668148,1592.0593200728288,0
57.0695151325073,0.1908802757728299,4.179624124481392,1390.2335651650383,0
61.570540646829166,0.17280130221187848,6.467059783199979,1549.37236387342,0
61.45757662736646,0.35623556431996056,5.399600637575123,1565.4195328871926,0
77.60246073578861,0.10195722222280783,5.415602251354741,1392.333496330869,0
83.6849069806554,0.21078411386321627,3.6703780975915716,1546.3578255130171,0
69.16440625170023,0.1985329546693032,5.63563583857065,1571.676393421304,0
68.64942621447992,0.19060717597241045,5.40512827310331,1424.0282689697128,0
70.56041730490546,0.19131066760493262,6.2993530621776515,1481.092670150317,0
79.29502642086553,0.19071433519036132,4.750987828556517,1514.9055948656178,0
62.581174926475406,0.269845285306568,4.209873336321246,1545.6366448079423,0
71.90695186187828,0.24871875571939484,4.454208804180533,1420.9248471641918,0
77.80158103825944,0.23351292890982295,4.596017411994161,1592.560535825249,0
74.00875335951876,-0.04271914897162152,4.104922785494901,1337.6521495947518,1
71.51665293278995,0.22398358993305312,6.032128019012795,1605.8996439140399,0
78.00836874053712,0.06754885118639342,6.062158290345334,1544.0213974231935,0
48.3741416560061,0.25170561305086603,4.8433666390879555,1450.2582791085756,0
75.42300255624725,0.3179597894056412,4.685792062332645,1569.1524674165664,0
64.76739453498061,0.12590087099291594,3.54761446934455,1416.1760765118297,0
55.35493682514834,0.17905754221258346,5.5567690042428834,1509.19488435151,0
74.08962079619985,0.15205154359576026,6.322752087060675,1519.0803899046875,0
80.98926836130366,0.29883454206054405,4.490244226192354,1518.8907851167212,0
68.90041188297846,0.20760223082176585,4.906572379378882,1432.8225954307723,0
77.62299637762351,0.3382663504453067,5.347433169052585,1460.313826211394,0
82.89822606390916,0.23310033623579102,6.379534688487925,1510.1395892920652,0
80.51931562867237,0.21939601445086557,5.159820977468076,1441.8605005626737,0
83.11971623497115,0.2054565426082269,5.156343932821215,1521.7162235421288,0
75.93701992857514,0.265439367940587,5.1434548009278425,1450.8699225418736,0
70.60346911121275,0.06098510414037253,3.8599739944770617,1580.0000020861794,0
57.184273504822656,0.2068275164416408,3.8425674769361082,1625.0147960456748,0
68.0315000949604,0.19439628450176283,4.353603864708102,1476.2028660274193,0
63.25402723747047,0.2580335061726213,5.810312459229898,1573.6207008776084,0
87.36754173998251,0.18498387153007706,4.731714343563206,1483.015636673872,1
68.5929135005413,0.1169012452669864,4.576316760958166,1425.0855042606925,0
70.98563845427589,0.20058805399357593,4.562260316684986,1465.942580755587,0
74.41188300832374,0.11337275769053254,4.889874497221858,1506.845579260497,0
70.34881957097963,0.04597902299300116,6.361686347281312,1357.0433868458342,0
83.56040832344603,0.2581697985188395,4.879042091442303,1550.0525409156396,0
65.01880510612439,0.24632492581557366,4.370962075700113,1506.881667914909,0
71.55685964189794,0.23736727551948597,5.020196503265306,1580.0435165975323,0
64.06023531441562,0.3042342737556649,6.40406688460923,1548.6510043017086,0
59.439819910234355,0.146797448775686,4.597740224851507,1509.595865373111,0
65.10584727275771,0.0855108685782996,4.055195993255244,1471.533205172043,0
69.7037056236127,0.19439761785535645,4.599206984215666,1621.828937736239,0
66.56558220386192,0.17219997602352718,5.103010989078746,1673.5898149468826,0
64.46063216100916,0.1326163426583945,5.550592760660272,1472.868047595215,0
58.74946029062533,0.19361206772097633,5.805506862945797,1583.383477896204,0
69.33515541897044,0.15107158830363324,4.163426180830137,1443.4600272827759,0
57.96223700775198,0.053119577331453505,4.239323732432744,1452.9851237048751,0
76.08044770951682,0.16470586473649917,4.741390192490008,1469.10040388012,0
70.65951802347602,0.10908998666369142,5.547594419757517,1554.774615008508,0
58.33958800428056,0.21853184572887382,3.9919936818781956,1414.0069364528754,0
67.52632738360109,0.14751721934074763,4.514138471665842,1623.9971381603386,0
63.98274875527534,0.28893051793128416,4.525805016470442,1575.0297805898424,0
72.55339608335345,0.3283092853814293,5.753399084291496,1552.9212164343105,0
80.72360356818515,0.25435050984095253,5.42260860853155,1476.494826719785,0
54.99862024283404,0.07591790544133441,5.722974688839936,1566.3590071885394,0
70.92020863317934,0.32041567991032316,6.070942379386444,1266.6109710957548,1
68.71893763546687,0.32605763602990123,4.7554799239287355,1535.2721090794,0
75.37072061160373,0.20150324090463528,4.0500750761170545,1512.8097654130197,0
71.70557302590151,0.3058340928268426,4.055229105722384,1349.1027547825684,1
63.984245346089445,0.15586598895626574,3.5295139479529283,1532.5002386185736,0
67.44756851466705,0.050700325212032854,4.632986536267046,1547.271338070086,0
63.63179314557209,0.1391772449102725,4.692621908134609,1351.7013804132657,0
78.60805710878878,0.3383440692835805,5.630042725444039,1405.0582865878337,0
70.17049318937553,0.08071360611108212,5.013531373741283,1665.1511321480762,0
85.20952548602406,0.19996170255451956,4.607737244525915,1485.0917163118027,1
69.51471348948303,0.202731511467217,4.907201019071532,1578.050084759871,0
64.3327458647163,0.15896206048257505,4.168821213028188,1590.144153943174,0
57.890284859097385,0.16451827201303082,5.82032525660103,1531.5149451196214,0
55.57488258995244,0.20577993073889622,4.371267549752393,1581.3793080951423,0
57.326912455956084,0.15502701264522184,4.0880549824512835,1330.9689313468225,1
72.13701320809187,0.08623532022656552,5.654305573365976,1481.5576470655474,0
74.06980018583947,0.2172025554354765,5.459331366691082,1253.5521018260858,1
57.350474383742934,0.28586932659559783,3.6210516971527906,1360.31250683462,0
77.16030651260893,0.2695658014922737,5.6840013077681775,1456.3188402412043,0
66.13551158653249,0.1352211626088151,4.406725888724755,1446.7692448803055,0
71.1743440958844,0.09990176676978595,4.700716377948864,1503.3128231313983,0
82.8977650260434,0.1772649694276177,5.14961608615515,1498.347959071761,0
77.17471452692425,0.3254233207836531,5.4692999060934575,1510.6993943984985,0
67.85175481675334,0.2516478463167637,5.356383339750021,1513.9767718904543,0
62.8704621966777,0.2563171741435387,4.960145335275198,1526.6338179682377,0
52.78547678936556,0.2711885561428396,4.660285336867272,1423.276425807043,0
64.24677344606064,0.23366132500148692,5.329776554852358,1442.016614450896,0
68.31095808937845,0.2096486838090863,4.905289730124617,1497.0497552564198,0
62.102563782790526,0.2529845517318374,6.444283567300739,1498.2925639461662,0
68.94994426326156,0.15630671166255844,5.469127207975921,1413.4458107762962,0
70.61481506367015,0.08684295909069434,4.261267500007716,1586.524750481044,0
68.20115214553537,0.25783975476994586,4.617920038901079,1557.984054204066,0
64.79997935341233,0.29901904845993804,5.038553741807863,1431.2226651709498,0
71.34923737573382,0.1105414448515175,6.039544972056364,1483.3307189666652,0
73.53552519655527,0.265753718593272,6.128884007289708,1660.7631720637692,0
61.27680738045723,0.33446125707105523,4.683092223707549,1512.8461630267425,0
81.28745903797017,0.19982030385943034,4.253092626728446,1531.6548764160052,0
69.21129494172591,0.13455982522066032,4.15080188703505,1451.2851559095097,0
70.15079698355878,0.20984149388214046,5.201943005772624,1474.9510313177327,0
75.66571538605245,0.15595728254394392,6.843027447373995,1620.9060788626723,0
71.86572905010802,0.15066159120348788,5.431275283404082,1509.0635541834029,0
77.62509307130595,0.23465472538172344,3.7248699786527943,1494.3257424901694,0
72.2969933216146,0.07170164199760837,4.419196717403199,1500.6112868749174,0
65.1005010028765,0.08448568620062184,4.50086863852407,1703.6306230732148,0
72.89202820164881,0.20154327042991543,4.342397983908073,1503.1846002518307,0
60.850190341434704,0.19821531688700553,4.689684940052624,1433.593864062912,0
70.86847764621218,0.22748436616319487,5.295515888815953,1447.5719278707809,0
69.73416007484431,0.35001803107867113,5.545584935458117,1562.4604801910484,0
68.33506514181968,0.2083611228860657,5.873410792733315,1385.721509868258,0
68.97169990848856,0.24785377202678358,5.419362058437742,1536.0466385171383,0
54.945207636018885,0.12195736515082946,3.436679807736927,1442.0945977880447,0
65.61020073807231,0.261435013081323,4.154156329974949,1351.2984354838395,0
70.74275920912892,0.1578887307911458,4.873524770512647,1421.5942226469124,0
71.27885113597921,0.20571366660648746,5.117823884613983,1502.2027047742927,0
61.77859887259233,0.19129210999446708,5.689134687901006,1611.6133914794254,0
80.12566272691761,0.2826379387931225,5.034547340973418,1573.066352955731,0
63.070601214284,0.09520187565000005,5.0405658030909395,1476.5047819063398,0
77.7556576042139,0.01734090923079684,5.190237890511248,1577.7749655854475,0
73.41755489497348,0.18292538423296606,4.795982608975039,1471.4576136608757,0
64.83018152124957,0.23748250055240994,5.069508111902249,1382.6790732203287,0
84.2024871408761,0.21218155006460002,5.900665743209401,1501.6870108506141,0
60.45090534594816,0.2985763389931129,4.9328712809727975,1379.5252803994572,0
77.35323338888001,0.2349898139343735,4.975829818572573,1563.312664598805,0
78.00465854434383,0.15489213345121122,4.973131676186249,1564.4704071205501,0
64.63503832738684,0.013966387668825575,6.038219051032935,1429.6024048375791,0
81.13972240051463,0.18101502126438254,4.113557338536446,1511.647800546053,0
67.99962788320838,0.28223672018062385,6.420677515832956,1510.8839387353153,0
72.30954903423886,0.16863617738663084,4.058894516387589,1569.7570705413793,0
72.08257471016977,0.20226562109422114,4.476623790937793,1400.3945396812921,0
68.92553006823562,0.2337088203445367,5.5957906157722554,1547.9590018854544,0
76.48646618527826,0.11877661006001473,5.824253356378938,1394.6584599195592,0
76.34790976441771,0.2498588717311054,3.8772007864012092,1562.1750990138296,0
56.011744214094556,0.3309697432001365,4.125838509402331,1585.0157921066516,0
80.43472194302522,0.18617493184852751,5.222274247577478,1446.4326885088085,0
56.70006409571461,0.10967484625341586,6.875535510211037,1597.530309323323,0
78.26036963473325,0.19467191783824211,5.997010224798944,1374.077362958497,0
79.01364109462067,0.022049271311290503,4.801522360294552,1587.966675616844,0
61.27226855827841,0.2269522611181293,3.064696689539395,1615.0764990530113,0
66.71348569636332,0.23618195021188632,5.065314187536927,1527.6652155321226,0
61.15436265211251,0.334050903507645,5.289837442917243,1484.3579375176512,0
68.28063175769012,0.18448041659467002,4.693843887133757,1524.9935856079937,0
67.53572572651407,0.23267882705171763,4.319420807562723,1451.6993305015098,0
76.23728425815472,0.13109695180912792,5.12733220825711,1709.9701343330196,0
80.48246996895686,0.17148583035799372,4.2461910448848315,1453.0774967652567,0
81.16547048631965,0.07798516506702417,6.497958928646979,1605.3920935725855,0
65.50265578737358,0.18441683029734116,6.213395838027054,1440.7018066060687,0
68.32622501004377,0.1755752677185148,5.526330105274209,1627.7446623602918,0
56.5324944622324,0.22393598128711167,5.071768455295453,1660.9862865404136,0
63.55303946803049,0.15011224957338887,4.4718687307091525,1530.8792648815474,0
77.71881306477967,0.20666762807800737,4.983370252887279,1522.932581485372,0
82.92466258838586,0.17332959555138677,6.311437708165821,1423.4736780172336,0
60.125209024960625,0.17348004893603886,5.694923246749303,1413.9465912345372,0
65.26028592677685,0.2064289860770424,5.1629538227811675,1523.8331684132502,0
69.78875394432859,0.2032418353853608,5.739179467334076,1616.6553981744896,0
72.24128927055685,0.26089392312413107,5.436488530704662,1456.1438008680775,0
63.52317184062683,0.19034855726961322,5.317022031909498,1676.6343374235348,0
73.39248835571271,0.17200917207015975,5.784450607193229,1451.188324829613,0
66.20928522343267,0.1855354043930219,5.413622115859806,1518.3513552599977,0
69.88438183297377,0.1428268706527206,5.6868411760827025,1518.5613173122924,0
74.3702739840296,0.17120711251466628,5.1291096397076075,1491.8772499811587,0
70.05137815848751,0.3624926970458585,4.796699341447917,1336.4937986939017,1
66.50891287578744,0.12698569914433064,4.561469696847881,1450.4741519655283,0
69.12312156859335,0.17770749328965527,4.4661523156232334,1515.97114338423,0
69.29309632635731,0.1690009069384248,3.715863646046774,1492.3211923215829,0
67.03991176094299,0.18022627102044805,4.270448042550669,1550.8962127522227,0
67.92963149866318,0.17350085528972842,4.2473171763342545,1560.546872959348,0
82.78917736403774,0.22233920809767999,4.594123843212771,1480.7937231056871,0
74.4873555835299,0.06318599188865645,6.249795368510633,1423.0055702147642,0
67.63615745576672,0.28297371780256036,4.873950435556978,1623.8654164306731,0
75.57563523608589,0.2506066239713758,5.193413511907448,1391.5630135587478,0
67.32944408195192,0.10057027311494923,5.2186557156095414,1452.375422125428,0
79.38499710069313,0.018473818163807887,6.270064730273893,1432.0032060820959,0
72.95713753758476,0.12183422830868791,4.539531636923767,1559.7166097441686,0
69.14158284796616,0.1805866830858302,4.8219823357935505,1605.3617579584472,0
73.58173540648222,0.406423351895262,4.915040502580653,1486.1045299591244,1
57.432990783452006,0.24346055719794188,5.909227884619814,1518.382140826793,0
60.98586024872156,0.0553928280654834,6.075284555003564,1534.301745679132,0
60.448599948807555,0.14482755960792448,5.379667055755156,1644.3203278871088,0
71.14354475810966,0.19574300509816137,5.986327499249504,1358.1141246229458,0
83.86011999588074,0.22029468434384777,5.142128797175191,1559.5377519301542,0
87.85040116954106,0.09482009117516617,4.861917401906542,1530.1219798351603,1
75.10440881152606,0.1892007817618351,5.9429792692684975,1470.3328379803343,0
74.00675579955566,0.14258886899115675,5.390094140187038,1526.0981388576236,0
55.59153812677809,0.1116993149918147,4.411575467273934,1559.2663180663935,0
65.65860960212783,0.22076765173591634,5.79793675049948,1546.6530169986243,0
63.69772998473409,0.2619101738754258,4.833205895183776,1672.680048473304,0
65.03321921399107,0.2672833021569296,4.735341181820637,1510.1985270234948,0
68.65484945132168,0.2459509080907101,5.71440349455977,1502.1524146632262,0
66.22327537842298,0.160210437348779,4.928934287324069,1485.496097146418,0
54.165601516993696,0.2571639809170805,5.311166828832231,1544.2383069716711,0
75.98328204894027,0.22472435504834304,5.52955166725664,1497.435339081124,0
61.418055794081546,0.21071535063616106,4.373645536582092,1501.0567316051813,0
71.9139749128892,0.15106455026385615,5.307880451745762,1501.4263888005005,0
86.59266135799979,0.16024990981267775,6.079578484209299,1489.2313144407926,1
62.64492326730861,0.20591095488996433,4.234826285008312,1451.3061758278075,0
49.757699818029366,0.3951899573588401,5.359927111064982,1533.448523055753,0
67.71196622495911,0.22409939840731122,4.33642581233577,1477.1961947986706,0
78.80767707998857,0.15110491981997715,5.817118147072319,1549.0943602256355,0
85.66677963376475,0.1334088444024446,5.809524466999817,1508.8614103142397,1
60.16360324438067,0.16065867098750378,4.716542127800721,1469.0740098936762,0
73.97359378589218,0.37418347580392525,6.76770292175269,1625.1864324028052,0
66.27751634575958,0.16805946832432306,5.885300247309828,1491.8149931562418,0
69.15241316556691,0.2725496427688228,5.5655431881089354,1549.8258411649444,0
91.15474677613628,0.1699257403622915,5.520488716884908,1444.001367520632,1
57.976237372838774,0.2208947633023703,5.787141527364979,1337.9568535095057,1
72.0299172919566,0.2633396219206978,4.203486074204672,1454.6400665858362,0
73.74154537412346,0.1542477720152061,5.155686078768819,1329.0041034880164,1
78.68629059951478,0.14871106766777845,5.306552308301862,1481.0509706544601,0
70.78386522776717,0.33270957555642644,4.679891149357952,1617.4917611631242,0
72.46440431603281,0.2787674315916638,5.371836215555172,1427.5771982338679,0
66.86681146062567,0.26325378549525824,5.985355440347205,1331.516491392465,1
72.15301552996085,0.26298210344983314,4.662584729787275,1620.020559281002,0
67.25446179602072,0.23676603906488525,4.956460559702956,1461.97161893406,0
74.97257511884841,0.3614220650540052,4.343531763316844,1498.7409294265049,0
67.04311731165093,0.20351266415017255,3.5704087921513663,1563.0623975304861,0
73.01680315121749,0.24618098937607358,5.623145744416409,1541.853821199132,0
69.76589749052017,0.083926965712479,4.979412964128602,1560.0409935689495,0
79.00840200617735,0.13400314507270072,5.03806353372223,1572.0343191636339,0
69.58885021129211,0.10393448001319677,4.210581105461179,1360.3108293928435,0
55.815740254344945,0.301925086681292,4.8515971767710475,1386.8521807887985,0
80.09537200571194,-0.004203212161659975,5.8772750313456985,1593.6935730103073,0
62.75414159309905,0.1678151981797822,5.000657069423568,1437.460868552665,0
64.76986929080944,-0.039496528212849824,5.023347006444331,1446.1883324029152,0
65.23470964765207,0.1334969683614488,5.166022622290738,1398.9725982268546,0
80.99550474536653,0.1607240840214507,4.010894297274835,1467.6041688522014,0
52.91460628817043,0.31078968750352354,5.499936371281885,1472.0547149052422,0
95.10198826927996,0.2317302351377166,3.9958415080673353,1425.0031449851874,1
78.44845447252841,0.1333486781336827,4.248307534976779,1415.7533804099405,0
71.78591131303328,0.2852770975785461,4.160628184794268,1525.4930473740565,0
69.56084799506971,0.20142658036238062,4.859820026695564,1435.3864586489258,0
72.28443259886126,0.20300534869658018,4.718037837169714,1451.495019441739,0
74.16897942703471,0.10378627937824064,4.999019969353396,1325.0977322580736,1
75.16172468760045,0.12079890288774886,4.275795072178846,1655.056019402482,0
74.44483572802758,0.13399221600435807,5.804396256245103,1575.345922357976,0
70.716645450042,0.20371690185233518,5.667222054981065,1460.4155157338446,0
68.42129263754138,0.206230858158454,4.8609491896866235,1428.0735251473825,0
68.78981373077191,0.3235274130819236,4.61730662672965,1500.87110377865,0
68.44073375717855,0.23080441343502675,4.53651400532384,1498.6773128321877,0
79.07016077493651,-0.016605255493768623,4.7518840039914565,1397.9226744388282,0
74.7484537782469,0.22101135902973526,3.8798038169990585,1295.9571016862112,1
46.476890922685755,0.08399869150659739,4.232314150230527,1457.9139273986666,0
75.24720621223808,0.12272232603107709,5.688096313587973,1374.9300375280388,0
71.5578895577502,0.13502644226189361,5.241449988860695,1513.7103957378833,0
69.85032994843282,0.14693293411901587,6.307419588781225,1514.246525332854,0
66.89185237528892,0.08998804863677576,4.760643879864543,1422.1429841326474,0
78.99290175988811,0.21627856027618303,4.710789418314506,1457.2332585875638,0
77.58021169698286,0.08713581719272327,4.6736808603650815,1641.0433353582466,0
63.81697865741113,0.22853340857998777,4.744668413425465,1562.010282101677,0
73.25641829699629,0.3789576861649304,4.472036789482722,1463.8197783432877,0
62.22674612366971,0.09365127528527491,5.21679057174976,1683.3567461548782,0
58.963054681688554,0.17723917565286224,5.023283253718729,1404.2450070422685,0
64.98626220328028,-0.001876589000997575,4.592068398529382,1434.9844220146756,0
76.89914777906208,0.17592517656238935,6.000919130415122,1491.1588663433658,0
77.6250003630087,0.25141737221051874,6.517266337989046,1377.5194347698948,0
74.10468336077834,0.25765113850858135,5.93326176445872,1643.2247331702276,0
75.80076629478398,0.20618909842272776,5.446499210466716,1514.6521630967425,0
74.12942629691966,0.2711410739807181,5.60941578101102,1436.8040914480164,0
64.86814723821638,0.40368436287542336,6.485132414261068,1535.822956112381,1
73.45538035739152,0.336984374995008,5.608255452607539,1511.6844678638313,0
76.40327620182146,0.15819832564722905,4.531851317920572,1475.6279132699324,0
76.03433063850859,0.08391168108266092,5.313818021320438,1403.3187866542817,0
79.51130697179714,0.16750788667409572,5.500995412850655,1385.1030459576714,0
75.66643077760851,0.12424137875061216,4.204226180771264,1674.944079795458,0
72.81158566033267,0.23610780382917063,4.772055345085458,1391.7812091912,0
78.56120190653142,0.10550451684564016,5.880313459244373,1635.8372415481101,0
69.78782992600752,0.19417420539277264,3.5412058119603307,1432.4192681907236,0
62.94500279017826,0.26704112436290484,3.999657163967525,1563.2026054032258,0
68.69546428844988,0.19194433017462584,4.858874357097338,1537.2346472064623,0
64.0407788415484,0.1242948941801763,5.282943676404564,1553.2334960237133,0
64.59857380020495,0.29398512460685533,3.913894044040874,1558.5611417792152,0
68.84385063427585,0.04968152441969384,4.898568598667247,1371.074750212999,0
63.66064063200031,0.17377639552980295,5.923014831270853,1445.8923206020659,0
67.53630776288767,0.19666719812949324,5.054921165659427,1390.556163262583,0
54.85108266436971,0.2012726926719705,5.751271154904904,1515.1440848678078,0
71.70634965898351,0.2144396844862465,4.526308702931997,1394.132453430062,0
70.0096438028978,0.24883518558475948,4.352066514568655,1341.5162258341422,1
63.463290951454475,0.19716740487637194,5.679099064228038,1481.001813076514,0
75.27396534745924,0.17055533742850557,5.295412427724952,1323.2736758010044,1
77.50056110101247,0.16739285242722435,4.051523193780433,1520.6990555776765,0
57.13952108504821,0.15107873583693165,4.3593272670697685,1399.3896381297807,0
63.89820177147028,0.2630034659461492,6.251664992845932,1432.7536201535818,0
63.846861201701614,0.14827772164187886,4.260355824424547,1317.566722147384,1
62.480775191129084,0.26774168872065957,5.747462997380798,1632.0081771046837,0
76.63579873545399,0.20151992658078968,4.61745064221304,1382.9668090417538,0
68.44939088981758,0.15829961545150964,4.997459314586295,1470.8799012361685,0
67.88388126951511,0.24947257725953081,5.235674096754698,1356.6609126031003,0
53.96910108474597,0.14180368602215054,3.3192150316003213,1433.1465753295383,0
75.08334424167381,0.25105472325825706,3.8298261316581605,1640.1457424819368,0
60.08593284117222,0.2170180896953428,5.06906641502973,1523.798138821228,0
70.47946104213062,0.15229402487264634,4.420553948972896,1442.1095202951537,0
72.21901550366553,0.24229078522676473,5.797265036219698,1497.2661216275628,0
80.8852687667092,0.24372717805509111,3.7151032953055,1455.155275465071,0
59.529436807047105,0.2926015684647966,5.45220404500639,1492.606353613793,0
45.8439027534334,0.27729176099274366,3.8990230236765386,1559.5094975226368,0
71.47079635802956,0.23930192165810266,4.718316004684457,1473.5121608074369,0
84.40408945208682,0.10979272390329896,4.148497788609629,1517.5993179140085,0
79.9115708235155,0.39588695905392457,6.5219439043769585,1518.9196398118604,0
71.677275322197,0.08771070311425519,3.928406269623971,1473.9083482161805,0
66.06691051494361,0.2759410539425847,4.902352243704781,1441.1259208263955,0
76.45698077309848,0.2345027053509039,3.6185310815838783,1457.9853314716431,0
62.21163040236425,0.10606861020151084,6.279656097656472,1555.934820122806,0
73.81086215484976,0.19005592488972006,5.321025932941764,1562.593336398036,0
74.04376127333302,0.19369976910042877,5.109578471678934,1408.9764534985222,0
78.48167925999104,0.3044466172648419,6.17945035143338,1479.1208532489593,0
92.07728031128862,0.1429351279775831,5.11793795313809,1439.7662504718132,1
73.13932773743014,0.1790443994860517,5.175657084912862,1563.9961943772912,0
65.92829099434002,0.013114431598298976,5.105380230452122,1462.303756817608,0
69.79540550246405,0.3387810234498862,5.450907460354496,1676.0739054057094,0
55.847392760887054,0.11436254055839432,4.60604689286299,1517.4317911917642,0
64.44229495128754,0.22615286913913402,4.828570154109334,1594.5597163378577,0
66.72574049509517,0.1918873736222509,5.648267702765957,1418.8311338557307,0
65.80729281652326,0.1921599226573328,5.221898361246305,1500.9377719268693,0
71.21883897626978,0.26478895878967,4.9086048687182995,1549.2938478696178,0
63.420640540942394,0.3337009968242908,3.87958208717543,1417.335980654256,0
78.96824533859578,0.22011949359535934,6.198440227629276,1501.6274169448461,0
70.00165651934557,0.2524062414104421,4.470836712039383,1584.148722576043,0
69.92559743089109,0.22631132293816328,5.789789790735406,1473.8039993661212,0
67.37684226789666,0.28140251391445015,5.140602921350468,1431.85979963419,0
71.24152547087184,0.16296668964109384,3.9652395818161037,1644.2367564378014,0
76.60078611734107,0.2860312443533131,6.001820382024492,1406.260375868296,0
63.0629582743128,0.2888399892517907,5.203632517119631,1512.471250270527,0
64.73506808739795,0.2866029606946328,6.068276285389635,1443.3378929330554,0
67.57019176978669,0.14718817061308193,4.854073039411265,1425.053260891396,0
59.23303261221428,0.18653298926102474,5.563240983973643,1559.3325666162607,0
63.44593712222802,0.2191573591024348,3.589978310923989,1483.557127066997,0
66.19023301164273,0.09033263641367956,4.599827309124994,1532.4709172335758,0
76.99511344570182,0.3275936166468812,3.981605334214983,1319.5883423099845,1
72.1004906320154,0.19901787731982595,4.700172919969287,1540.249582556965,0
71.54871929094035,0.22271423100837773,5.377449391604916,1442.3523270546934,0
76.80718369734377,0.15383964482182377,4.516335929876684,1349.6918439073386,1
68.90102569280482,0.09384979525063819,5.691073674911025,1650.7791643829742,0
73.12371879943112,0.15167760916201833,4.314709885159991,1548.08108211957,0
69.17422597654003,0.2175363350106871,5.708189290919983,1518.1821930143678,0
72.12289879519703,0.2538743050202955,6.047805732699229,1599.9535079791892,0
65.33793073910735,0.21294332324821763,5.810820908072788,1519.8055425110829,0
50.48946273378857,0.22773792129935605,4.724648758536182,1436.1108791885115,0
68.92576670250956,0.1730378900254899,3.2996371216446856,1486.0025911614098,0
81.38198508879952,0.23969988529963426,5.465733597389878,1445.7307029446358,0
77.40972321793274,0.3186266293108726,4.8998122282277565,1459.9717685740231,0
77.72317987672936,0.25638315539511897,4.217285647898118,1399.3837067312606,0
79.88904577444974,0.26476335106023524,4.554976748103671,1422.3983539359745,0
70.7092607276915,0.2235213119445305,6.147540253155841,1571.566842613494,0
71.57852565924476,0.07974759443203186,4.090127839511876,1526.5660351042598,0
65.0587848365252,0.11642667754950055,5.37464734049697,1459.7589557974793,0
67.4714171517836,0.23639006405310747,5.174366540509923,1417.757450842949,0
74.92616919816913,0.19912487584319313,4.714089868269414,1467.5682416953653,0
79.63107549735054,0.23518743091782623,5.515626149850437,1365.2920157626345,0
68.884429794552,0.3341138734275259,6.3057962071190925,1510.1304479539483,0
66.3984858811887,0.2580828799383467,4.763222796891041,1575.6377185594051,0
70.00422367085278,0.3007108964594257,4.805455241538319,1689.3578128047218,0
74.80965399143292,0.2075745111576584,5.49765192399216,1411.7393021948706,0
58.449161470931664,0.13542274580124483,5.734594257148001,1572.3041956760487,0
51.630552374902095,0.19537070726285272,4.897834234281092,1443.4230843441699,0
65.59570520406733,0.13561985490246897,4.7557010111250815,1409.723496795919,0
60.23430059268673,0.3246635965417959,3.2258827834241917,1409.6881496915219,0
65.93487841882151,0.2632312861228376,4.377592870106757,1511.2588581141574,0
68.81775744946023,0.24164099973026237,4.088550662345959,1425.5365101045384,0
66.3740127278159,0.2988754561782483,5.547699997049513,1451.4523382965212,0
81.61974027576596,0.03839548683814198,4.804877641119326,1464.767893541019,0
72.61395811681857,0.24705103610741277,4.773582715568858,1440.8025728080872,0
72.40379487688662,0.0951483372556502,4.992754989101615,1434.9932357840682,0
74.97765715234722,0.19941954412274712,4.30385882389968,1305.667218998522,1
60.88933505775385,0.17506339260262285,6.242597749351003,1506.9562632089496,0
78.31289429936214,0.2529389289677558,6.038555129357289,1505.4137191646762,0
69.39388570771632,0.21825498311687644,6.2944854264381505,1436.212412021159,0
75.3638449379297,0.3076093738889431,5.546733784991114,1528.8307416310697,0
61.425142135678755,0.15184822712539092,4.97641750798245,1611.7526025652548,0
57.56992987187149,0.25672915117066275,6.291783442405508,1501.8863866267427,0
76.54311726420023,0.21297785735190655,4.455226531269616,1606.4206223324982,0
73.01127620878013,0.0691767783942758,4.30303281677359,1679.0505536341695,0
62.78358756513992,0.1265106833181574,4.518790788184113,1702.4419751296218,0
63.04269534980244,0.18800975731822656,5.418297013531439,1404.9411130792,0
79.00347827531816,0.2889833959913382,4.390315845289862,1405.3549594865065,0
60.484704857061374,0.23709784460456917,4.875701609425601,1464.4456002619431,0
83.14138362604771,0.10659993408954287,3.718515764892179,1510.2972161007872,0
62.79503412281705,0.18877470175622724,5.384878132342595,1626.9321599874866,0
75.10713540486707,0.3614245159034424,3.7863173062535127,1550.1792976872764,0
67.37105219400813,0.20889786678726865,4.254271156107711,1403.7370296262,0
74.82549944865875,0.17381395399420835,5.973733707917315,1451.0674073220537,0
65.64708798308646,0.23933917126049764,5.944254653588889,1496.6399833627588,0
68.69765675142165,0.2610714463665576,5.299450471637198,1380.8672017483605,0
70.32735340316577,0.16350653220159528,5.220530865388184,1501.093476603273,0
61.98250035374822,0.240205981949715,4.575232282276593,1404.9251527152603,0
75.92659476336101,0.17368884026633527,4.381677069006239,1367.9423093154103,0
65.89429146822732,0.2575462081463551,4.710206641794096,1424.2411776424308,0
68.17120067727986,0.21357545263770272,3.789076660430146,1532.881684391387,0
62.045205003131905,0.2385574261642314,5.201958843962931,1532.3292568789216,0
49.501330729637516,0.13926531630659966,5.039064899846728,1507.7323133349953,0
68.47177789919864,0.13429708927417128,4.253262986631786,1579.3290928432702,0
89.30092337290333,0.2756397843727516,6.2549455350730865,1570.8466587370747,1
76.27683430318419,0.19364828948916052,5.4855309682296385,1516.3505073656222,0
69.84591696212485,0.22280277936794893,5.553473443207086,1505.3105480020563,0
67.89687336633386,0.17548836583307845,4.610128059168668,1510.3637364176077,0
70.17972714249638,0.2718981419210915,4.998935937578941,1488.1883856050335,0
74.37695292140168,0.1513752015976274,5.501898136149938,1326.0525818697859,1
60.55349747752924,0.18915190080792937,5.122225893680189,1590.8387875855856,0
78.91457355735098,0.26287942501625056,6.2815206278158975,1531.801826551494,0
75.72305052352995,0.2938374159331413,4.836969944466599,1402.693804333835,0
75.74548580566348,0.15809925671786534,4.596351574211112,1614.225329541795,0
73.50780591047781,0.35677471855647064,5.507402301177141,1452.8016105429783,0
70.15693326155191,0.22505933549548932,3.9882821821707903,1491.3784797873102,0
75.38288988773456,0.116565739055301,5.7394375458464895,1581.8860476454602,0
74.73451306993103,0.22952416388719746,3.959430559526414,1517.611148671167,0
67.1676743124718,0.1693600628413234,5.51086773284684,1606.830067353272,0
65.4111858168248,0.23472547897465415,4.48138115666187,1471.831880076577,0
70.8148503620959,0.19657150018717298,5.3812673175867145,1635.2938569024268,0
82.3921612119615,0.20594189521521158,5.725874356848814,1437.7757680133982,0
60.087143394768795,0.12707252987310835,5.122736956403135,1605.4097863447694,0
58.25979787398048,0.2792048984573088,4.040303238687456,1318.7912624880482,1
71.31808672989213,0.10750981062791744,4.282579804394278,1411.984635893268,0
70.40710161484814,0.1112988083676004,4.417072687172974,1523.8372910791456,0
71.38673331496327,0.22938882793179893,3.483994485121781,1467.9643659085514,0
71.951625583268,0.3282275397742376,5.901982286985543,1494.0201104077948,0
68.21438196292156,0.17179255223484743,5.0880860686050635,1503.332073612857,0
81.91890750881666,0.25607778581631724,4.091585563848804,1404.7277913498356,0
57.192768172187876,0.28586721414908367,6.164539885966686,1410.7256308101946,0
63.37202380175803,0.26517475498352555,4.438937519889469,1518.5697639046737,0
69.17396191880762,0.1751033368661055,5.200457991259897,1446.6933638542575,0
56.85448951076666,0.11271626262447405,4.339783563843039,1607.2827087168935,0
68.59316476454343,0.023396194746291593,3.3853918773367777,1484.6442275653772,0
83.29176132582414,0.17897276004300855,3.9084475529189913,1557.5000994485465,0
70.16709190636769,0.29424698948497396,4.641207655306855,1535.4281335445685,0
71.84560724574946,0.11006672121904529,5.718637496964838,1451.907115426185,0
59.91868187861936,0.2560167878015012,5.2772265174553965,1341.5736970438102,1
65.06910873568418,0.12398779759585024,5.1121641009369965,1594.7953094096838,0
66.9984289574085,0.20848580611094708,3.3919779018040943,1421.6872738642285,0
67.45827922595012,0.25662332913240143,6.016068918144076,1467.6993555617005,0
80.25315036003015,0.1472403650529258,5.1789437571964445,1487.9326046746742,0
74.461528485801,0.21363877445575313,4.904465864086272,1495.9190745517055,0
61.10833634450374,0.1667926930619737,5.905938487991117,1576.9566930031215,0
71.97203822745604,0.25641189271505416,5.997997378854619,1500.4659246338622,0
73.98577398797428,0.21882537347877098,5.923672198087353,1489.8116727792535,0
79.12119230817014,0.2045206139543414,4.8023308026373694,1581.4764765236011,0
82.64432549254698,0.3246679968113582,4.1972187513726436,1548.0521897509427,0
61.87924646537705,0.25298449138946416,5.791138333713659,1441.1543643215475,0
63.51313991031729,0.1447718507098969,3.9079564455436664,1408.2275698016933,0
59.93937712868307,0.19313088793617905,6.557805390931426,1434.1040179840065,0
68.12784112714415,0.19392809719362716,5.02239963615565,1496.0624199849428,0
73.73086699557068,0.20642556581001698,4.151292595440332,1400.3156979863663,0
77.89867613271281,0.4019607421285996,4.014505156674712,1507.2602437729975,1
69.39239181085982,0.22966815141687977,3.977916140755152,1489.6641352167728,0
67.44121981396125,0.037127794391617924,5.112290325376675,1296.598477415155,1
71.21406393798992,0.1565760822626428,4.99488614395217,1387.5059850986163,0
63.31885678695981,0.04541023300033531,4.011262261192646,1269.1399805052677,1
86.71630977355818,0.17361613943633283,4.714835370755279,1472.4877551164552,1
57.13871178305553,0.04101518162188572,3.905651691126926,1585.92109162768,0
71.47792463116579,0.13027276231452578,5.471441444755338,1348.7473635657598,1
86.18884975383712,0.07834227762927042,4.956325387109829,1394.2170544165308,1
70.05439875647998,0.23073281423739822,4.697277995266042,1486.9009706181455,0
68.47968771998805,0.2000431490103103,3.969511415945978,1414.8997576917259,0
67.14043661751658,0.2242369845998985,4.7598755198217875,1414.5061786346566,0
68.55686654590073,0.1916358889145179,4.668217694922938,1543.3275284938527,0
80.98278779741224,0.08845617998364658,5.254181360967677,1460.4083644341663,0
52.305104709363945,0.24108170954037883,5.133614382493569,1381.0620090081616,0
82.2674696103706,0.3537779648215562,5.633648081663473,1332.982728795432,1
58.60834278039884,0.23273700628852376,4.61233876519595,1676.6726216050986,0
67.86678136612468,0.16592603205459472,3.5116707982428044,1590.2647243650138,0
66.5660446376107,0.08575462591156441,5.792874301278432,1463.8693323150387,0
74.70842615816576,0.1273546423392028,4.2511739895614555,1507.028640933115,0
57.21500518493002,0.23624317252576474,4.114466357587796,1460.917515032241,0
73.69738132865554,0.28584944214395,4.965506763908999,1540.8365384633,0
86.19447698629482,0.2208692939777581,5.241816410363613,1431.6628505825695,1
59.094607963257516,0.2639909831764787,4.575330875428254,1456.5461426818542,0
71.51764934088317,0.2566142595221794,4.569045854825498,1536.4320672155598,0
64.70414257762712,0.24052275131087342,4.687178945787556,1616.3087283557127,0
73.40709764954428,0.14732211237909953,6.133232280794514,1559.3132075729684,0
70.15318221932601,0.2139138809580122,4.997857529953494,1598.7131102072742,0
64.86810472764552,0.13212977568942896,4.2256297284305635,1475.0066129991058,0
73.90297827896859,0.20139431623664816,4.233773314477626,1450.1591674098445,0
84.43478487829394,0.22646908248535297,4.799292656334105,1344.9295088734461,1
68.4727696661816,0.3343027045909484,5.190286347222406,1505.7758685873027,0
75.75806353718545,0.09522144205058944,5.387184129572953,1530.3237625085153,0
59.65381633703069,0.23852061047930445,5.099326883077772,1475.9995683418235,0
62.34850898545593,0.3184989273298876,4.326501319266329,1437.8638939120212,0
73.77925022304302,0.26070782126710373,4.660846960351374,1599.4722751874506,0
81.87292822828772,0.2666356354260033,5.587126305491699,1550.5443421757323,0
72.84490679028528,0.24701559214942498,4.083126431637524,1605.026036041521,0
67.49553575581477,0.3038667591820334,4.62739728553803,1423.7136723987037,0
69.99433124338684,0.11300174655101057,5.477970286305082,1443.341269876158,0
59.99673812824226,0.08912586672238029,5.700225141308141,1596.2541794601277,0
74.83612261084293,0.19949326876277954,4.845667703126893,1496.2122336195366,0
77.05866449858728,0.027107031714263208,4.671034551543348,1454.4716710657156,0
66.38327733733536,0.2984516643342409,3.942305646845008,1460.0387980989728,0
66.23966281792399,0.2976572156396353,5.420511938181676,1499.1135579092556,0
72.1270258372164,0.1653319555932379,6.055023748117431,1580.2361452668329,0
66.50624211167523,0.17033835226715924,7.052123246879754,1487.158971832673,1
69.47093908299343,0.1942122019879463,5.309156946814437,1563.2426264142223,0
86.79777431333213,0.2041616520351696,4.959296278684815,1537.3902221476837,1
68.02379439403202,0.21017391353554285,4.264151509479274,1429.7328767855222,0
67.13327878383022,0.24465856855026427,3.49691446900548,1429.66965056103,0
64.81966555491873,0.18618989175932177,5.1415673997918665,1463.9786726454818,0
75.9535357719995,0.27545546427822354,6.880271296123443,1393.0529876270186,0
68.55020661425517,0.23567582217002428,6.01664978372553,1458.8688915360485,0
64.80501569342859,0.15144292433018916,5.893251415291038,1621.0746733385108,0
80.5704322581841,0.3068090134243278,5.196482253646333,1497.4887731338104,0
81.3568240361091,0.09133944111020105,5.287618528224257,1438.6837867130037,0
65.19661147409036,0.19262673513428188,3.0610021453776177,1653.2595721456382,0
55.06768038911507,0.27735339208603743,5.610008464611198,1425.5506144219037,0
78.06010951869538,0.14215415160702843,4.536527544339347,1423.049362655569,0
64.52296139391997,0.22476445174137213,4.43861812272329,1598.358854544536,0
76.32500479330216,0.24346716775992386,4.741394437561114,1552.9054447680255,0
54.23916945830531,0.1311580905615009,4.714396408439188,1489.595291797889,0
77.14077870639447,0.1942017824324772,4.42589152642267,1566.552711999133,0
60.31062456575375,0.1874796935832632,5.011097657740781,1524.0480000983334,0
75.8461129525322,0.15586097185341657,4.553377923033557,1405.104606740894,0
70.11418454269148,0.38413398816406197,5.080258364604917,1308.1932234388555,1
62.36848464482684,0.13895149172436194,3.8102577483599736,1454.6123878634169,0
66.74370949658575,0.28039442352543065,4.828753783494386,1586.7939868718624,0
75.4905476556536,0.16857591864950866,4.122963528250999,1465.7223929322708,0
70.84715562492187,0.11306910488917747,4.486840545201707,1536.8077758679394,0
74.67530384377987,0.20822513945240553,5.114719074426825,1514.7588358756054,0
85.81152467612388,0.2519274707510001,3.7168019081960333,1364.5199764308481,1
57.48606710631159,0.27364076600525433,4.34207409818229,1467.4883445034948,0
82.937700599749,0.32498120885240556,5.455171507869068,1528.7103464357263,0
70.8348475001857,0.43561970319480803,3.869457726507359,1437.0282995596506,1
62.80972761341498,0.22004113630044778,6.422293712223047,1470.9969474377638,0
59.35749099408808,0.14695262609396897,5.963526364904517,1531.339767367769,0
68.48703687378374,0.2362299461435913,4.604378332438177,1505.8103999314383,0
77.37320089539567,0.17870296396748067,4.3702322497719495,1583.7527792739772,0
68.97960703697973,0.2740772903881784,5.1615519226683855,1530.6936730530783,0
82.08923944197878,0.09622685629074228,3.842030194378272,1423.5320001278387,0
58.39059447958753,0.389466763392035,3.3982858201340536,1461.7962628856371,0
69.90328841723156,0.268483847582041,4.632531900757947,1501.623702738102,0
59.980852444695046,0.06527967857630684,4.892760986798247,1607.0732061211233,0
72.90905506099975,0.14327768781480224,5.075541779482824,1462.1179495774156,0
77.0950991207784,0.2652864835291151,4.508207507105692,1361.3944958081577,0
66.63390565055157,0.29410752449371635,6.019157383579958,1535.245352279295,0
49.166289146982926,0.09822098982144295,3.803888273212893,1439.5521401324802,0
71.59158517437196,0.2570420680346359,4.089390292033521,1397.1758944340024,0
73.49390841386807,0.04421281018704615,5.3893087649158495,1501.5042410260671,0
73.23435803969357,0.19285313076231633,4.070682091490287,1577.8294113446643,0
79.88625753457723,0.28896374736825653,4.039743638242147,1454.0895568271185,0
61.43157056280761,0.15587874159176157,5.098683833765731,1539.7259109746103,0
75.4417288436036,0.07944621606895892,4.1571819037471744,1554.5530930433947,0
79.5400600998238,0.21169718371020477,4.89353245766345,1563.3437194933304,0
55.771299327947865,0.15162249066916175,4.440114752273795,1441.4182152305118,0
72.55721460735182,0.25036466928526685,4.310669037301809,1410.3134353653293,0
65.96656135193862,0.12917388542255517,3.3181556869240474,1421.2197516033125,0
69.34781861518684,0.138189048827752,5.11165052225707,1563.2779737697977,0
72.78141186830669,0.03831981432990053,4.002248006309657,1553.3914523736648,0
66.10217148709158,0.21359557688411865,4.865406237175584,1423.4279519439733,0
64.5943353667071,0.18712760493787212,4.590316081321148,1670.6115221074908,0
70.2732193399042,0.10492922634079434,4.834793553040093,1413.8908826730267,0
61.30203248909758,0.21550389710136736,4.8802597007893915,1579.957126776058,0
61.31339896891852,0.2821656240515311,5.15490260073461,1621.5732351364168,0
75.43498626365202,0.18275456452648403,4.417792558806846,1508.780608479469,0
60.80964771873075,0.2214533559857579,5.994157183418695,1438.4220925135335,0
75.3305000072737,0.22186489996681313,3.5220799513155385,1440.1697578041324,0
73.7007303428316,0.10365361382568318,4.818727105178216,1479.03278397097,0
56.19354616967523,0.36452686565660763,5.668984781128694,1586.4696622454426,0
64.57948278131477,0.16233201359021732,5.381418042402083,1404.0099349840123,0
79.55287522437898,0.25248929614882165,4.220131538777123,1352.898717406978,0
62.15067575088255,0.261537222178324,4.35340360560958,1528.9643992455442,0
66.28476590152489,0.18883238983073988,4.194565952538717,1546.5290201007265,0
73.69648714601517,0.24854360200477077,5.479382104531512,1657.4375557439414,0
76.26712407426076,0.21966553774531114,4.408061017187594,1389.4144819786616,0
67.98768891164403,0.08658881942180753,5.20409847049876,1489.215471043021,0
65.21991844246686,0.17341818389999294,5.211441131260764,1592.9469945696383,0
81.37895889358806,0.15099592781167506,6.894714774588298,1509.6689734082186,0
83.91119731038063,0.16306039669230984,5.250601007841363,1484.3648648750782,0
77.83086440625436,0.09567974577306898,4.351084788199629,1563.1924397543632,0
70.68254514052019,0.2901146973396824,3.8318797903468806,1452.048882863472,0
63.53387422687259,0.32815941236907303,4.779317828289804,1568.112867356332,0
63.35644474754748,0.2782402380798727,4.904731326058145,1399.714944624778,0
74.18011284212606,0.3016423379317714,3.231440378087555,1378.4454637373683,0
73.34718576710947,0.17242921303934752,4.428916671765589,1478.1129584870137,0
81.21278874357144,0.1490994532011171,5.237882034262042,1294.9368170482746,1
75.20360074028912,0.1377130362550631,4.57411546378706,1506.7759709370323,0
57.97535758592146,0.25152519383657784,5.77489902856467,1361.3950925836232,0
78.41558094178335,0.218165044251532,3.753314844223584,1522.59364164531,0
62.0155149814847,0.19382226307212597,5.541506256122574,1514.8367550493556,0
66.92822982438119,0.30361188353562746,5.731111793220762,1494.5630091068147,0
72.00160165001355,0.23239530830522745,5.765197180673229,1534.9126934030473,0
85.96533991827171,0.13290738899835325,3.747314892276497,1516.335797489127,1
94.87934844804289,0.14552729366914444,5.251642236685908,1476.5599517334983,1
74.85378447308946,0.25455946394033163,4.464996705182788,1646.4805584381706,0
68.5344270502369,0.28333862821236777,3.8750860464136787,1531.4648554841954,0
74.2760451878444,0.24413441858047757,4.668905820021033,1561.7526469848701,0
77.10124340699069,0.3517510998297665,4.2760176064793525,1585.8463795178075,0
67.43465899554246,0.33080057325851353,5.736600374531096,1553.451950323367,0
84.36169084729858,0.23528286678806104,5.410450674410855,1665.0266335139845,0
71.84056607353122,0.13291354724147983,4.078044425512906,1513.2805507856956,0
73.98194471273115,0.0952009990614586,4.420622948935256,1499.4430923331151,0
75.32739401643569,0.1690094603988228,4.695442059506701,1448.0342329754708,0
73.37269288491565,0.2602570757132926,4.942075882145682,1479.4980850752015,0
76.71152400375689,0.346131766344955,5.805102619843025,1441.502034475907,0
65.06197450762461,0.233395762752864,5.552625861184507,1554.1769530401232,0
65.53358596843175,0.29349782353849896,5.041113575179872,1427.014700214509,0
61.19876613622644,0.18037540110497582,4.791480920084062,1505.9033735918501,0
73.51600984496181,0.249821530018204,3.5813167723140222,1544.76375474419,0
76.23149202809691,0.2658685463581738,6.0335981009008455,1512.0259109276176,0
73.66218292921509,0.04163245793179776,4.642322721707474,1428.326809954406,0
83.3959394667803,0.16692489580987918,6.243872192341006,1555.9155931204787,0
69.95523184936762,0.2759760307422296,5.156887433705468,1493.1728233171243,0
75.3499332447401,0.2219574668509252,6.620227366897156,1270.183022684284,1
61.266392990885485,0.10427879614792537,5.485057226693053,1421.331864753329,0
66.90320238020479,0.0055902099418115025,3.854384295023297,1612.0905789122187,0
75.56430206052622,0.1707375403758395,4.50846761579103,1618.7457473211748,0
76.79281688594516,0.19427314456848968,4.864692031462428,1542.0888968052159,0
67.64826441868654,0.12928616401373239,4.300973690313341,1562.7255181566663,0
69.42720598513546,0.21144679496223956,4.6983513462543645,1437.7364814993707,0
57.857010026553525,0.24051093977863158,3.9064486731343124,1479.1884465008752,0
67.14376639354712,0.25365497365809864,5.004577024879298,1598.829328036771,0
77.12306530815829,0.011526486005414227,5.1899295592087515,1534.073219404966,0
74.60164012885252,0.0948571921753504,4.196712474235105,1505.195870710964,0
74.00532577104968,0.17563018813162118,6.552203434785529,1485.0553165685585,0
70.39818949744767,0.2457738504829971,5.050810609024367,1593.9577600987766,0
70.05650526902541,0.23913872108400286,4.346607307101671,1589.7625722840116,0
64.71743088421242,0.23774959583013408,3.6963685600278264,1551.9737400615008,0
75.59062736162028,0.16932656464248547,5.047954311517735,1505.302005286605,0
73.36778355511512,0.17378932501520314,4.791609173749317,1471.4594811386569,0
73.9361507839424,0.14173365852626074,5.626432725829154,1555.4410975747771,0
65.79172125865935,0.26145553024846785,4.8853037880224255,1411.8472124020416,0
52.773256641030045,0.12636089698083375,4.045024974185019,1428.4344121930767,0
78.77722169402956,0.2680029116151656,6.336574636942065,1383.9126911372048,0
66.16930035193276,0.21662825905101168,5.348499903605749,1598.81838223945,0
63.09779388765504,0.19639644172358772,4.796713030721313,1442.3466700696524,0
75.54783129531195,0.14746316801788267,5.13171082515979,1532.32062294013,0
66.86389888064696,0.0915566511068699,5.379233565249327,1489.955398343238,0
78.47949107237298,0.14818777948975637,3.8569147088852516,1731.8031192097546,0
74.93604759661358,0.1735994505100091,5.1261553759702485,1535.3524363228669,0
75.46855458560383,0.010478055073499887,4.6399012213648865,1351.0287392603725,0
59.072354310395724,0.18421158757322686,5.405839988503802,1594.0348605277268,0
79.6955518830912,0.27394858944208045,4.407854460314978,1469.0279229115454,0
72.09000424987084,0.24537743243470983,4.516238515922334,1483.9257758440756,0
67.04578288603038,0.16030352994067942,6.330296878851247,1446.1990189591966,0
71.14710773873801,0.20375490387321823,5.9847296727057095,1515.649001491077,0
55.79011813681344,0.15550683444624003,2.3635510560261532,1514.6010510139856,0
73.26922249184537,0.2119008586668557,5.925409585971449,1448.3618257881096,0
61.765027934543426,0.32320862589952254,4.941078378993795,1459.3484383610858,0
59.178637713251725,0.2774799042099901,4.43345434968079,1508.1028906470654,0
57.821126510256875,0.24166354445542024,4.19426021143388,1312.581481079195,1
78.9015069999194,0.16056920700930255,4.240705897376009,1384.6802023597038,0
64.96589285045769,0.2599950714355871,4.456051244193268,1633.5993676878415,0
82.269821679332,0.06504984389015575,4.098293933054525,1526.2256755456194,0
65.71358829558162,0.17981172144072877,3.916320271141886,1458.0072810607376,0
56.34113633925642,0.246696913585916,4.167695879324871,1364.3133734770531,0
61.06780448041073,0.2592336971238201,5.258715084052549,1495.4947068042818,0
79.8864929600555,0.25359075921725927,5.040072118856638,1578.8153673424883,0
68.75281457650667,0.22358645513677558,5.444685161241485,1711.1364883719953,0
65.61370162807519,0.18434200167328937,4.946904128631957,1651.3645139996559,0
71.2801458068223,0.24303807758611912,3.9546565354841663,1429.044958389717,0
74.01426188934036,0.12377111675309597,5.395552738794885,1460.3360374892568,0
78.9391905272197,0.13242581893654,4.196248576900068,1382.2800615810663,0
81.58799383914341,0.20493877411682376,5.517291441591147,1432.6675946700839,0
67.12185083368732,0.2138558114166998,4.067263997634432,1482.97254695002,0
59.391618511343694,0.05395078571482831,4.45001869887718,1470.6290402699085,0
66.69227871101378,0.2364117104759615,4.710886687545668,1664.3653845263545,0
72.08224405266309,0.2618182702335515,5.5395238408455585,1394.7714446019027,0
62.289928590315114,0.19381718100269638,5.140797801701916,1496.3924440649682,0
62.34279268083966,0.3899573026627194,5.0160010577207395,1334.9232190162686,1
72.75030305239909,0.1453651914947851,6.508535028044244,1526.4712624390188,0
69.61078118743639,0.17111302692905045,3.530413471019884,1392.663572745924,0
70.2623759632927,0.16839464750982325,4.169297885839559,1588.2101046706234,0
63.932037322399445,0.1939049910967186,4.135049217568807,1476.7179285587767,0
68.15679428635386,0.17370201496269672,3.58347815206218,1387.8412585373685,0
62.60613484585357,0.08745515643161027,4.424384389691178,1331.7838597153634,1
77.1215872889983,0.15627613630108197,5.550215331037365,1421.7090009112262,0
78.28199467779002,0.19219034433807392,4.526682081187399,1519.1504712594271,0
55.23049710209525,0.2982857665649598,4.733597622410953,1533.721091772517,0
62.56391311846072,0.3761794618698331,3.6219561376957743,1460.124961506138,0
58.027765959279364,0.30683791182805237,4.362779539871722,1574.0637634746374,0
64.79980852474482,0.1379696776261915,4.630641027529933,1409.1405685683944,0
69.33249624167712,0.14433523114990676,5.513920338037691,1265.8352125993144,1
58.40283824241176,0.18725371379925193,3.660066881665423,1522.6042920594,0
62.625121494997494,0.3427647111082869,4.635993003423089,1603.2076650146707,0
61.96834102334801,0.18676607582544855,5.869454424055112,1603.9466938926194,0
71.65813863519155,0.09379940075700556,4.643933371501388,1396.0152607507732,0
70.55475469629,0.1599058290437572,3.3075508687050568,1456.4245450142753,0
64.22609957330198,0.2605644801455534,6.023340621878553,1557.9056012592405,0
71.41456697711519,0.25519522215168694,5.587917554030666,1449.8315113632984,0
65.62655932330188,0.1839826666806675,5.695517740063033,1508.4307888486794,0
67.82675911739157,0.2546731738848025,3.604973082603685,1442.6848083351774,0
83.3876167223883,0.01814622379625344,6.209964580677772,1412.8488994030902,0
80.72368841432278,0.20830633880261581,4.381379131911042,1428.2901078874595,0
59.60335010457922,0.2688548337094904,4.592448844623815,1576.4580154360985,0
76.6378593430334,0.1333709379876372,4.437778267206397,1501.10262117047,0
76.49117243593274,0.13309291708029697,5.757549745564166,1601.7505310724446,0
60.813893689979054,0.050684147778921995,4.856161317995763,1541.6336555963535,0
76.55022115003888,0.3271916475848555,5.385392826070101,1628.5172185184754,0
82.30345534730043,0.14238768183827466,5.0607208183074945,1565.445455436699,0
61.01964155004469,0.21928346222896894,4.923966397045664,1560.7472664197364,0
62.65997743188589,0.24831336331867,4.242572749003043,1490.3609681091455,0
78.14129173474802,0.32096543593131627,6.4497124698462125,1740.736526119732,0
72.17196248660518,0.18768817808114918,3.8292850971958163,1509.0158575915627,0
74.41181020191618,0.15684561649772652,5.329803179227747,1342.1261304699296,1
72.72471373120398,0.2138454118856443,5.301325273685823,1521.4426831691173,0
73.12556736742515,0.30272642212338297,5.923485028921941,1421.4166205410056,0
59.38822297351133,0.1863861974879373,6.110472025903423,1581.3617217281292,0
78.37854165297159,0.1236104734732739,4.8900891204665795,1558.065340654475,0
79.35671993942219,0.07673937533477102,5.424315444739802,1484.678908005388,0
68.16487404745578,0.10229620923158199,6.411898968362007,1428.968558924547,0
69.6521844014891,0.2691513197925332,4.947858586462198,1511.7140581376643,0
57.751139979554225,0.17435004189545508,4.146853219947859,1448.7012953714357,0
74.11403804814267,0.15139832720634316,4.692425509840463,1563.0243194227069,0
74.57645953371315,0.14272262214528464,3.956283201108426,1544.4812571406437,0
69.50247186400551,0.20680366881601456,5.297453448795778,1734.8773273994748,0
78.99482687896402,0.18084359249875331,5.851564966512508,1464.390836907926,0
67.32738215216048,0.17814942850245982,4.903166806345969,1475.7259497212285,0
74.5168474071488,0.3079459142248592,3.703231960437088,1487.617946085058,0
61.84268529046307,0.3230413025489307,5.817320668046142,1491.1211572583136,0
69.8115827930061,0.07119826616728028,3.578960830747377,1582.1663150369184,0
68.60516593677731,0.2262074184914366,3.7632361776615673,1477.8923483950293,0
71.80246337632754,0.13785103211028862,4.857329290004225,1657.7905372914797,0
67.04378456933313,0.18013991089111253,5.201428196540399,1546.5820087780562,0
68.94821923462666,0.22474227081013556,5.337797999006684,1461.141116160958,0
76.60837737153204,0.18298240664552645,4.947088358362821,1440.7003452015463,0
66.50588610209427,0.21843679045021067,6.408035012107886,1583.2697754726764,0
57.147383194090565,0.25383761648255343,5.052134672866561,1502.2816121509447,0
83.99667123364337,0.2235661440432256,5.827734481402349,1500.7248043005404,0
81.0516326295239,0.14825309566659012,5.629563651275759,1452.1215818860705,0
59.66189843915505,0.1496640314423741,3.965701014236376,1495.0843455263594,0
75.51766244196156,0.08482357627055717,4.864215610171583,1448.8836119357782,0
65.97620183558925,0.13168637619834256,6.698656410624816,1608.9369164980799,0
72.10789772264847,0.3569654689518823,4.596519316847794,1557.3648121804317,0
72.35379303210794,0.13663971407238046,4.460303580514648,1486.0184928559381,0
68.12473759746942,0.10452969500449442,5.136460465181618,1484.8425533557815,0
63.72987467530883,0.22559422894758188,4.625184056591959,1507.3739334591373,0
64.47567158146992,0.19117081925665122,4.365036336398209,1499.5567808902294,0
62.67046467615006,0.18435254105206197,4.613373284561931,1423.4451056552666,0
63.34542233415644,0.31272367731296724,6.145607737094901,1347.9380697292015,1
69.46257367960516,0.24393013404466923,4.890705046817942,1436.1839466847177,0
64.27392008711399,0.15760056546372198,3.9375399737962304,1489.7186007467976,0
75.45641652570096,0.16604192659265762,3.7906027695294684,1440.9733441826006,0
81.89796924268742,0.1597930788875452,6.765443945643575,1565.5470424316457,0
65.35957406903965,0.26997916972642055,4.821332504452718,1481.6677491279397,0
71.91523600428302,0.17534818964374901,5.347662800772334,1649.8858860022897,0
73.99748088242347,0.05654771980366796,4.382898218928313,1455.080459341668,0
73.7760181673542,0.19613442570125247,5.2567887754171325,1511.2573438961247,0
70.6076421433287,0.07703791990976568,6.1674637212812256,1476.8910595064172,0
75.94145934687778,0.37473844814039214,4.478189453004996,1535.1822446187857,0
73.85799162144525,0.12274656689222153,5.366869423958866,1585.2600903197635,0
60.09870062138162,0.18705081877138155,3.8754029792876894,1548.6624767141677,0
76.95324851511418,0.22065621877609096,6.618292894693433,1337.5362984427154,1
77.09832669813393,0.17690734714566161,5.21482874419566,1539.9889288378295,0
63.89371116657135,0.1767975678827046,4.669764924518167,1419.129748617517,0
70.30350268358082,0.2337461828928702,4.761700701371069,1475.2184657266978,0
75.46663194248856,0.3220972767037023,4.5919694603885315,1555.146334946987,0
68.32548944336511,0.2614007265453838,4.6328758687012055,1410.4191273267968,0
78.5838243821281,0.31828111028588346,3.0420038861202716,1592.475840598804,0
88.91097995695489,0.11627047135251986,4.921627414322596,1471.7291280359013,1
63.71211173892014,0.22538901066042893,4.888097055515431,1673.6749898334492,0
58.9516431747698,0.21241968416466236,5.390929229808382,1505.494226063501,0
72.430548764839,0.2280873033341388,4.581485002846779,1636.4274194121417,0
75.77250004100915,0.3100985576508458,4.383170948687182,1595.8143379626808,0
68.15306900924185,0.18233686801663568,4.99378004443762,1451.11159343564,0
81.62608530656827,0.16755973067567298,3.710105505527613,1395.8647417893183,0
59.29115360221401,0.24271846379349313,5.114738550027667,1509.0901888990036,0
75.54334898425289,0.05774378179473222,3.5105445923826233,1453.388550518226,0
65.15311343392885,0.18105183607022574,5.896654919064637,1626.3775024069605,0
83.75502324965838,0.1892641848571638,5.54741596452862,1480.2512662661902,0
85.94012282534494,0.126371310695446,4.25905129886079,1475.967683318498,1
63.86674729773322,0.2845647209085262,5.528910410670429,1388.3281231410385,0
65.60354291273136,0.11502077461253728,5.089211379403105,1533.5373610463814,0
76.87670309583842,0.18913015613089632,4.192791815132112,1406.0622174442533,0
66.90295480168388,0.22345257802583748,3.381699074216728,1535.3949530304571,0
69.63671025654209,0.3082761249180895,5.253148546741162,1546.4073381198402,0
70.20310736433927,0.19915548520953175,4.3645745222919725,1440.025991042051,0
54.64261475041875,0.27489228753025685,5.875975655756863,1576.526394481417,0
69.8892980312461,0.2560476317821702,5.011226987105481,1478.009964856701,0
64.48217780748661,0.2098766044935314,4.440333842802146,1382.3005043276623,0
66.05501742080182,0.11283892733812358,6.438270986472377,1623.6229872250954,0
81.54905602775051,0.0852335311276521,5.461157194082404,1426.1223540740546,0
59.947944845765946,0.20852043211353494,2.075930787916715,1540.5656433013185,0
76.50564149398382,0.15658425008779092,4.610886584967307,1534.0635579237796,0
67.76829655734554,0.2735408873345033,3.8927288063900614,1531.1347739139476,0
67.76191865203333,0.2596685214478862,4.360161649823753,1529.748953274411,0
76.32297516841369,0.18523112044503603,4.8842140808651715,1422.3849890751999,0
72.72041035655113,0.10738296608469847,5.283238806870037,1635.3079681202178,0
74.56490397775625,0.24085884396858187,5.209092593690859,1576.4999320160512,0
77.74547728426289,0.11856404430918797,5.862298461251842,1538.004538500032,0
67.34953293453341,0.13932288616553082,5.509278702006934,1393.3619011587498,0
65.102106123938,0.12164674094278766,5.459797543300404,1421.7305699475653,0
61.31879578753762,0.18891991824480373,5.1611938585066195,1552.596530135133,0
63.39671576016836,0.2936153867256449,6.029439082180721,1339.7052710642547,1
93.5927554024698,0.19959673038211773,4.746978765447266,1527.0963087952296,1
79.95743664589429,0.16454250460578435,4.767757385011848,1393.5058562091504,0
59.19140507033583,0.07795080559638047,3.4755413176219756,1430.557457799231,0
59.42033634605144,0.24416996677838745,5.844931235048029,1387.1145913865923,0
73.85492849374793,0.1375676315257098,4.938459395376676,1519.6885132625841,0
74.37811837902373,0.20940140953264774,7.346884564937018,1589.3089161467437,1
74.39107068253891,0.17166251072666877,4.675573846590034,1527.841401905015,0
67.96035365157041,0.267054177567955,5.070862503533388,1536.6266439137798,0
68.9963659199768,0.18742108863771584,5.437203962886731,1513.4367116923906,0
72.62303619327486,0.19528589163815588,4.118480021609029,1554.615480869651,0
70.68714405034665,0.23885977179643678,5.2868381711033825,1537.3668491400012,0
52.24559701801972,0.3685552145810549,5.027729145645749,1282.7921444802255,1
68.16160295539845,0.27107575442868437,4.75704944825853,1572.5045390129317,0
63.18874852591749,0.19291151149211125,5.938083166994406,1564.092156956872,0
71.4016913512681,0.20025583924922308,4.277001025671476,1471.0149735473274,0
93.88207202082728,0.15801124317404525,5.219921690465777,1342.0634617813846,1
72.93985332379444,0.12400034371842439,6.163731433108037,1519.3979220507526,0
67.49176251062082,0.15577993703469425,4.4347025952349615,1526.1328643309198,0
77.37441201581802,0.1382280829030446,4.762491213846161,1464.7613213951324,0
73.8615030976737,0.25226947070367084,6.876243650777463,1514.9359779477354,0
73.36075592361473,0.11430441137048113,5.379512852124845,1585.7472206376297,0
74.85480474572537,0.30665684491040357,4.595042018685906,1691.8017374636133,0
86.45234851863633,0.2601637106895064,5.642099808062783,1511.7522938332693,1
60.95289251739268,0.2016401383494135,4.545525158727179,1526.7130945082595,0
73.78905661449164,0.20002548891720548,3.7480672606719434,1434.0968899851684,0
62.58895096014769,0.15541749523083573,6.097891156212136,1459.8886363218737,0
74.44410117073798,0.22160675290782114,4.1175525886951885,1489.1165895702816,0
62.650507908111244,0.28704739705668714,6.961370099997833,1594.2174428312478,0
66.66106549115932,0.1437474830195349,4.608534099630235,1565.5166204822447,0
67.63928068609675,0.07732863288650157,6.706611745249484,1654.348267520637,0
77.80653375475767,0.2562574603885395,3.905063145183954,1380.7819059471833,0
77.34763555153931,0.22594927793950406,5.820394869013002,1394.101202348082,0
60.034260988428926,0.11038409588470566,5.39978101838772,1588.1666348188746,0
70.43947288799879,0.14132869032687057,5.670196980444121,1615.908830105159,0
64.32336116200662,0.13127165807598876,5.774418165341008,1502.6502497336746,0
59.931960714597324,0.1420374184772601,4.6018038861750625,1142.7516909176898,1
68.26386359660503,0.174105379676705,3.952924926397601,1440.5176670481003,0
67.53213769235344,0.17867621565754022,4.959265815728625,1526.8394921719512,0
89.41373189076418,0.1479365075945232,5.178424206068107,1428.0469610737814,1
73.46367860288557,0.13934689444000575,4.622524303075596,1514.8100925550173,0
58.9790599939661,0.1816972524864495,5.222043176127889,1651.8844359097582,0
65.48180796663246,0.2134153227887649,5.263700424939792,1614.0906255676,0
78.17106636343519,0.17469627709081245,4.2719788427649075,1564.7113796296112,0
86.7075421829594,0.29269336186730416,5.315977025352373,1494.8440576929474,1
57.31213350209633,0.24064701715366293,4.786230381044283,1460.4265553679686,0
54.96060491888764,0.07273233145130434,4.440015279837303,1560.620105222198,0
84.96772140297426,0.24189822123310828,5.629900110579195,1502.0315722000182,0
73.11691341896723,0.24844351860684663,4.378407030645165,1504.7763551497897,0
63.05365814498907,0.1652212025500647,4.634665928076219,1375.902750969518,0
74.27703268897949,0.08038419301574756,5.0576406801493246,1442.8375694219285,0
48.914018087864974,0.2006453407528909,6.099449296523391,1560.1488373853451,0
70.02700405277729,0.19938330788142047,5.154227262179439,1411.914652740113,0
72.62256938274469,0.11026830107734444,5.422630665979734,1521.2565678881965,0
77.39416111630264,0.08390246269920516,4.761885971202803,1533.0002875891312,0
61.8888323816597,0.19299571628372486,4.937208300498927,1537.6710252603216,0
70.68549729122687,0.18135382463593425,4.960898213184325,1544.821137308615,0
62.5966029915233,0.16661877077420853,5.23464498881362,1550.2180842512053,0
72.04307004539454,0.1933271412202751,4.763225941561392,1450.0965526365976,0
62.837229421095806,0.11177789009437449,6.071999908380968,1382.5876349071061,0
66.73519328671823,0.16521435097071088,4.701467009198287,1430.117167009332,0
62.033476841678166,0.24266600244914782,3.634207091835706,1558.393695752393,0
75.20908993458926,0.1720023935718969,7.194237283496015,1403.9322724963445,1
76.86760893325332,0.06624220225659586,4.738105047244998,1416.7511456092395,0
68.12303544034069,0.1621846177821143,6.050535829673078,1416.3084799393862,0
70.30590395968022,0.11438732291945118,6.123832673567807,1352.3220436205393,0
58.41126868293165,0.22137090371693846,5.756171449800306,1408.239650709456,0
67.6025868159457,0.22550699227043403,4.841578224322078,1580.0317530658936,0
69.59836306366604,0.06729802999311754,5.229347855899475,1442.6588277827552,0
90.9663447282398,0.2607210376465751,3.980391832556058,1360.0849474756524,1
61.104263793806695,0.11102509589771534,6.592118219054621,1459.0684916068335,0
81.7134179100195,0.3247345832385881,4.318555201453864,1540.8437772714933,0
77.97487018772647,0.19609789883995066,4.7968792298073,1353.538178809307,0
72.2450912359211,0.10028852011686702,5.079189189632201,1576.2648247812808,0
84.06896387356107,0.1086411143445855,4.914048196130432,1384.7215347712736,0
72.9768437808549,0.2278476233429876,4.474501374165285,1468.361308881065,0
73.11327356534343,0.1686960088081298,6.115471241643751,1467.3387912003507,0
69.57503477585963,0.19226768723054874,5.760223426790624,1455.084791459558,0
79.78855105934902,0.32902241861576315,5.257637763460554,1494.8158641214782,0
78.77175387048707,0.144060474861674,4.6803575552026,1562.2848283181359,0
64.9945817000303,0.20479702861565655,5.851420697475577,1496.7358734957434,0
59.44602244320986,0.31358755898984425,4.628425093777947,1451.546107192539,0
68.37615490083475,0.22164107803731203,6.256313472270253,1536.5878947808717,0
63.59969148481883,0.07147178117135955,5.088976732386742,1516.5810982898006,0
69.49180340307716,0.24043112093857094,5.983825221578172,1446.4397152058539,0
79.89950507747311,0.10695977137732447,4.908943739053133,1503.3841137667494,0
66.34158675930568,0.31254460229863723,5.057226545632756,1439.8125997433929,0
69.6574129495074,0.1341705916001618,5.9803368491669335,1430.7409017282446,0
70.46418187846716,0.4375607606196532,6.755140121443556,1564.4640971319925,1
76.78744705764228,0.3173900790662143,6.248293454003905,1535.7567045255325,0
52.02488532812316,0.1362709944297617,5.7017076955022805,1561.630370818924,0
65.14639764187763,0.20160110440012885,5.4714267463660775,1550.8102800921208,0
71.69026953823578,0.2602915425306771,4.5944410477923,1429.0224592756758,0
79.60063165141489,0.26269283793813664,5.236183792884346,1580.1025544053434,0
66.06478041995035,0.2353869007980958,4.269560652802615,1476.1914311774462,0
54.98757835166501,0.3001727229572888,5.3006257069478195,1574.3374258613774,0
74.95769156772909,0.19016248426925045,5.352040528554859,1489.9906712022962,0
64.91710088939496,0.17066258651391736,3.4313238868254468,1525.0530470303459,0
60.482666727277106,0.17225088096603117,5.030990887353365,1527.4582343157615,0
65.00523688229421,0.2686698585577702,5.331899919271284,1565.0560308227512,0
68.52379713875321,0.2292144832242117,4.933032114288782,1369.2363103192904,0
65.1620426836943,0.2233026932552205,5.2864390710852565,1373.8881829832458,0
52.35547154320744,0.26361873994057455,3.9266222053149487,1553.736869208174,0
77.17652957509706,0.035915807371691616,4.379308555551793,1528.5089971994691,0
80.19900033022978,0.22480550591001205,5.827950530531146,1437.9485081449102,0
75.21217593071604,0.21748551110989728,5.000457332516621,1529.1447127213394,0
60.89851463660147,0.3335046465040564,5.271903185051927,1387.363183191688,0
68.38806772841986,0.07771296141890664,4.562783071433137,1761.1431608695207,0
69.94782947816434,0.32457493059014064,5.015595218621485,1604.9257109462355,0
74.79035511649528,0.2060327303139733,3.158390255891841,1549.7842141926299,0
75.34672390974464,0.23911916245280362,5.676809550736613,1506.050429654199,0
64.12660960977203,0.33407350300875016,6.446346271161977,1450.5017564155762,0
70.65596445130848,0.24486090144044587,4.147985960628287,1395.1851008523302,0
73.65824323692193,0.2320294631570049,4.247734249992345,1490.894189800846,0
81.64657857717413,0.21938329486418548,5.352703918589986,1431.21914914439,0
75.63605231859779,0.16132174920044987,6.179103432405396,1435.8846521077403,0
76.31245349900415,0.19772087003916858,4.998322146093644,1386.6594688180367,0
70.67061302343488,0.14275897871018012,4.016545583349997,1519.9730441544884,0
81.28367316162803,0.19643464804596145,4.833106210689701,1469.8405195341684,0
73.27810236767598,0.013125544235592285,4.176054335750566,1542.8057259860695,0
63.111296718611435,0.2343231654054039,4.464922965704979,1536.567903492383,0
81.22695976100152,0.19026101969730996,4.756767120677346,1518.357170406373,0
75.58322618031222,0.17310370106665887,4.256540329406699,1712.7552206443345,0
66.45564783097214,0.21758064671521146,4.377675420660347,1565.8964410852436,0
66.16405626080605,0.08531488616276475,5.059627200177795,1399.154719148008,0
72.3726043611261,0.3543415997297026,5.172028649709784,1536.6989158337176,0
73.70547836214068,0.19177860308099204,3.860815732943226,1495.6785005625209,0
71.57833812504965,0.18833244536222485,5.3171053780074695,1392.6775543338827,0
72.49046938754307,0.12276830318936623,4.694452909494881,1386.2693695938688,0
83.59965899661104,0.2019157105959409,5.576209218842087,1536.2562333823655,0
78.57234521787909,0.3109567912218625,5.624398016550288,1555.803802790285,0
71.5250847301202,0.28287329675456274,4.564367055235961,1416.299424054038,0
77.53048464613987,0.2683550200912445,5.491318155230187,1577.6133642555715,0
61.739808771779686,0.24371191613338172,4.330435168240936,1522.7931517452228,0
73.18341639957447,0.17131659779499123,6.059009650268232,1595.6687325554014,0
84.47445079786488,0.08398694663706385,4.360691039314828,1587.1696318671395,0
68.25563283686101,0.1839168982506692,5.282199686900411,1487.3250467677606,0
63.21892857104732,0.18113028283730584,4.849912684284576,1630.8479784081676,0
64.78328889125551,0.2839035551736993,4.1864843886099194,1410.0707127903627,0
61.2829357012609,0.22475123539678563,5.720732609428247,1691.2235603960557,0
63.721904734978374,0.32898492223228387,4.508694552906567,1429.6971455611283,0
67.03593521127976,0.295799083203054,3.6399422680173545,1496.1597814657855,0
58.75546384657086,0.16348035123967236,2.694389309465576,1454.624936110979,0
70.12494667159683,0.05638966427041053,4.299964244457623,1469.856720969621,0
77.21821739029318,0.3108460187153185,6.100726735439179,1733.884293001117,0
62.737950558824636,0.30875081785845954,6.006190774002928,1462.9823450071137,0
82.15427138913415,0.09070307272782192,4.425121278121974,1568.0886697834337,0
74.08633670822076,0.32073920158620006,4.700436068238896,1481.1677670970867,0
78.24464468499247,0.23056937364740143,4.628069539555182,1574.9240343670199,0
64.7373235691829,0.21285483985005224,3.933254283640345,1456.4672385303206,0
76.83620181653292,0.32918266033978616,4.240934502701325,1520.4905674927338,0
61.264528796837496,0.3075748138584492,5.784919615520628,1550.2958640378195,0
77.12198000669207,0.25210647615961634,5.40311029710352,1442.2550837330814,0
71.37471471834824,0.23785736526495865,5.218471086823911,1720.6180739380472,0
74.42600975987827,0.24931154324242874,3.931882710671313,1554.4752834587039,0
60.595243155001185,0.16799540528939794,5.0805625712271825,1481.92232363861,0
62.839441261787165,0.19559188402141434,3.156924024409583,1444.2212386519445,0
74.77782574602708,0.12781462763243662,5.674242153008427,1507.3378418901586,0
62.413215966206394,0.1733568179408865,5.2068599205897135,1402.7201591509224,0
73.70565033679298,0.17066928970648537,3.9238140383201356,1642.5836211079954,0
59.062897548318034,0.14917557043026686,6.293140445992032,1534.5003017920865,0
76.78539370133335,0.21093972021187707,3.563068272665135,1492.9611146070883,0
60.13981348185193,0.17408153194395384,5.424244945799682,1583.678228348537,0
74.41839950143618,0.24017877762815792,5.444137415182929,1442.2788177531227,0
75.005047469168,0.07021435093649878,4.008263648518016,1407.523233085565,0
64.4258254525634,0.19093161647141604,4.969719447351906,1489.589354261701,0
74.65621253667781,0.21052413121419966,3.6905377262777095,1510.2034919575672,0
72.08353810666844,0.17514966081304956,2.722900546938549,1542.4468965274216,0
65.6892651504581,0.1862085840152615,4.145699018454673,1381.8977666854219,0
61.931562527390334,0.07318031914161141,4.506700046190403,1463.4946535984614,0
54.29899446661937,0.22851816837355937,5.515404944648633,1253.3228165465157,1
72.79720037839755,0.25180847860536565,5.0539264680486555,1405.4120663275128,0
57.48157782910356,0.23948298353630137,5.074836367508917,1557.2209226960324,0
70.76275359553047,0.28309816475537464,4.1884627013731315,1576.8820646859788,0
67.892414271342,0.21612236846260016,4.575990956766891,1408.6396371749584,0
75.43314220350557,0.23829449445207498,4.256058712104672,1474.0316360740499,0
67.58363600408109,0.2124872590765482,4.020020794376153,1502.0484924102395,0
67.36441770922328,0.2550040575673995,4.525040458410194,1586.2488111073687,0
75.85496563430637,0.07382162910943024,5.059609908077067,1622.3275893213593,0
72.68046423267295,0.12851352256175913,4.541889184460637,1512.2465804178419,0
72.52924765746222,0.3269519725626473,4.7411978644600214,1479.1506675534215,0
73.75414071846821,0.003165134232303579,5.555931848729112,1384.5045113039491,0
57.71542301434315,0.1887857656139725,4.5993964650474375,1508.6455387648848,0
76.05430943989586,0.29378199676864547,3.9328266952096866,1665.9938001192213,0
74.89975035210882,0.19253914675665884,5.450762817280991,1603.2154039949855,0
61.86653497138802,0.1675991142839442,5.212679718806627,1513.9886637007123,0
68.0473562106064,0.21035373414522404,5.262927598537852,1524.2702246960089,0
69.68554169897895,0.1717503855998043,5.500670926028568,1444.9186910838355,0
68.92402572478613,0.20246795942055515,5.365313221846356,1471.4291496978783,0
72.67087973254827,0.14532951707838965,5.022982953977043,1511.807934046748,0
81.45093425464947,0.28869395359645794,6.913162130281674,1512.0507472254753,0
78.65413382138263,0.3138611936852529,3.9720250029584365,1580.8599946322447,0
59.502246452548746,0.1893287742310702,4.530866177209154,1576.9666346193037,0
74.97655992244839,0.08908084634470055,5.773867491742534,1541.6453424168867,0
80.63146655628327,0.1580925463749284,5.11406903367646,1420.068305744057,0
73.09446816551362,0.18528090719176288,5.606338427208991,1423.0867743054557,0
78.72784340148773,0.24044311015225667,5.135805143629497,1428.968682377233,0
86.09816356560611,0.11935894214634576,6.099245240927985,1518.841623136533,1
78.18967636885586,0.13846701450862797,4.193991315493403,1337.8943156195087,1
71.99446876513383,0.2408540910287046,6.073967911525368,1499.4979942028303,0
78.36070779267803,0.27511270656316467,5.936797194563413,1612.691417316331,0
71.15910266477513,0.15027247638634528,4.0317687086156955,1553.3460827744511,0
70.19122434627964,0.09334263568392033,5.504532327910138,1471.9417911243372,0
67.18868611429014,0.46272945610303073,4.9655680542107286,1444.1395669000176,1
82.50730687065686,0.26266433896709707,4.514734384704749,1564.4572227821345,0
63.45257067246399,0.17863969905863747,3.4891046482258243,1524.484429284182,0
82.25894179742492,0.2695225020424672,4.191349063106147,1480.2854037933807,0
73.99891298992297,0.19004346962284624,5.566489712147671,1452.8775296875087,0
58.80555060158447,0.26937255112801495,5.651073015408445,1506.110639174982,0
72.94119434393137,0.21275145582209778,4.831431615539063,1475.7570588810408,0
53.19978793878701,0.20730175185340588,5.653588114514627,1562.7503655933372,0
75.00406413464829,0.1909134505415369,5.75620806231531,1599.2935276782973,0
77.08185186391192,0.08420949332295283,5.1237119669010776,1390.6200137725828,0
65.26115235478358,0.3550475919514512,4.422133100919837,1401.9344341976928,0
70.98838156764465,0.12467728637858054,5.352843290252515,1607.8444950118985,0
85.63325947000229,0.09119811389515245,5.38958776612709,1513.2655154131164,1
65.95402636590451,0.18297120937949063,5.539155512280248,1409.4679490568926,0
61.5287393035472,0.12308225491915947,5.692322616001792,1578.6601285328513,0
81.8533072197008,0.19586297675517833,3.9102683424630227,1527.3348079911066,0
85.70069752424635,0.2550211078849415,4.592056603707406,1676.2596609539914,1
70.02956537478278,0.2796242320423379,3.481102923449744,1481.1758658187566,0
78.09170428326685,0.26517845772973453,5.597596830684278,1588.696319765497,0
80.73180732424704,0.1755494356171456,4.830150841615667,1384.0932448693793,0
64.06012613969293,0.2039673462129269,5.344651256557932,1611.6822040130858,0
66.11755331705706,0.2326303240717993,3.8194570014478733,1575.5328046568923,0
79.84699610523788,0.0593770060846342,6.120784679754441,1628.347794703502,0
83.48011422966808,0.24564677600958879,4.04452866830458,1588.8464254006988,0
74.50304688139484,0.08341605699329349,5.619650643505967,1492.0761451299459,0
62.96148517198357,0.3632277279125191,5.094360136714033,1406.3098748770512,0
85.89648889359553,0.16763879322866437,4.848445777979057,1451.835767970877,1
65.75223281750428,0.1852099858244327,4.783871914710261,1359.1079690241504,0
67.31889775062838,0.13842343206097157,4.489549592547096,1426.328077505303,0
72.73870267591697,0.14960239745154483,6.036156941520614,1534.0689079366746,0
82.4332833657182,0.38192748553145917,5.010090267481794,1496.179769693985,0
76.8318078124178,0.27522957508986384,3.9846227757174235,1482.1127887894222,0
73.31892400289529,0.07606380438817294,4.692831838372128,1436.5517667242002,0
73.70630824094485,0.3203370320548184,5.102671221762351,1358.2080791313372,0
70.34811734914773,0.29545938201131455,5.71824422515626,1514.56664905898,0
74.46511611614805,0.17750300301693694,4.516304223586234,1530.3328153974915,0
49.76351937844558,0.224535755362387,4.569778755356362,1420.6749151962626,0
67.62714032744161,0.19880447364631407,5.018745701717925,1457.3247783869024,0
71.93057547933425,0.3578063923557546,5.698739855957861,1623.3706763271543,0
60.791887331043945,0.1362967848806328,3.9049963715231764,1592.7598362858907,0
73.09058654249247,0.21168084878205817,5.4042837047933965,1381.2460350616839,0
68.36423023211103,0.16574837352057564,4.628749975897075,1493.2290890215395,0
84.04380558652392,0.08535676763057168,4.740453934601211,1616.3964545897802,0
82.58415780171885,0.375331060404399,6.601260596103799,1482.6863202153984,0
66.27355544705469,0.10547467367180702,4.84282462035878,1478.484544927427,0
68.79329830746644,0.21761033499902208,5.6037550002468635,1587.419010139446,0
69.40841947513286,0.06074395148957318,5.575131069762679,1578.9655395420173,0
66.38672419072302,0.16807435686055255,4.0559808687211945,1574.824267630448,0
71.56019987222501,0.23375750571467663,3.5236845398216765,1479.0412200660696,0
63.93374344889928,0.13402128163981097,5.656785673933529,1553.0310413020038,0
60.95507732049979,0.24694414805885243,4.133163046041185,1619.5796411164176,0
74.98168979120214,0.17847671264895343,3.668653636343178,1496.010104122514,0
75.03623667377448,0.29280660099188904,5.820929771875358,1467.7272302949063,0
63.56547392272006,0.30894087306721785,4.184458612979526,1598.4058111271709,0
77.1628434461008,0.15306041914159907,4.3819860194524844,1663.63518423177,0
64.94737816667735,0.20613862875143657,6.579498524071436,1669.2003906852658,0
72.02532190430385,0.21467633811777861,3.672211710894743,1470.039080018004,0
76.56275210089964,0.2495479436347759,3.9949711668744596,1478.0767800402487,0
69.7310994823703,0.20115055969954126,4.632241486020863,1417.6670133490761,0
73.63792729712908,0.2152168767474274,4.8077945281324626,1509.444185953184,0
65.86856284889943,0.18052748201639046,4.285003774305878,1414.0704854833987,0
68.42826733257522,0.2092191893577615,4.073075922141667,1457.8693246634004,0
68.35312455295728,0.3038352154828106,6.207995459545545,1556.0903838529912,0
64.02737322767808,0.25168665929694833,5.210388899283773,1531.1981928111518,0
68.58580669507374,0.25610045115546953,5.46813499536735,1355.1422955866378,0
57.61105360909003,0.25784562593084626,4.890219858753171,1625.623383861951,0
66.07077002286316,0.18769529776951718,5.2315639590873095,1413.040313027861,0
67.72099605304264,0.22550616348636243,5.746321328887673,1423.1252860896798,0
67.95056198003697,0.11318610573314043,4.2029607883637325,1400.886227858844,0
68.06802043303377,0.3015046125053566,5.211868797214385,1447.0973329148792,0
69.50588640111897,-0.022636834587457633,5.556833850726313,1428.255489706734,0
73.83553214468851,0.19302812861316598,6.235837877107408,1430.2053247048877,0
76.99613659306019,0.29127167817202193,6.5583127838414095,1302.8582358614844,1
64.80187818521387,0.09089056530965268,5.055887837585409,1510.394191364305,0
60.374393156886846,0.2319823934093481,5.910911159749707,1518.5652134252448,0
61.66364470205518,0.14553868427367786,2.863865653302762,1679.552539031377,0
66.10237663044059,0.17049573878489052,6.2418263275013715,1538.9072798132447,0
67.18462945746792,0.275675276851155,4.4192930706233575,1460.2728784225483,0
63.84003147042034,0.21584455407081202,4.807122040809688,1403.9428017221262,0
59.63106668600084,0.037251530569250985,5.352883587493617,1492.297883216059,0
66.35103338020649,0.12188595682147214,4.877246106147589,1535.8978311514047,0
71.45141296091177,0.2780268587911008,5.157162703654508,1459.7321104544765,0
74.76023572668451,0.2359154174554398,6.2701543745809145,1504.8812821078857,0
65.54061557513343,0.3398508458019428,4.692623963723223,1651.7883275247057,0
66.69601742285252,0.3346118075210638,4.130460946799557,1469.271189836867,0
62.58641352922152,0.17262038958825665,6.450771085838841,1349.0579556166008,1
69.74848663700179,0.40025902440555905,5.421411373603742,1569.8789429913147,1
63.21257092647348,0.20195837358815288,6.537791180250771,1525.1457156652043,0
74.5850225059296,0.12298651724727798,5.690903928463124,1363.280639099367,0
55.71306806452711,0.14930881072715382,3.9411244863892505,1534.2114941821035,0
67.1229626203803,0.0194619915768465,5.516307737405505,1420.1709160689802,0
72.40885871353393,0.3285615206599425,4.212841547293956,1535.3057921891525,0
71.47067613058003,0.3275809591235091,5.0059454419517335,1652.5810807363432,0
91.54426931184398,0.11875940489493433,4.939428477113794,1485.8424532525423,1
72.79840019654326,0.18176925692944754,3.705868956293555,1586.6616959229189,0
61.967563225263916,0.20764860352900621,4.349751608350571,1401.7210145718097,0
69.23628602328742,0.12317175582863091,6.7641498401272795,1378.4464682929856,0
55.79002933226839,0.05959183749830707,5.190701923872932,1661.3896377916537,0
69.35520200562591,0.18317139169784707,4.859523092269638,1524.625201084507,0
63.33555154399393,0.17431364564326027,6.450312175952741,1550.933595292907,0
77.3231222044813,0.168927100720898,4.683011751944665,1592.16178422763,0
65.60367780323573,0.21781728500807718,4.926863710424704,1457.7748152161635,0
69.06587267363803,0.31436157268207937,5.79264228489828,1566.0093087810135,0
64.91553726876478,0.17575258242466194,4.67941136110692,1553.8835329847054,0
83.91081081482665,0.21363543989770903,4.402783408517999,1396.415614337411,0
67.4300578710567,0.2581496418995949,3.196994867711426,1621.0388249130149,0
84.66045634783362,0.24433143412101993,4.250801349293791,1604.5488412783627,0
76.51321409694613,0.15084611804417264,4.24317780320831,1397.3026208769818,0
73.85653381868309,0.20771016984912288,5.1268533563748875,1516.0229153169437,0
72.94986517854016,0.24380318561352426,4.511633387417779,1481.5136210469645,0
73.15037838573001,0.1097318929991378,6.726415208685757,1613.464597594075,0
54.57861936523512,0.3010831208637207,4.153896855812155,1387.151039510511,0
67.76893284679394,0.3145271124171289,6.120517349485924,1788.1932019368423,0
76.76126376947457,0.1421775795644405,5.175802364102039,1486.04126645025,0
69.60882253220716,0.2154936014678535,5.645419228569911,1559.0756132944953,0
58.7584812255714,0.25138226053368257,5.5968156757886955,1610.9998665602243,0
69.58076439538024,0.1563508674936998,3.2254115757500665,1484.3200525463885,0
83.63284413004394,0.23852910765504756,4.990757856818754,1490.8046491523778,0
79.97513372427775,0.21306045010337324,4.790217490212934,1459.7735284945097,0
69.50396792507175,0.08256654578889594,4.093617524246986,1429.1627499095105,0
77.6115942164647,0.23673290527828467,5.367700829772694,1521.7487318234178,0
67.06794383705558,0.11198860669831714,6.373232252701977,1489.1786655860037,0
56.36902730538625,0.2751362281329638,2.8615970848927472,1459.2500641339602,0
62.60427209496356,0.1463031139892889,4.572424259326623,1463.9228841573038,0
82.50311014806559,0.1870971653071084,4.0033870687091015,1546.0986763114513,0
67.80805534536556,0.309782313075726,5.057422260990155,1436.1949176519565,0
68.05292816499986,0.23971053172230763,4.739502973480003,1480.2428185286217,0
67.60129442980096,0.11364208643403638,4.515458229794257,1571.8933913431285,0
85.23309271658405,0.11880667433607331,5.551605462663247,1519.778037605544,1
83.0076713228965,0.15205577691010197,6.308945040845679,1416.0352586913114,0
87.75024186758507,0.2315715266685333,7.129054921406269,1498.0903145002424,1
68.72763831679958,0.22866398519462147,4.40829676122513,1534.9617296914375,0
72.36499590997676,0.1325518156269705,3.5432995585455442,1579.1417752988993,0
57.866859604633675,0.10662324115085128,5.447357147262672,1439.569706660408,0
81.8154754089462,0.22252667240686674,6.288387788258563,1455.3176221839092,0
60.65776358985652,0.18545119473678706,5.650951973632583,1444.3872009023844,0
71.73420451010104,0.372577270995819,6.285077631624249,1448.358384048657,0
61.22157977893725,0.20292829252504632,4.819610663518304,1532.4003772557692,0
65.28906538609043,0.34514022621602203,4.512340448181497,1547.559130390692,0
63.3019005516024,0.10636931215165281,5.09234872592105,1584.0722794306466,0
65.13699791459345,0.07414296483506344,4.735557450106489,1492.7060072739384,0
65.68701837480818,0.11039318939795724,5.530475217072275,1387.574163617642,0
65.61384964059938,0.2951303825162773,5.775814222402793,1553.557613156597,0
76.66667129424246,0.3404881271754827,5.838466931657509,1512.7314942726066,0
61.16109765549984,0.1374256436837893,5.408474136643512,1504.7975583452803,0
71.76433141611093,0.1631547176192354,5.19665786134024,1397.3277209351022,0
79.74367321844447,0.10648152718300002,5.635541351400679,1484.3331309115727,0
65.89442908389283,0.055068812230529035,3.429606473877823,1404.5076171099424,0
64.25664887401919,0.2574729358221304,5.168456601867153,1538.5571990756607,0
68.15580299855799,0.21784162423697306,5.041982445736361,1465.6084777036929,0
79.43780166688568,0.20083903861391006,5.1704643167772435,1458.4372482908354,0
71.55286104762686,0.08799547702692961,4.929901162996615,1377.0275613528775,0
65.75028564313921,0.33119653454629283,5.345484394769293,1582.1676695747233,0
73.87101320950431,0.15973146095604215,4.540317662772788,1479.3148295016515,0
61.18166280130861,0.2426901139853181,5.903618743562904,1506.9584616270206,0
75.45087608354359,0.08363508758042205,5.378919821930779,1441.1607927445957,0
73.26885846161414,0.18475798483039702,5.120548686307089,1367.9539952026676,0
67.53753223088893,0.22330995649908672,4.441986743491104,1457.4699529458196,0
63.29131361242215,0.22616601744426462,5.652253508166324,1470.2766929781828,0
62.906552621732345,0.21237188345893002,5.165327758795593,1523.4208016731875,0
74.27853869076728,0.23956179936390182,4.395613285170467,1471.5974071288695,0
79.8318440199125,0.10955836351736312,4.954670766069409,1442.5320912242178,0
64.90153802376965,0.21578980843517281,5.503266095392991,1379.7328482286132,0
73.66709362841188,0.2091006146784222,5.44125883105586,1503.8762796338199,0
53.303783851183454,0.21853381473560488,5.389607174246525,1436.2751844983306,0
65.3230581547424,0.20578761738553455,5.074025113392862,1605.664522701256,0
69.75152853703278,0.0981429780869282,5.820655626641518,1512.011732907048,0
62.722532664145334,0.09457601983128211,5.990237203049288,1544.9682272026394,0
62.50794900168323,0.02285854512923588,5.589858092540433,1480.0969066968662,0
64.65776354824891,0.2654027607876238,4.530038980115434,1516.1024231814329,0
72.33754182661099,0.2662126007788159,4.153550626167586,1428.7427747383797,0
68.501367852749,0.26748402329776966,4.564848186422725,1405.7424939464315,0
52.09415013340022,0.22454319699691616,6.5629253983813785,1501.2104861878845,0
53.03439877891947,0.02935046258255114,5.225356731061883,1545.631332416086,0
65.1450785771426,0.11786316065717872,6.701153462021108,1344.3350583950737,1
73.66149268842841,0.21363323340744897,4.903841325130051,1460.0717207356768,0
48.01996125819812,0.21084144022334364,4.792949063605663,1647.3697686310713,0
66.00215859078696,0.18218014294783832,4.940754770684741,1538.3382041335965,0
65.79001714786062,0.22951337623265974,4.926260735957357,1623.0116826952399,0
81.10670222566759,0.20093213661481965,4.38107927050582,1449.2764038569132,0
66.91982550629709,0.20966163724410894,4.080921385466659,1463.367538800445,0
73.06391187792742,0.1488747733734387,5.40106930174469,1577.3386656275607,0
71.1300571206997,0.27856087888972725,5.843920574077891,1549.8816284302661,0
52.9554681615424,0.16553827130556928,6.955985040533121,1492.4492339152252,0
76.1456577330539,0.0935480733583499,4.653029674647182,1398.9987352585197,0
71.72317204365031,0.13832007897450171,4.71787561050874,1592.5481569781527,0
74.06614911739672,0.17212270469104157,4.3830165644391865,1700.818251802217,0
101.40990165149061,0.27952022306950774,5.900581943498854,1374.2507049362598,1
53.32709648401129,0.19661856012521656,5.6519899638370115,1612.289531979955,0
83.79757319808887,0.1851081424827481,4.298452334500379,1462.5359085874102,0
67.70041984479715,0.10010692601898982,4.278241530421646,1473.322507916948,0
72.29863123522408,0.2628386071863661,5.762011806876718,1521.5711590030667,0
69.63590203759006,0.14784382767812915,5.3065569209667265,1403.5581376688,0
66.60610933281565,0.19199777128469314,5.6067109704089155,1497.0289244044493,0
65.44133657408993,0.3184146461505492,4.293785217328869,1371.0997097758263,0
72.63606988458407,0.24070106648394438,3.4978201088718346,1538.0865991822564,0
57.86261042662657,0.06973967618278606,4.300027986655864,1678.6977630370534,0
76.00463334017412,0.05843918109180224,5.550213384008981,1448.837480866907,0
66.67044476091797,0.19485516399046032,6.688846382907913,1486.5005329366631,0
60.95944528767714,0.1029807508100156,4.656428808377913,1490.44174591418,0
66.39989713603349,0.25188373981063983,6.820684705501493,1578.9174875192803,0
80.05719373490058,0.20338104519719835,5.663855813993351,1532.4457895241442,0
65.71731930387021,0.21323078152190905,3.885574158632939,1573.6276808281543,0
72.86762894567696,0.14346054546861176,5.171227070248825,1459.5011731838101,0
64.15234979427622,0.33931069242293643,5.691179422729489,1534.6855203855837,0
76.06337479938895,0.4274074982408368,3.0596136811578507,1230.5755413651314,1
75.48406191032163,0.17771322209946283,5.515560926330705,1553.3970057591223,0
84.7888706663713,0.22824313987320008,5.93817694385849,1402.5765832963789,0
68.59548843600628,0.20779338744514503,5.3190944993049145,1473.792489480006,0
75.34923843806325,0.17922505092471452,4.950623031454861,1559.6200886915365,0
70.78454031631156,0.13343436258137628,4.861658733598874,1377.1128133904074,0
80.36697425490411,0.11320256100156184,4.8149421378465425,1587.154623857762,0
64.24934089913016,0.10915221875795807,4.059216156986313,1490.055615096902,0
75.96004250301824,0.23241920204393166,4.449980934476026,1616.249238902979,0
68.44242163106655,0.15842604174370917,4.666724763478272,1427.7724672771371,0
69.48649458313201,-0.006263428011242411,5.090795476980594,1354.9769820522442,0
70.73401987558698,0.2355886576478658,4.554548193874346,1497.684262772957,0
72.01792317141341,0.19693909740286755,4.304696606001656,1546.9660854277795,0
69.07016765502433,0.3077338401120917,5.6078166873006765,1553.6749551048176,0
71.7177054653642,0.22984979176728076,5.296491177558284,1409.1609491258212,0
82.62494446049747,0.08170611229517623,4.568616370568346,1370.0293543904072,0
77.88359748492175,0.021625868741601523,5.405022777190069,1475.0140820878748,0
76.95323673997517,0.14244220925296502,4.637473685051252,1541.3155192380473,0
66.35568379180903,0.1499914063445078,5.050452023590496,1537.2629425685057,0
62.88607337417341,0.27545273608001336,5.780035243778293,1625.7701069177715,0
77.64240446590202,0.19929032541683414,4.517007125466989,1470.1235838866066,0
77.00837434023835,0.29069507984788073,4.062070713733005,1352.408284942025,0
81.78136540600785,0.09401335554378924,4.883892333582927,1595.7333150627387,0
65.16815499224616,0.27722115075043585,3.90922798705163,1515.6156251288603,0
68.16361075711723,0.2576791322744736,4.77804119251922,1522.575032840073,0
56.884126699796525,0.038541271085504286,4.775490016549234,1561.3672313685267,0
66.86023115151302,0.3058094273008618,3.0290527008755497,1601.091487229493,0
77.97256408463558,0.20747667934130823,5.424508130995608,1498.158401267984,0
66.26803696617442,0.23136356030948046,4.853848186654943,1594.1241306662455,0
75.12383836160659,0.1308083110057262,5.9455171622175484,1544.1709011313428,0
68.47597515201751,0.3020197610337578,5.172425583835266,1447.55340869536,0
72.59245622577248,0.10513181366089042,5.588486856252438,1481.340922226519,0
60.81846888147466,0.26656736146991566,5.952031002565635,1549.3395218718804,0
70.6816755970712,0.2656485980726937,4.894626333783403,1443.2940188604884,0
46.070912232794214,0.12206660574622225,4.999341448908878,1570.9167281709163,0
68.50483073470411,0.35866988795380594,3.7411654212878145,1512.6546800677766,0
56.95621405027888,0.21852227841740154,5.991630196187393,1530.5294591279855,0
79.64795613237453,0.25231140882168196,4.883442080222756,1615.2404258840122,0
76.21925882211609,0.07783033637313955,4.1954155597216145,1528.525350206096,0
73.73336785572864,0.3694184002406852,5.591777989189942,1505.712948313225,0
82.16804981727503,0.10203544478199283,3.2561750464285986,1493.39292295135,0
62.4086678334013,0.28199091462127446,4.656580621701457,1489.2274432175407,0
83.97890558332446,0.12041826256546438,5.726648832969473,1524.9839491362886,0
77.45753251408308,0.1504808957721854,4.649822518427276,1609.065838729313,0
68.10755770224843,0.2631003235108358,4.425662439241135,1451.0578991732664,0
79.08496117746355,0.2822042170940126,4.667076162309639,1445.0034289063228,0
61.14965190070693,0.09829726007087185,3.392056588425141,1602.8031916158423,0
63.40388670777861,0.28723777352455954,5.5723827454264265,1454.7082448113156,0
65.1312822140824,0.28359843961065556,4.90169116641847,1517.2875893082164,0
65.76817833548787,0.12496372729240862,4.7821403120041905,1452.6562028147307,0
61.54753885791798,0.32789180748728886,4.785065106872767,1365.6412433314833,0
79.7846645367626,0.08345138974015696,5.011263838771668,1515.8580154633569,0
67.92916479704135,0.15001819337779077,5.522749896537653,1589.213431522084,0
72.82003974685503,0.2383202099273591,4.958349167040601,1495.035611856582,0
65.43718906869056,0.13171469722379148,3.9106907614561504,1381.4673149395016,0
55.435173595611865,0.22110552685434728,5.460412897235254,1508.7256466440333,0
72.16045886713138,0.21928608630426363,5.398855752803381,1439.5238889083687,0
54.701960196641785,0.18503405840618237,5.164421598573168,1290.4395933403391,1
69.45092763131625,0.26659204308724477,5.860193045569055,1493.5293022621167,0
59.053479689337514,0.18173113658738888,5.024302941130367,1541.4147355110426,0
85.89820799384647,0.21852328550510447,5.889100871191404,1594.2164382505532,1
77.29090177739778,0.29171775019903223,6.125768817182717,1640.5483791969714,0
70.84603033017184,0.26325489680206726,5.465850308419586,1552.0748541909209,0
80.10965342123735,0.2628813832651367,4.40165310249765,1574.6853926884476,0
63.229472180274115,0.10806563182265759,4.895371425198047,1397.2347639937548,0
74.34783502936074,0.24198340604010576,5.991084827246699,1629.7460641237003,0
71.59848346974971,0.12972009672243962,3.8018977071443945,1601.388814525724,0
72.11216065066937,0.0974868016177579,4.686437065457113,1470.630761202678,0
80.17882800085414,0.19426349229720255,4.725628130842605,1554.5328100230274,0
75.85993682223842,0.12765638506787283,4.307831519717013,1546.4854546758888,0
72.30978930260018,0.2632494175071982,5.698303159935029,1617.6170808440315,0
56.76090051017363,0.2651628367756259,5.3014520568326216,1487.9113782272093,0
62.319629637764294,0.04778990108548464,4.431153314719606,1440.301388983999,0
69.0183285312342,0.1337357968338488,5.484410336188671,1460.8001304270924,0
70.74697899421321,0.0832170662465601,4.873267012265425,1571.7436786691094,0
60.958370202608606,0.16298965787256875,4.287844341422126,1346.4103671886132,1
89.29341340462737,0.23641405358950596,4.429665271805706,1260.2341248605198,1
82.13115244202858,0.18061695214572895,5.348840859820752,1571.5399205574383,0
74.81694656313987,0.1528192607466292,5.751207902817471,1521.9844371324239,0
70.57629489026996,0.3040141221450512,4.610585413636171,1501.4770669042541,0
68.30232824079079,0.015611426192296912,5.435553066935209,1395.5562697609234,0
62.384652319822116,0.29894975148145797,6.265403326061986,1363.208818832377,0
70.6198441481509,0.15645693654756115,3.9929035549037977,1449.2376733201452,0
72.062020321142,0.19375127919097684,5.2845358982708985,1528.9356079495744,0
60.065915396147005,0.15781093298239132,5.664524553036326,1453.1395429786237,0
72.67341133795918,0.3234310484431295,4.923880146720935,1572.0080160193618,0
68.757927609402,0.10152172025557925,5.990626568684518,1423.6752526383766,0
54.737539536980876,0.20093890957775487,6.759069630609027,1458.4523941472332,0
63.11691991376399,0.24219509214879975,5.274684278709042,1556.2560843747497,0
66.69115573262684,0.07111977856918661,4.813128214177601,1469.8467986812348,0
85.10150125872153,0.12640814636430772,5.7815862461295655,1473.8120031741923,1
74.45242499627007,0.18814571732014168,5.673655088302321,1448.5209237080949,0
59.31614744720087,0.12906679722525002,2.984935236065452,1433.6847407357723,0
73.8882903153411,0.13475265830246802,4.997811555127109,1528.3341883116968,0
57.62156808849308,0.172010986953885,4.684320426608709,1538.69650357157,0
78.66152843109658,0.25196650653169383,5.317364553211133,1518.1718750041027,0
66.23100278545697,0.17258257784974845,4.845073375764968,1450.7053115557246,0
69.25091049008664,0.28627409555783573,4.931859126183198,1483.8806480069302,0
80.60637318033753,0.12017937738725162,4.309429792431135,1627.6747826736942,0
59.702691451326004,0.0998462191621238,5.58762337473959,1386.3133298320347,0
58.82305451909607,0.3541076324576907,6.324033777174986,1650.8713024342912,0
65.33120538923197,0.1473633497867591,4.321862440627972,1507.9775876894037,0
78.30703080815454,0.09512703943422722,3.882355981482421,1485.5898888018796,0
57.84523139618526,0.060635684658253586,5.016002575861971,1576.270267104134,0
47.342755215115446,0.28600827630471515,4.977075471171789,1334.6187144753305,1
66.39072913272801,0.17269563882719527,5.936746228896288,1610.42556596638,0
74.41392639928736,0.17970322119468812,4.016644038097175,1648.6180663158705,0
79.60209399791063,0.18726386307306883,4.569635859980722,1587.0378293967278,0
66.2947091033168,0.2810354307735825,3.281837408586518,1331.8171704871427,1
66.70858714307198,0.18563761328192638,6.099986908969458,1561.1334238240386,0
79.23120587404598,0.3875243023066101,5.200435702658691,1631.6798846414947,0
55.04206640243663,0.21070084592433835,4.6292536688153625,1623.4199030188604,0
66.89183379853593,0.28494278135666573,3.9421828171270588,1387.3528602218885,0
71.52339111940046,0.2644191886323526,4.015619153458199,1581.3085465282404,0
73.59374977028027,0.197084214379357,5.331413519833113,1643.6456322223319,0
65.92154645447295,0.15304232111836294,4.1140599635194315,1502.3572574916816,0
70.27552809364673,0.2265571142853243,5.083204338518856,1383.7839021768223,0
50.093381172696084,0.24080789849658185,6.634355888908025,1566.2922074179946,0
64.73401270132922,0.15419311614987782,4.721929901644144,1584.30863749214,0
73.62806970043574,0.21330710927605248,4.230844444820497,1488.8633468539279,0
62.141647725962564,0.2988963982607677,5.305605764362211,1404.742123530894,0
70.47187377271678,0.3655958191255743,4.019366607374618,1578.549766722893,0
73.57498000642158,0.2683495456279537,6.375987624263523,1438.4952907502593,0
67.25960639313789,0.3490207749104226,6.122895734822668,1531.7877381231096,0
71.36371016797257,0.14965006310348355,4.868662704837085,1624.6533084010357,0
62.298139477723105,0.2561505801647435,4.282165454860624,1367.2961522438384,0
68.34710976243163,0.3070815606865018,4.659384101779712,1572.6211198375404,0
74.88172935671378,0.12829333336224033,4.763467510331657,1483.473437574416,0
71.25578368774747,0.16115279103639926,5.306853705365652,1485.547737281234,0
65.30774984348852,0.33903238094682003,5.831705863440893,1541.1453147626262,0
71.79373123432634,0.12199209153704482,4.170789895393128,1438.2892774868674,0
75.71687832509295,0.09270959738754316,5.808727652274196,1405.9984690457086,0
53.600469771380176,0.3222385258911609,5.494148490249039,1357.2644182375457,0
79.27259251964718,0.2957410579984351,4.593768407354715,1598.5410167535372,0
67.30996209055142,0.23456961951870156,4.130630483458392,1470.266225191283,0
73.40391946592185,0.1963431396283338,5.0929861738340545,1545.5952329885893,0
79.57797538916182,0.16491803955160145,4.152329213038333,1461.1974340094675,0
59.026610422156274,0.2225559099047241,5.818944679330085,1407.0591597300036,0
64.32447198057963,0.326384556592124,4.100893782294236,1552.1850087951311,0
67.69161043299437,0.2190852900913661,5.4381649545305155,1526.2370058979857,0
63.729971831004576,0.3733567413797573,4.935506908147934,1481.048067681006,0
83.87949260669447,0.12816464114878157,4.551500092499839,1524.1516850753176,0
63.14582324938566,0.19842553965373846,4.917734794944567,1423.1612355004797,0
65.55562576410507,0.17015530658688677,5.863986535707362,1584.847981964425,0
71.63511225282382,0.11318867654701338,4.046194072804968,1603.391571082758,0
60.38280379139129,0.18775330135922758,4.670274755846546,1560.7443657069537,0
66.8345543059499,0.23338634413283518,4.398605148250249,1470.2411392725064,0
72.5396260900014,0.24193841439616243,4.969106293161028,1504.7477435746728,0
67.3371167649399,0.3736361743155645,4.452255285989876,1625.506915850781,0
69.2529051288004,0.2371573975778848,3.5855350060907085,1602.4932974088943,0
65.76534310041303,0.2920109442943693,4.15588996245411,1659.509527240698,0
57.88423752655386,0.20528753970391808,6.310204014830489,1437.558491734946,0
72.5727456907139,0.3342444480362077,5.197382569029018,1430.3830172810294,0
84.03946457317794,0.3918759428470456,5.169889643046462,1510.7496230065688,0
70.14721304626751,0.242486810478076,4.773910087993089,1532.551660583704,0
71.8021129379804,0.1205872787638735,4.958699660712664,1488.616866795235,0
75.54178204093488,0.15609559817782653,4.656150461734896,1468.8252457731676,0
59.84535602762641,0.22255474425641297,5.421542824832852,1601.3916146263305,0
83.62011726503684,0.23651984282005167,5.080647083407499,1492.7414327562287,0
71.61863037138242,0.2558740107507498,4.062985431873107,1402.7830865665342,0
83.05485519271286,0.23681581449840328,5.202979602483354,1412.024873045158,0
64.13573603580808,0.2005587933004751,3.0330064613827594,1519.7651460106802,0
84.54449538046259,0.14910412470382972,5.331087359742228,1740.212198792935,0
76.20124395227826,0.23209106090113837,3.872514514530783,1421.9245005003856,0
74.42432068681887,0.34839898859845253,4.923155931063939,1474.8100745061552,0
71.87219563482519,0.2815942884342204,4.044297917443049,1692.3843820212833,0
68.01177105540441,0.24277631597089586,5.002258559626478,1461.2575416129225,0
79.60425326779098,0.2823653539058201,5.4626228154209775,1536.4368673017125,0
71.12287895878437,0.1703148776879318,6.2022616681996645,1650.0728578072985,0
54.26344237130278,0.15933878831333437,3.7669138759908174,1423.8817055276943,0
61.06250830634398,0.14017719165072146,5.780378364536908,1475.2591822382751,0
68.51323398245802,0.18997707017844498,5.1049221643019775,1461.2507253092367,0
72.47999186532444,0.1662395282632736,4.639466277740301,1378.5683709626246,0
69.54729208880083,0.29666197925217114,5.607885204047568,1625.54927565509,0
79.75176631834931,0.1619741265854249,4.811260119131835,1453.1676529224108,0
54.391185087691,0.13578226270200672,5.574024413120544,1429.9003459342487,0
71.14870349204128,0.35540617430645055,4.206184229497604,1464.4452889543663,0
55.456166196902764,0.16388998151349252,4.4936023741629665,1574.3065124123284,0
76.07769836387335,0.2122822765800281,5.75488004223568,1509.0314829606305,0
69.24433028446398,0.23610582597947294,6.188320418856337,1436.666695565571,0
73.35687977619294,0.1090645504863348,4.97197448067772,1532.7319875932042,0
63.08893631528187,0.29883870156024556,2.7701688597153757,1565.007575819886,0
80.235719453262,0.25096952323289823,4.840760573913236,1498.0988329677793,0
78.33379731247081,0.32467072095046257,5.0259408942579435,1481.2191256907472,0
74.6683544240951,0.14566224502255198,4.813781298645463,1581.2700750705776,0
68.96386202509247,0.2079300633980928,5.269070849332425,1485.6651802789247,0
74.63885828236106,0.20314846039953563,4.618472057922142,1628.655320503202,0
64.3448594561012,0.22111107954800174,5.671096688542422,1439.389210232775,0
76.8444452721657,0.08363082011382712,4.066629381815166,1437.5269227391366,0
83.19584715459136,0.2088669102953778,5.989478965883313,1427.6962575932523,0
78.5648844798335,0.0858828870861004,6.240063059168874,1480.8922834648013,0
64.16318024154073,0.22866672569575372,4.269552209551754,1500.2003249093054,0
72.89133853818483,0.02970807003851844,4.2691201395175495,1393.949127234175,0
59.65486764993082,0.05187305325675309,5.328556251022023,1507.7405814331348,0
74.5791224894054,0.2654838973151999,4.050223672205688,1545.2283349828765,0
73.6048273029003,0.1562529235844174,4.605917703118144,1382.7606756165576,0
55.041469283742686,0.12097135410942074,5.882021565164812,1458.3062858895291,0
60.70572924870109,0.30166764968604387,5.590085411581571,1545.3988582855184,0
67.73488882604987,0.2262100973862732,6.584157073351672,1412.8464587299263,0
67.59312202287339,0.26976721564270273,5.1366273180801665,1474.721718246923,0
60.32418451664956,0.18670063421433358,4.5113295981774515,1587.0546855147038,0
73.11182983481747,0.4143702955120002,5.040994809322417,1643.6146210500815,1
72.01178887152409,0.1516388911552164,4.879529328473092,1535.1932168999301,0
68.44584694417185,0.33955964394879107,4.890754312637491,1486.459737133791,0
63.953667998733096,0.19509071679200699,4.9809570335234135,1459.8881583491418,0
78.3896570113325,0.06763916840698034,4.254586632923011,1572.8603279017238,0
83.24325690470636,0.2386278996598487,5.225774203976514,1590.6725119292537,0
66.1315081292277,0.2251810049164131,3.8730693857931273,1407.485136230588,0
65.10266466276144,0.11589425486086163,4.426538713673509,1572.8341452755146,0
73.92966132329597,0.1262224578292228,4.9048969894881465,1451.4362958619024,0
67.13576496202411,0.19802418855320064,3.1923573498755267,1431.2355380838205,0
68.88482239469413,0.22797982521983853,5.615193229075934,1487.7084637159658,0
75.91722521379737,0.0023469373696479445,3.3574763921219954,1579.3290594049893,0
54.72515129994166,0.28424971620190426,5.535670152718542,1524.7524259871739,0
80.54641859882136,0.1604401620948018,3.96575256805747,1522.5865331832654,0
70.58144419463473,0.09346020124814591,4.6760650474372,1528.1953323199746,0
66.70805484350255,0.2752853241161545,5.415304517559544,1537.4126414952289,0
69.2861267662284,0.1981105616465235,6.758511615583586,1490.867902597883,0
69.69943484016414,0.29729326214258034,5.093161582165879,1550.5511012313589,0
56.150389572440595,0.23503618103838045,3.4138989374403934,1447.2254243219973,0
81.95950581962589,0.19987883976415632,5.76295610610862,1552.0806120756422,0
70.33060505816495,0.18778160440158753,4.814465276112785,1568.5588278267192,0
73.544017043579,0.23861702084449105,5.055925323567059,1555.9309275653584,0
77.61239816459235,0.1669174992952536,5.446290423910091,1560.0823065355278,0
61.8307003395176,0.13179419290028005,3.2196976344754287,1537.1892512184115,0
73.78777519228183,0.24879272981237152,5.0052294781881566,1593.875433227409,0
67.85887127280965,0.18844097268444565,4.672244888037843,1318.270897281707,1
76.77416620173194,0.2026854118455205,5.977467924804415,1568.2996766052129,0
52.98218063718804,0.2871503868923686,5.581691010670994,1658.03660217263,0
69.20724559806985,0.19088987138114075,3.698398461774762,1450.2483620032913,0
65.1774347537283,0.20120271404334325,6.010100681879239,1441.3016113309998,0
73.45810360507325,0.15202803908392545,5.359620070528169,1602.9055210379042,0
73.76035349894562,0.2344591947185481,3.7622067220374253,1425.8608528416573,0
64.33899284142379,0.22798623301440704,5.044602482794218,1446.6620549939637,0
64.30260908659164,0.27206201054324464,5.8278608910846845,1513.5958815758238,0
69.11467705154136,0.1536696930394499,4.028764901941285,1436.0839031877551,0
62.82686218147833,0.16337464243278516,6.1020618686763335,1570.0019601594847,0
76.73586956361702,0.26337099193163754,3.7898969806979794,1436.7358302194257,0
67.04634239642043,0.2201770402690291,4.367018258682412,1528.8506678165345,0
46.744094245426865,0.12750254990458443,4.245703331688246,1522.7585970397204,0
67.00142354702555,0.30452432541876007,6.10154698527093,1633.1110457926775,0
61.69164943324822,0.06412395452797995,4.607187090760642,1593.2241493036584,0
56.949793476312436,0.26274278026110015,4.069746397871201,1457.6377966837076,0
60.10058689421942,0.09878303712014427,5.3561687031312495,1398.8406074822203,0
70.87526777466375,0.35086308131884214,5.528944792474175,1567.037507358195,0
80.62912662598585,0.07643202184755014,5.534028875835305,1447.7287332197338,0
72.50547579091985,0.2921800521498199,4.782928667819192,1473.1458609677,0
65.14797289427408,0.1934692511991005,5.203627440829559,1415.213784794909,0
73.64723356136562,0.17067179441290048,4.479813531016571,1554.3209544629467,0
66.32727751824807,0.2148317325174209,6.339841342348585,1448.2805506849993,0
64.44319704669485,0.25055202713262503,5.915364126926345,1497.1966649357769,0
60.765098654136125,0.12764795981353044,5.86636546323254,1498.4397547286028,0
55.985369545986245,0.13473698198651424,5.635292747658836,1514.6848495931129,0
66.88061034752444,0.25196838920903086,5.415786644796001,1552.9310801375718,0
71.26442791936105,0.06341256370803203,4.00451001268017,1480.5743702484624,0
69.22701063988089,0.1532616725446332,5.506640989004518,1440.6857934490765,0
66.67226457642113,0.44325495633275525,5.091412184050656,1351.2364292995644,1
62.434031514425754,0.12255896283285754,6.010691267960736,1508.2103703494136,0
74.86596953347974,0.29182422334078023,5.645935345905943,1487.4400767505576,0
59.462944640427324,0.15312393850289505,5.440304376122417,1443.1621735903207,0
76.2082233107478,0.24072361158377154,3.652620161975875,1505.0041969722029,0
61.9822638485862,0.2523484552476974,4.928799570713224,1568.4786138091908,0
63.98051810117572,0.2903165388146358,4.553686192077075,1588.9510467957743,0
58.265718475074586,0.18397969385497795,5.201892739346459,1377.1890065260486,0
65.9887828249149,0.35911077110038825,4.667561382845885,1471.131095918773,0
77.80249966782384,0.15285307483318558,4.779243379125355,1576.8820169918743,0
74.12502470755165,0.21873763308796482,5.367227123925363,1627.6832827618418,0
77.82737689622428,0.2196221545774086,4.654289509144979,1434.6189077473266,0
74.17714036747148,0.11024255040404678,5.0972732316592095,1610.2658343386063,0
61.17064137175704,0.17713021960167036,3.784470487300555,1391.9922974212304,0
67.35368620537955,0.2129210799390726,4.334078818591953,1591.8627650495955,0
63.758406967060296,0.16543031654964643,5.524834853762369,1477.4594934235727,0
80.64459923231232,0.39527391723652283,4.01584630664282,1625.0258612515,0
60.42569082858951,0.13291010611203755,5.996580062082398,1462.8775026995766,0
77.14958151511289,0.2943539574512342,5.779519484241057,1475.208741859173,0
77.14363096087015,0.2685167850519029,4.785416051728171,1489.3285896636921,0
84.6369616137287,0.1988910292396583,7.398987284401972,1377.0359876221685,1
66.72250725896401,0.13078327569182024,5.994482862278635,1359.0021863393072,0
75.6985772766413,0.1385395743686584,4.240576394635412,1540.8123354432569,0
88.25321469231073,0.15856261606267924,5.596939242960039,1579.0769877882685,1
65.05886658453042,0.05714069744429898,5.052690453055805,1548.6062002272884,0
57.719678019741124,0.11972276593605677,4.378630327312472,1399.6819508657181,0
54.95991972873789,0.0814018787709086,4.144072685467033,1538.4150996057633,0
75.70169623089065,0.30767000025421737,5.795914667910703,1420.7836821037035,0
54.934798335531326,0.2494769913910575,4.521643628300693,1532.6122166578932,0
67.02144757649661,0.26287792790923686,4.918498915970359,1590.503931616195,0
73.49850549631168,0.24710655612335583,4.263179257418777,1529.3973482668014,0
71.48140429463932,0.21335740986673307,4.401473650161127,1617.4827121793546,0
73.40355891347338,0.31685442657033097,4.898456639942823,1488.0010022917804,0
71.77831884640683,0.15113898754146105,5.3105458341793215,1482.6680542956508,0
80.23092650650715,0.2085335724293636,2.929312669158841,1505.3881038224624,0
62.38146895408963,0.25976470622592984,5.0135358393334,1392.5887132961007,0
64.58403889233175,0.09430326145150969,4.403103189931971,1467.7639139506307,0
63.81872443783341,0.44772711169140395,6.12189012276018,1474.7893464207948,1
76.64153449490088,0.2022852610222069,7.35420211680435,1477.2800045370495,1
77.2031887071605,0.21135915604604744,4.7125767720370275,1521.463293373073,0
73.60980255454807,0.30055024253399376,3.622217151429444,1381.5736704141368,0
79.46794933511943,0.2731964266408179,5.093501575934853,1408.35088129116,0
60.575673060988954,0.20304624155171674,4.835656536405436,1590.5655677310776,0
83.3377928924091,0.21041035504784336,6.577080519201033,1339.4201420748952,1
82.18590897369806,0.0796681175241617,6.333271474700434,1549.3096855098274,0
75.88497597796598,0.15548273777200192,5.692299976477251,1470.1152255361853,0
84.25439127016848,0.24137681729271682,4.530644735029873,1512.8097985330762,0
56.74701433857781,0.23551142712343093,5.542213252944642,1624.6479028267152,0
65.80441490989878,0.297693260000327,5.212005087254643,1489.5053771307741,0
64.11757231454438,0.19035991534213403,5.1930585626395125,1550.0310404404615,0
75.77183459005875,0.08901707892553071,3.7534161211457038,1504.6853574145532,0
61.598874083182835,0.28453843446205423,5.849436270762917,1491.2499064197357,0
76.05996119469988,0.3148871476945613,5.086246662648988,1481.345976172771,0
80.9642891519737,0.27185956582849835,4.91932692196434,1556.084667880498,0
75.56162320067199,0.1869093063314007,4.519874803992938,1441.4718507102928,0
72.27000818929201,0.28355088415012636,4.365106800277298,1409.4381449158989,0
62.09701327279401,0.4743128382406571,5.2538068650231855,1505.957997874487,1
63.225192270997084,0.20921218515523807,3.6006697585135345,1515.4227202870795,0
79.99695124237333,0.09506106462039005,5.631599007720034,1354.067346768083,0
76.23479203124266,0.15309719603582786,4.156715650403451,1499.1610057111468,0
69.68784384497965,0.2500380800243241,3.3530554510357664,1401.849846302839,0
66.65672363387287,0.07161565512815499,6.457516252740817,1550.1474485958256,0
53.79353701510898,0.21355224599296557,4.313530360523537,1355.7052115282693,0
61.43318065052449,0.23042693202527065,4.422272670782643,1654.0060663890472,0
85.29135269711779,0.32280973918501216,5.90763066480646,1472.9441266691338,1
59.75635543198027,0.30481558848434404,6.483544720413313,1430.803044121015,0
71.51583856976865,0.2691667833401417,3.773598737117256,1477.3622031705445,0
78.05955178556158,0.02698567915883765,4.235065551799464,1544.5016686907113,0
59.96061865598166,0.273684250243834,4.293856942271523,1571.237607138795,0
71.47768379824866,0.2564410708848197,5.747841330156524,1478.055095198013,0
77.50332430008524,0.22047555016626774,6.311305702343627,1384.9047668150247,0
70.09999457525801,0.06158222990836115,4.135797950737537,1403.0162293102255,0
92.94722444533414,0.13785808726503518,6.131796270374576,1522.9110158992596,1
56.651205928974434,0.1066541784372747,4.432772710777038,1578.9861703608362,0
78.46982823907103,0.03879932483943277,5.268898322356458,1589.3980201267295,0
68.61758610082829,0.19976678788681645,3.9828370404577456,1513.4474060328625,0
76.1753612386934,0.13617423028457765,4.902455669134402,1577.383965294514,0
73.53045721359396,0.4100244464215129,4.911109828741827,1652.98793740736,1
64.13475042312002,0.18649824484496724,4.747873354947781,1595.2278170189034,0
71.83197113967472,0.3035002524692768,5.307976785055757,1573.7630321123497,0
55.1367883888137,0.07447207802454203,4.194375308117979,1435.4754253526173,0
74.82598000457115,0.15759283311961042,4.293021361450527,1577.0095696342403,0
72.3852677279242,0.20775183008274517,5.350297715959485,1536.8985982310999,0
75.10928134914482,0.12734768411138636,6.073628264780583,1552.051650269371,0
78.4649466006972,0.16622394521562045,4.981749044761662,1600.888502315561,0
72.94095872167769,0.18256392750051692,5.402936618769738,1528.6846278694552,0
71.18471535838621,0.18128736116440847,5.6064640082378725,1491.796293547083,0
62.95145330670966,0.3484094858428277,5.664404150906793,1414.4107353871264,0
64.3022338908076,0.23025810283452083,4.237180219330689,1476.278694588374,0
79.49387696141865,0.23836084503530428,4.378391815836077,1517.0281813730148,0
81.49068324564783,0.24317238194760565,4.447940324845172,1522.2095472146023,0
68.09511650950357,0.249010110186969,6.542907040715171,1519.510103893626,0
70.36802197802619,0.19336904129001078,5.406554351337523,1576.7607887808836,0
62.76308500004987,0.17434029028169232,5.3706525763080135,1569.2291760173698,0
79.38205476213956,0.2133452847614622,5.292988602546991,1495.0329406834721,0
75.32333458953423,0.29254431591307783,3.9433652771044008,1432.2190314035242,0
85.52973949170999,0.29009905507491074,6.550552376621631,1530.6686349422057,1
62.97341538256209,0.1807681219449271,5.383350024629569,1679.7070038092363,0
66.97593680785427,0.2614274955734489,5.578528090123962,1525.6994220223235,0
71.85156738020459,0.1844332269568266,3.587582968867358,1476.3260838101423,0
75.17191630180616,0.20270964395481955,5.623715081889214,1542.8668921973729,0
68.27465889961894,0.16211812947566423,4.715030039897899,1547.6589007009018,0
63.016311276370395,0.18546838888750133,3.94177362021901,1546.772048032462,0
77.05126023138857,0.3073064055639744,4.236989067302562,1609.830415603656,0
75.76908290036465,0.2073936917871389,3.9880846332373068,1530.8874365562776,0
62.6698071954902,0.21082260068418546,3.9745726439083118,1606.032978832828,0
80.84354240884397,0.08422257765936333,5.048438256291368,1518.4187290990008,0
79.36158967357284,0.17526048738938163,4.690589769014679,1620.99986140071,0
71.07437197798234,0.1806948077004217,5.26725548972911,1596.5388156591682,0
70.6367828990083,0.1336685211645276,6.340780696854404,1573.743952924232,0
74.43246216892726,0.2017332329362851,4.8963970290981305,1563.134858861032,0
63.106375437949936,0.16566541678178767,3.204088564833258,1684.1214141656335,0
70.24025183331266,0.2063996684194866,4.8064334307617465,1586.1294070933145,0
52.78093164312656,0.20972024078551477,5.954715549118298,1432.054639630039,0
77.01164516402349,0.12353965137418846,4.931248422002536,1519.6720441174657,0
57.50805422046513,0.16810385740134487,6.223464522953361,1478.822658541819,0
82.027358627432,0.2061899426208667,5.362353274510255,1665.158105343836,0
67.3590392482684,0.29474395449253804,3.5293842124820887,1600.1150047676365,0
68.30666414455058,0.22053753382365926,5.0876658003506865,1662.5560819696868,0
64.97812875132395,0.1470451856066058,5.2376010354117835,1439.2004377412175,0
67.69568900862339,0.23192038073950821,5.864284641018915,1588.133974283997,0
81.34825076118429,0.33660391114574084,6.4557092572892545,1390.8376813571174,0
50.09753074771936,0.2733365178071215,5.72618041576696,1372.6294132689613,0
80.2157230887055,0.2438021224348496,5.352383837909773,1468.2435094020725,0
72.70418784881366,0.2580472140385857,5.540950617262677,1620.9900109996563,0
60.34382681714227,0.3151963233142905,4.865594554840346,1420.5907967236872,0
61.3975008556061,0.28605014352141284,3.8296977305540567,1498.6550522541406,0
83.41114421766562,0.24534083048941263,5.033196868978288,1595.107429456471,0
62.43594496045815,0.28549137756720677,5.292232261967125,1567.7130528927441,0
60.77319591523232,0.11346791229887514,4.037073899270462,1677.2949262970287,0
79.09851633891783,0.07981877981277752,6.0612973115999536,1500.269759376789,0
72.70842301028732,0.21256789205150642,5.804328812385945,1464.6696364295467,0
62.49659538770881,0.2054944567720431,3.9025908677697045,1412.441513513682,0
71.73299980323695,0.1564871957189394,6.0926658310318995,1470.560004790608,0
61.79397853087778,0.2660682135862168,4.753348504632122,1411.7120832651276,0
78.80657118738084,0.05097091308390114,4.377206747905321,1356.284377607231,0
78.49096771898508,0.1572182195153757,5.863422154197221,1657.071406507367,0
74.25604959057554,0.1612035564097908,4.959156469791954,1503.9125439420313,0
72.89328848997613,0.06909585719204325,6.519348256669496,1707.3173496983302,0
84.08950499893899,0.31957848058154437,4.317689564890599,1432.8569250662013,0
69.9974906191058,0.09126389850693417,3.614673980821876,1465.6953113036793,0
60.54500699663359,0.15293279541538513,4.775649375067087,1437.9704790594317,0
73.59579130265845,0.2726383806244107,5.631377999248379,1448.739514800579,0
86.68837639629692,0.2516836274742985,4.258285611571566,1569.8882995367555,1
61.881924054513185,0.11134602428122028,3.9359196937600966,1545.30591730115,0
67.10829786644811,0.25459913674085094,5.1831419221622035,1570.032754033421,0
73.33156830481163,0.22318275829265777,3.8290502318659865,1607.3817273721552,0
69.56876120795408,0.38664284496891743,5.245354159690731,1588.5884035333986,0
62.14157135698149,0.23231523328546438,4.727501559017458,1419.320820444641,0
78.97486284984376,0.18870065431451746,5.3955731906818984,1458.0945149064778,0
88.56032577613807,0.1314798434304462,3.8929369568603187,1509.718624805731,1
71.56905167219126,0.1404605306435543,6.038530521155123,1798.226667581055,0
62.767453682112,0.13393847236254736,4.8535724120050485,1561.79201137051,0
57.608315799572196,0.30968790511295374,5.610818134323859,1508.5351046725432,0
72.06380784976945,0.20143759320131766,5.767900369027911,1553.86197773966,0
78.83101874653006,0.24521976991797842,4.074044038107235,1451.7508756471316,0
73.80134197196305,0.32113980799847097,5.705806007686461,1520.9940408801845,0
69.98076927264917,0.011322868623402815,3.8599465798845394,1576.3729747848058,0
65.28582678568554,0.30230990117603,3.903889805792086,1497.6803452366928,0
61.26269093825528,0.20443175294266674,6.571199388790747,1439.475739676225,0
76.67801061059906,0.23480386973123557,5.8894826950373,1493.7700757856246,0
77.31017297108468,0.13372774226013992,6.658931340347004,1474.4338713123054,0
57.63416170647413,0.13959004812411854,4.703828775513672,1391.4298064263282,0
82.71871182544547,0.23910767118503903,5.081942931262407,1454.2758271845914,0
74.59256976715201,0.39076782402651755,5.4218837974018905,1388.5749770935645,0
81.19675716116635,0.2802650650251921,4.9902435467248845,1401.056408760318,0
59.26297801211908,0.30124183371348323,4.403091183443276,1408.7244409706825,0
59.07340675667649,0.18463989837908643,4.283132241695961,1576.2761038580688,0
68.80824552186162,0.15198366203314975,5.17108978626316,1619.1332050687602,0
74.02227541516156,0.13753560387368052,4.146512126670156,1377.1136258369418,0
84.37088658341571,0.16093810202426498,4.124109206106517,1626.4146933019592,0
75.64863131052105,0.03577740534635798,5.314857608923674,1409.8724661631563,0
68.05854978550373,0.14200645256867186,4.923872518811508,1559.7504075177887,0
61.78904633867286,0.15517174751521257,5.749765016465348,1520.6846856613045,0
79.8400045817532,0.18597134604841273,4.660070871933726,1550.8681235770282,0
62.28235659399428,0.21054000877978335,4.534995240019572,1406.740555775123,0
83.02774843817858,0.22899606949004886,5.338842716828377,1355.0114173862316,0
67.72492280314792,0.1988059702045632,4.350380100356938,1435.7673271893943,0
82.7246565809428,0.15348455309257947,4.473497819554652,1534.1494919968525,0
75.43145032047423,0.04293130853875837,4.505236487696468,1656.5523340388688,0
68.90403608446033,0.15397531132785655,4.832238314963558,1417.6221121851136,0
65.844829025391,0.1222039489850396,6.417949234636723,1492.0930010681352,0
67.27273698123136,0.2372853398622883,3.8985689400342745,1440.0736641192304,0
73.4265335390019,0.27274299173549554,6.036406065693967,1498.6219053778925,0
70.61725196974173,0.27508568536479516,5.590229405031933,1345.5371711176272,1
65.24950873545036,0.2605562188902256,6.253583077895994,1619.843466831192,0
68.67494871745895,0.18931794116380096,7.509348838657818,1501.9228862629045,1
70.62861623775319,0.15824355476192828,6.145162416630284,1573.3732531188869,0
52.97012724468151,0.1402317797066347,5.740533558326289,1481.4238381304713,0
73.66534491830959,0.07940008667185997,3.950002918699986,1515.2502460901555,0
62.16223020226555,0.2793482960406286,4.051022190791166,1590.3097994117397,0
60.77334077435404,0.18602311696560206,5.288152147492177,1510.537345847538,0
56.50124522311432,0.1002927765103301,3.641539081664348,1513.4165059292363,0
55.648860017056876,0.13388068994318125,5.492351401032975,1436.48471658996,0
59.156419975101684,0.13064212348539583,3.292062487391191,1457.246115065672,0
64.32783233895607,0.20344195880121016,5.921786708451693,1418.9747489727251,0
85.62607310021255,0.2853974280856549,4.7426397504531215,1440.9585929216269,1
65.79296259283836,0.17216083603235335,5.101277556376151,1600.0983288371333,0
71.42200085014426,0.019797318817308063,4.401302162863614,1644.6887448005712,0
73.20385109205063,0.1848655731872864,3.481178871821942,1400.2180092296487,0
71.0485214897268,0.18750448799222436,5.98775622335541,1531.613742802942,0
69.38045231419206,0.18200638152515827,6.068561115963771,1474.5846887839646,0
60.43764989120604,0.14980310668194388,4.718809787837042,1611.757485337261,0
81.6074203862337,0.2173951264580674,5.529543651787206,1510.7888174542336,0
84.45757314910308,0.20529128921192016,4.687286863831677,1499.4019436207304,0
56.538730447018516,0.19801357486986823,5.230791875412997,1440.4184550272212,0
61.807771272908965,0.23301130891543725,5.607311359136088,1377.457596872607,0
67.76151726098395,0.16561337414817173,5.4440679396590985,1560.875078619959,0
62.28369764071847,0.16107314642394777,6.072775690727476,1528.2382859801155,0
74.04772442764693,0.310409863166832,5.415104540564268,1530.1955312416344,0
64.1738223807471,0.2447484327772349,5.022467693630876,1452.0538317873122,0
87.32044854245282,0.26615568487542396,4.3908648256980625,1488.338524359197,1
79.52438875474877,0.29808836682672546,4.617195695740863,1563.2856788890867,0
71.70059224505772,0.24207553444998403,5.6480411173800125,1578.5690103784889,0
78.21589010655785,0.2742710943308937,3.798538784868705,1405.7222707265175,0
78.84720339485847,0.07365238703437918,5.8846458427302375,1449.3321543598881,0
65.48842009553405,0.21633230975968218,4.775085019188373,1388.8093262342286,0
63.470262043664285,0.1853825230548538,4.345115276473688,1516.1011530074693,0
70.62514450375718,0.33421472727198476,4.121020658574826,1570.7470649682582,0
76.89308899598355,0.274211642544264,5.539494228518709,1477.7027586360464,0
71.11248318922735,0.14956438473654562,4.988286916957345,1446.9714695200228,0
57.38402814247202,0.2298235326823365,6.271012178583856,1473.1758516955767,0
63.57740444839326,0.2134145066759392,3.989539479579263,1684.505065198119,0
69.40821709124498,0.23634651465217832,4.53746910155051,1595.3542479938837,0
69.39467516539335,0.11849260245002786,4.926223073498069,1558.479773818373,0
85.78033741431847,0.22880131721905803,4.398514604824053,1525.6054316466139,1
58.912096460808016,0.18174789205694125,5.0048949313134425,1498.980682830476,0
74.044713934687,0.22259598112444806,5.255600613132415,1427.4694268723697,0
81.91290486662632,0.14204918679022643,5.387587391303792,1415.0647660553575,0
88.17159796338237,0.15319494628827204,6.204933704707569,1454.5671458789432,1
66.7648206145283,0.29390736162933623,3.957222056974736,1423.6976096158373,0
73.9314356217616,0.11587619533278713,5.270208255948249,1451.3749630384123,0
74.55808285758917,0.12177964791663613,4.482445744329467,1491.8483499104339,0
71.56385385242632,0.19587349942275376,5.344010704018868,1497.9758729149632,0
69.20923839008555,0.13824876998512364,5.345065749082438,1450.369497969242,0
73.48780311600036,0.12919770941897613,4.210464493414134,1539.6167643712165,0
49.74203131824252,0.2084060776966636,4.27907812589273,1484.8794902281293,0
75.45655592050105,0.07959473144770363,5.40931445077566,1517.1758904942544,0
71.00942322929573,0.11936302120690898,5.018723608595304,1440.4327692053141,0
68.22020082577387,0.3643276466338915,4.824302527414717,1555.4298043608005,0
86.37489756575647,0.23675800471752073,5.526389463819979,1457.2123119798732,1
64.60052784967559,0.1402749318184071,5.585374780689706,1628.6843389390924,0
66.77539208747976,0.2334572062612958,4.576295909838638,1482.0006916727066,0
85.93242641763787,0.24538643815893038,4.318357489886,1492.425275080438,1
63.343509561201145,0.2795531536072191,3.9904648185298863,1547.4870789073782,0
65.5990777365077,0.18982751764346156,5.026763296161188,1564.948015476399,0
68.8237966125532,0.27811981622183113,3.861471778281148,1573.5674944153066,0
76.7258758570364,0.03692427800942619,5.079542766583227,1642.0470426411175,0
71.66242005882651,0.11549534956193976,5.9734694331395515,1552.9508418723226,0
59.6589972227819,0.21310971213891647,4.717232183770973,1494.6410808924227,0
65.74265149498248,0.22637068262462334,4.571036575567869,1457.6283267678546,0
65.1411645343023,0.1270574169865087,6.598275818901716,1489.2937373440257,0
69.38223163821563,0.22075359930105273,6.207761455350116,1618.7213192343106,0
73.40674926903863,0.15009278010501917,4.388321703555668,1389.0426957582106,0
73.34564604710377,0.17784327246182677,5.1112105448471805,1434.4793506832725,0
55.791905967612784,0.2819819040532009,5.262942593878466,1482.481060517315,0
78.51152790048685,0.272714999751088,5.162928338180943,1433.4147624362608,0
72.02055076797299,0.12023517381093901,6.45173875817023,1467.2982412126282,0
81.07625638075125,0.11541988303839174,5.069783913935536,1644.4987630677208,0
73.55358661832537,0.1671061283557347,5.189787900504814,1476.1525568296033,0
78.8105836618861,0.197860295906166,5.550929836117133,1532.9318852130357,0
73.73236249160101,0.14736812091402074,5.951935772838134,1367.3442520003412,0
80.76980604962199,0.28325139542397343,5.749519355443285,1411.805018454523,0
74.17800508814223,0.22779118733668444,5.430467829049311,1574.61468876976,0
69.21667802845677,0.23248680878995434,3.7530401556848734,1633.442275083591,0
88.17947776357505,0.09867689368440227,4.609489820753259,1517.712847783082,1
77.11229697823913,0.2933832573907024,5.655536965764217,1475.5186992488268,0
74.5899553680353,-0.025613505779255252,5.200318957823445,1539.6929304711048,0
59.78956466769331,0.2667244361479495,5.660902907058362,1292.2052387024999,1
59.6935390602917,0.2747449390136617,6.509732849336999,1518.3297074814434,0
72.34172385713482,0.1654079050177631,4.05842943595254,1416.3111519913998,0
71.16416958214593,0.30183281737979395,5.910328139843667,1563.5274385779232,0
65.08701947993347,0.1949521957636523,4.735709230005095,1324.6160873455244,1
71.12786159689648,0.20499453626619546,5.748279855419786,1449.7299219272575,0
82.70901542434876,0.2271623029923373,4.967023405305506,1496.7219329513605,0
75.5632197964024,0.4549259929448844,6.701603631114397,1439.0567053635236,1
60.871931921978096,0.30755471264664036,5.104069549009391,1469.9612479849486,0
69.10792938285645,0.25609049605703343,4.487588620515216,1572.3547480541206,0
63.560268153179514,0.1269756410719044,5.335899698233414,1498.0403188386194,0
66.89840066873151,0.2114871860383594,5.259154224574616,1425.553535602834,0
66.69107467496286,0.13495007249228907,5.910477675288359,1575.2320052806233,0
66.17883533916796,0.26576886778262504,5.35844223888394,1520.078469525693,0
59.95891702421284,0.21123735805878854,6.9800517113354426,1523.3989983667998,0
68.97876254785447,0.1100382656308884,4.910876691678182,1428.5991179817518,0
65.51513890522152,0.20648996667348024,4.920304040175621,1296.1914661870358,1
46.56441047998186,0.13204660242269556,4.516891159957557,1427.5095013314901,0
86.4237761960133,0.21209729770700378,5.068534670683341,1419.3705137571615,1
78.71015723373338,0.13127381469077948,5.184847296866363,1450.9362434255422,0
66.98959420060004,0.20219901066886503,5.224968423964702,1432.6515467206157,0
70.15055239792478,0.2600375889548076,5.053750140395199,1509.0158807237572,0
60.62676522145951,0.19575584064599152,4.512143026618161,1570.4701976836564,0
83.56578302248693,0.1687289386262089,4.294667897534116,1586.0929141882302,0
85.17830955818489,0.21626209768459703,4.699861020131555,1566.9769486690902,1
71.2535498259722,0.25577460966342824,5.913230128188091,1428.1900019350637,0
78.18824515348275,0.11142533840945917,6.085439748393183,1504.712063465587,0
71.40229423147139,0.22085249237641622,4.938428370847652,1625.213267853604,0
59.306196488992555,0.305403265521392,4.24673362682606,1373.2212533621673,0
66.70541304829074,0.24589255706213722,4.935061111746567,1607.8584035540105,0
71.05542373417566,0.20462033173337824,6.673332348216063,1420.3117330888256,0
66.36361825005244,0.2511790005359116,5.799174268253297,1523.5012230067266,0
68.25077378051971,0.2361997164882146,5.440594153226038,1533.0228093575224,0
69.26880353992708,0.26028808873278514,5.770147933642056,1515.1930429255576,0
69.35297201707631,0.038085471121364456,6.23245328907305,1678.2778315362063,0
70.41806792397986,0.07572350930693879,4.077707038762304,1475.9334479622967,0
61.51515946882719,0.280386331958659,4.686368105042302,1368.8409700061086,0
64.26387080697651,0.07957766590708476,4.577022693730547,1528.5157654021475,0
59.723325874400246,0.2321230908575364,5.469691517656787,1486.3968012220432,0
77.8225243974896,0.17183602751741667,5.128088712511678,1544.3840966575337,0
53.1548244652774,0.12030486035232026,5.605049032551527,1570.5676193498987,0
79.2287227465354,0.2279719805717979,4.594490120106222,1497.304826263643,0
81.09079517810275,0.21608268029732566,6.097561640543325,1534.9048344513837,0
67.58255530413904,0.3688274121677102,4.944533033480559,1511.5390345789624,0
49.17490329738161,0.1500151036371289,5.555636441566547,1643.350995525977,0
67.10951550426168,0.3152088096055339,5.956325199138352,1470.3550597705869,0
69.48652670968944,0.22819383315074518,5.892099452395975,1445.034384159211,0
61.915214240568694,0.14711824947658303,5.288662726721437,1570.4584722488983,0
65.87825284953406,0.2639397166013796,5.655477525106036,1425.6656147725826,0
82.24156159090681,0.2452590803563161,6.393328531177829,1531.3726244466036,0
75.31941729841392,0.20286746358864394,5.410880987179756,1486.4328677064677,0
62.6034870849752,0.2213036285152499,4.416282878350736,1491.8943452366454,0
57.21920664323655,0.15224103751635748,5.466440584771108,1694.9843699208136,0
67.38386145912183,0.13393702997963947,4.970175025584328,1598.7269395937788,0
68.2923457651965,0.26075537390580666,3.121599092476525,1581.7263626655545,0
73.96959349890653,0.18208484605493808,5.369598418962474,1542.4456512381578,0
65.71746629945872,0.1935933601400726,5.093320520012486,1444.678870284786,0
74.0919966028949,0.22238572767554218,5.925134217197951,1520.9185349390177,0
85.48123232048184,0.22122306758270466,4.399925074009355,1546.6659440662936,1
76.5240081795541,0.08565388232207483,3.795432270096554,1515.9188344111494,0
69.61529194135382,0.3029001669163887,5.1349446875284075,1507.580026187517,0
68.53479623157364,0.20969457215205428,5.304141910084357,1468.2040560968476,0
67.14661492656103,0.18378773897422807,5.075066356308455,1521.8766919745026,0
79.44512729961716,0.23446768041357974,5.0165669469483225,1457.9542918837178,0
64.98149243238957,0.21892337548918905,4.145018436634938,1556.2738543653809,0
70.36178167199986,0.2613650151591762,4.8888662904200615,1338.738303907389,1
70.40958321504868,0.2430386937720753,4.7212753363964675,1608.6994853159954,0
65.98572645750774,0.25742769831970136,5.858166992613953,1395.066727850569,0
59.020275616927194,0.3080795124582013,5.303460291224491,1414.6195980744355,0
72.58379602894135,0.27068996391767775,4.777602302603844,1532.7083348497345,0
69.51196822515693,0.187161102373715,6.379107901138212,1543.195346428373,0
74.00192375549256,0.11016790751385339,4.784873859027993,1666.2622381123495,0
65.73119754848666,0.3334238346403612,5.446229379108931,1523.70276234473,0
79.76657039050438,0.180982130132231,4.866462933128574,1496.7636187205733,0
62.98580975030524,0.16215140693115823,6.304922012022403,1515.3039502834258,0
83.69632227214314,0.06106185457884486,5.069487820650889,1627.2390209030223,0
56.01890792137391,0.22707784842496892,5.093131382312539,1693.9519992531505,0
73.47816051645513,0.21191092831630162,4.888103712981829,1485.2159760872812,0
73.80344546021298,0.07879080510004155,5.157209540800972,1543.421793293769,0
63.635543456472945,0.23626192337065408,5.9596302709183275,1494.0488652403578,0
73.3951515028881,0.1601446463438849,5.676675075747751,1492.4586926996908,0
80.23614935808126,0.41522520058309553,5.022460944892937,1650.3240499091814,1
52.265449285167485,0.15445110463273054,6.361060085165323,1425.9414620909208,0
74.02195845992652,0.16518453342417655,5.698388513074056,1313.2575032893337,1
50.05383343735938,0.13001790205965058,4.64945510464212,1525.3955487237242,0
62.274681571814334,0.3022301216833578,3.8957213170128497,1596.0805223009659,0
83.03333091920756,0.17017793644281975,4.667988958562744,1517.5917301000825,0
65.34574373286357,0.14200686769876028,5.330679022840203,1540.176284096641,0
60.60896028472822,0.2565564007936434,5.477760296505141,1560.1914704901515,0
68.41649816812254,0.08957176516694519,6.087310146641615,1508.8728858727684,0
86.54325070530842,0.25000884369991583,4.1243632199048,1544.504609875866,1
55.34654202235179,0.3425119773280686,4.648675732842552,1543.1689518922929,0
61.589520706885246,0.24532862662680713,4.057885864100389,1343.311632220841,1
81.97945346543702,0.251031865300794,3.9289606307364435,1509.1093514983834,0
84.86161874830186,0.2696048173525987,4.497745003237345,1374.1773733632401,0
69.17255020567772,0.3367766422940415,5.293289795435217,1496.9462795914062,0
60.08757837978686,0.2967915168015284,5.6171155479122525,1460.3775240928453,0
86.76674801447328,0.2351735777818419,4.24131671470266,1582.7209003494263,1
82.75553913399358,0.2723113120508801,4.352579264490208,1519.5530207367997,0
75.43157590209786,0.12912520596279115,3.576141459741253,1537.8554276870584,0
63.50078120850064,0.2621034872597858,5.171481766621596,1484.6839425630199,0
69.60776527329571,0.1195555223053002,4.41428887842341,1584.174501008509,0
68.71711935164136,0.17063820650946987,6.330425102569478,1372.2139727581814,0
72.64681043692462,-0.046604974011458994,5.327847039719676,1428.3598038302928,0
81.60801150505068,0.23211437274939697,4.86284340523458,1602.9045697287042,0
77.03533632909922,0.1484902391113318,4.487110057964438,1465.1481200694252,0
61.380991384121934,0.28889161721635703,3.8042638238446163,1328.3334395863292,1
81.0119716001563,0.23121540884843222,3.9057025784436554,1616.211302129111,0
72.50505712010525,0.28992767157613003,4.502287236342292,1586.154885708784,0
75.49652636687134,0.11331227642619698,4.440877694380556,1556.8775525288586,0
81.73232687422882,0.2830708829727706,4.200662525723205,1507.5524805561363,0
61.10735800389159,0.3684685075490661,5.301675781953875,1632.8597614526957,0
69.7133953703483,0.26113266399455154,5.411412473931887,1600.6894743250002,0
65.74836358912628,0.26322792069538314,4.6330940821586175,1623.8284855033608,0
57.45712459707635,0.2135678141115948,6.548121814612254,1555.6400384357785,0
72.77367982083936,0.15802649755477088,3.6026165067871263,1509.8236681000865,0
90.09245241267539,0.2608953898161207,5.046531119177811,1468.0668103188161,1
55.279378043953976,0.07951336716783454,4.82513583672966,1398.4860926027302,0
69.74175511160423,0.1665795900063347,4.559439294426195,1540.1636492373075,0
75.12434348059818,0.05831545581302544,4.441869723189552,1546.8285867836482,0
70.98462561324945,0.14370748981479337,4.994432093670113,1472.0174934474142,0
69.09497557987407,0.2513636073514849,4.819577738142617,1549.0944822493307,0
59.60626909243341,0.24043147009763707,4.686498778309953,1473.4257734720686,0
71.86229394352131,0.20407309564283782,3.9610242920085,1569.394215307757,0
63.94588818387259,0.21363207952496086,3.7055105457516007,1429.4314165485825,0
52.48062636017157,0.04913083057086326,4.769186819843548,1415.5910771993038,0
79.55673776410984,0.1701950175543268,4.678323116402776,1480.7537018225082,0
77.66708655873634,0.14549187148518322,4.842370511778538,1566.3028316401828,0
70.41328781480864,0.14727522475883675,4.913102561688393,1407.297162827278,0
71.83259750564562,0.24796629022510028,4.581998126493746,1583.9749615207356,0
78.5945441017245,0.13115941387957517,4.830074060945435,1368.592949249183,0
71.79471725422466,0.15162553198980713,4.317177353517204,1480.2603299524567,0
77.23214043809051,0.0330344603432387,6.219156647330626,1386.9539098317887,0
67.6201423930092,0.17647014556990645,4.360207881480025,1291.2080508653414,1
80.49586990859157,0.11297299618291043,4.7032154324277275,1529.3161443820204,0
72.56628580746147,0.2063362342951715,4.4209689687088956,1485.7751113095107,0
71.552415548847,0.12391135626060285,4.4075347678360774,1388.232085373561,0
59.83951129030375,0.2083633796439373,5.019713253310357,1458.6708913612176,0
72.29564683441367,0.18842513914061257,4.91821263209359,1535.346018154345,0
63.34436066004439,0.33376334184338563,4.632431687699832,1470.5480266408665,0
64.89373818777204,0.2397774384362555,4.773219206756551,1484.105510754528,0
63.47699497347103,0.052828970195015756,4.424149159205384,1468.1234743741559,0
61.4701205448062,0.09880889247178333,5.321380510180928,1453.4158294856031,0
86.99817122413569,0.20441664071938667,6.644154194072571,1452.373018020554,1
80.65071249590723,0.12561216412858794,4.3001269782134255,1450.0242106963412,0
85.36294001715409,-0.037469474418868165,5.315170578987684,1439.7485699141541,1
60.21683984355549,0.30796370510669946,5.0359591656165685,1418.616432184736,0
70.57002999928714,0.2576179213524326,5.534903806506072,1469.6230145825737,0
59.651938998367235,0.24167814987934175,5.557434368396857,1448.8057718137586,0
64.43444098242348,0.1514141563623268,5.164330157774929,1414.2641095587446,0
62.6549841326674,0.23421414168079438,4.9681435391079205,1561.2811724285561,0
79.91667205153249,0.14365117406232947,4.652439840281243,1598.6108777533373,0
66.83016257518592,0.2163885840174153,4.388031717513091,1499.991778031728,0
78.54703466955213,0.12635334193308181,4.922523471238573,1505.3178390344672,0
74.83296711670815,0.32130307604448116,3.972328934865856,1444.5948827304321,0
88.42911001683831,0.07438106767345243,4.524915207906025,1585.3625085432798,1
58.164446214882204,0.2985827063608665,5.885482899578055,1639.0544892061073,0
80.07386591829439,0.20311326624138643,5.078809776863753,1486.896493677947,0
79.17152696320582,0.16084264037264073,5.714131535148439,1458.2842777285982,0
62.21296929578372,0.21336023373565907,6.175715109326739,1527.3180212763875,0
78.05706669178528,0.2586678405742545,4.858376435268147,1510.3144835230712,0
72.68915970420983,0.3093397389355518,5.165860667354913,1459.9875619634167,0
68.18018992037274,0.2250514418506826,4.758523284677795,1537.695666642588,0
63.408516104224006,0.12874431317901783,4.349915391619515,1575.0526085911918,0
64.24712438840652,0.2044504099012631,4.237625392534076,1437.1345278940175,0
86.39849676628741,0.3453434589329898,5.674520298077193,1703.3627183772483,1
70.00546255165986,0.30781424684100994,5.1669018243885185,1377.3646274321738,0
76.25704001225168,0.2727010782499487,6.477282457664843,1431.864741892728,0
63.672804946659575,0.26365496160979096,5.777641610339113,1518.7174424241891,0
63.76117643022689,0.25595600724852335,4.415029608370905,1679.749849470124,0
78.65587847399954,0.2927003867607896,5.6722737441814175,1454.99274466555,0
59.20339030758774,0.1634696971422476,4.755939568718196,1414.740294992353,0
66.67828985675783,0.09159311473799953,5.973487767303201,1543.9393182742997,0
70.27221928857786,0.20552028005896492,4.610932898205584,1480.1124473825544,0
70.89098081472042,0.13459347305778474,4.158059231805862,1553.2204555963544,0
68.56725371987075,0.11559833956982525,4.363395938350872,1494.3375560079664,0
73.16655824876739,0.14237771387296547,4.404268078068069,1431.4266766296037,0
75.5428460465425,0.39882511396269493,4.327798588305068,1687.9100776331384,0
75.87710036367464,0.21088997072606755,4.541913379515915,1263.6487520735425,1
62.11356953065739,0.22895262690887908,5.68535349626019,1645.6191000279819,0
67.72675921656962,0.10221097543965968,6.436835366612947,1574.6609523387142,0
79.55810289501551,0.05249976329658962,3.935848387557197,1440.3528566778227,0
77.15717750059098,0.13447578855049552,6.01081043426652,1649.7936083867012,0
59.01712438815149,0.31505564681669984,4.617837027220457,1390.2864640604591,0
72.81183920281761,0.2267420372861217,5.278306024961787,1580.648876960602,0
54.174198005001514,0.24788760731555137,3.676683175541362,1333.3883909562312,1
70.37547921648296,0.2590852831361649,5.419228013875885,1408.32974456237,0
85.18213613396782,0.1526920496161378,3.39575008254715,1408.13105394817,1
62.41685826184811,0.3110372467178694,5.251148057848132,1439.947467165696,0
63.32541563606734,0.14937539206222544,5.205804837623469,1500.9264892302926,0
76.11223825258287,0.3124985887410042,5.152806107436374,1433.9218908713474,0
57.65758787832283,0.23538417249082727,4.412071879493657,1337.0871238641769,1
64.93795976091968,0.056876387660294236,5.439621339543715,1537.0760614960543,0
74.77152910065402,0.1401592410719572,5.312865207533374,1503.9160738341984,0
64.92571321848477,0.057204917370231645,4.832037773087104,1532.7141872718544,0
68.11224010231223,0.2930625706235367,5.537480245740155,1513.7534327412782,0
75.95348568252028,0.19802116633580794,4.923516682747596,1576.3388225588133,0
73.3723686682925,0.02173260480401759,5.42302172712701,1493.9614117471117,0
72.13454717036322,0.2300597505375727,4.8992965380847275,1581.0016507848247,0
67.2870217658397,0.1570268590089344,5.173361592887632,1437.9442681519017,0
72.96048892215164,0.08129553159733414,5.4597783528602095,1442.5063696528919,0
69.01013855920195,0.3342372669574958,4.6816699411055716,1610.0831516318553,0
73.66244487940628,0.20858286928772632,4.0129307309966435,1608.4534926581832,0
66.02454379905618,0.17652548781493502,5.2208632044385235,1545.8993714224666,0
68.53944820496368,0.16804601752111864,5.951513102890344,1428.8713669712154,0
62.08033765958389,0.07893764246737824,5.239320778365957,1422.4294051763395,0
69.71993911995011,0.09563608803327125,5.254513851757098,1606.2451169889016,0
63.51199309096924,0.3027933427900067,4.966259114802687,1601.8131942062528,0
61.087628398704055,0.1620893704171425,5.591294922218561,1494.91365138639,0
72.06928918284311,0.20176541607494908,4.85125166708965,1687.3507941575883,0
71.70191820686128,0.03645356190391405,4.636880975098511,1536.712005755691,0
76.26298987958857,0.09455263713635956,5.8842386022998925,1411.4240500775104,0
66.5509954433992,0.24878500158998024,4.575569345365854,1477.9495120265688,0
73.26442277469404,0.2302169408091067,5.711576757161399,1500.43764624043,0
74.4063805781893,0.34027001589794525,5.884748369566167,1506.911890939929,0
73.55819046265276,0.30743650653049814,5.453453545649649,1600.0002574281366,0
63.394770537582865,0.18154312220121416,4.000611584341894,1423.4968869868512,0
71.19490785816951,0.23783628517706168,5.021723927377998,1393.4790160710227,0
72.91312236843729,0.1746717245677541,4.838400002353106,1548.1858946404077,0
70.05742773526353,0.3643847854910919,4.6032005957317494,1459.4412392859317,0
53.308178733031326,0.29192117568419196,5.114201269877142,1693.880489877346,0
71.28391699178783,0.2135748072686201,5.615365077998039,1575.4576305180506,0
87.70024831517793,0.21603158279010812,4.633157871895041,1457.9682838127808,1
67.11968584994413,0.31558802298078464,4.86289386058106,1597.0282991027366,0
64.17538321715743,0.24636622776910777,4.80715285293441,1558.4328636066405,0
72.98678847769119,0.32469024136560687,5.931096836435449,1550.6957717970622,0
72.49902568373257,0.02450816589929014,4.794319505751531,1490.2204854729207,0
79.54188132333131,0.23689826091990387,4.012475473790603,1533.6360681310773,0
59.9370547527289,0.15876521082548922,3.741252128807589,1331.7633679525868,1
75.85104202059993,0.3405102390102394,5.290183653252776,1605.367152337764,0
74.7233764900117,0.3237118949751864,4.391454608091278,1225.115008826558,1
68.86282770447563,0.20262686472810454,5.534979604217983,1464.6301524779267,0
72.70949854337351,0.32285047830488256,3.9350240091942945,1372.3431557444774,0
78.23565985278685,0.3426491615994005,4.568870266711514,1459.931908701478,0
76.9785230402276,0.20595253375409178,3.9355449203838813,1494.0706182070317,0
60.85584550341017,0.39775470179454864,5.3476885724391385,1404.256517286703,0
76.56126549404388,0.19749270778642222,5.519078032499721,1278.0418205888607,1
69.48249115973985,0.1828383239731273,5.2709001261092805,1516.5652579312846,0
70.58299278412413,0.26926980708674747,4.131250943676926,1666.9151825622316,0
70.58557592801355,0.17169674150861491,4.403389004711467,1471.8975866519995,0
68.79805608961392,0.20682718206359152,5.187451190889243,1576.746476498064,0
79.53365997685651,0.3127547539240728,3.6498068735005087,1620.350787004551,0
69.3302563212063,0.20153750817738164,4.807092044489678,1347.996966036336,1
61.04363097293465,0.0643985765619754,6.213524282668705,1463.4179878817342,0
66.85176115224218,0.22938555102793573,4.8560355606557,1397.889151064896,0
71.42955773448381,0.14429651367580842,3.809164288774439,1435.497836961747,0
79.83371827437641,0.2692216925835637,4.514072601859092,1636.1609360917303,0
74.82475747959067,0.2556951772660997,4.49544613945794,1517.8943589139353,0
63.19571777002365,0.31771202785332175,6.712247023869249,1563.105888083614,0
89.88151933343113,0.27260258406341575,6.332543264411116,1496.4880715228971,1
72.11820248782384,0.2872195426926452,5.584748347281263,1403.1557883411565,0
80.20312590399212,0.14647225918898293,4.725539255406882,1554.2492557774965,0
68.78628453138217,0.2643189196712402,5.960503728783778,1600.2060297154258,0
74.2668739576436,0.3574761031488233,4.0932322887596335,1525.3899372934925,0
76.71574803614723,0.14490800730905862,5.861260252195407,1539.1299489407947,0
79.74555769403405,0.34397906333816786,5.742378829936035,1401.2158890906571,0
78.4589464430258,0.15605199270389358,4.878923412280575,1556.549090651938,0
76.97757600058382,0.1318423003960021,5.9113490506806174,1607.681105834108,0
67.47930615044713,0.22369603546838707,4.64222309642892,1532.3668379417163,0
65.42603166435151,0.25727283329030476,3.9879315215214133,1356.2573403298486,0
72.66086008259359,0.2729400099177812,5.782372010399937,1630.8503600620224,0
77.46502457872856,0.12305900633814386,4.931805656688432,1424.414088508499,0
68.21823439378714,0.23476320778034324,5.481424482638934,1531.0229461511929,0
78.52137572571509,0.1451556342813196,6.456709273247525,1576.2381014848734,0
81.62093396388943,0.08088621951435387,4.422196742082963,1586.3694657640795,0
62.66943264741264,0.12570109475737723,4.88529639612802,1355.9954550576124,0
63.30463436962976,0.13992797072353455,6.255707603662171,1509.377380485835,0
68.87699952875731,0.2417276128282006,5.5349853846842265,1504.0817288706087,0
72.46090134551358,0.2921770930454935,4.440173804636323,1615.122255018121,0
65.8034638898636,0.08214346960997868,4.235985837168418,1536.6978833928504,0
80.81762143093715,0.22815688593664446,4.577535487917324,1615.8494128835969,0
73.39253489214761,0.1058641451383275,4.409268236157697,1543.1934079908124,0
70.31557638592592,0.25032683272112005,5.189878495591625,1494.0667036351026,0
58.51272380905178,0.1501815535197002,5.06274760575808,1515.5087537230527,0
59.47347346857994,0.1158936785581377,5.223390203420281,1621.887753368197,0
72.24807400225446,0.263973161227806,4.327349758752174,1396.2454531599,0
52.93923499076131,0.15304619156439242,4.943332873979796,1572.4763608096425,0
78.10109927715257,0.17472288389178414,3.3554401808350267,1449.790720702337,0
68.73476924502144,0.0224008729954899,5.1160050538890935,1432.6016732601038,0
95.94474375675787,0.2757241089138779,5.940352515964692,1581.8741093292938,1
88.46333000492888,0.2656726816935286,3.860203272523056,1429.3530195991204,1
68.54840744601987,0.20043662754250513,5.386742584517969,1530.165977354026,0
69.14930397974948,0.07779352469153929,4.511188518591549,1460.8846862272187,0
77.96465211201624,0.2967495342667811,5.642000922954695,1311.4450643282821,1
83.6253808793443,0.14669892909113671,5.126917960969823,1538.217278408348,0
56.89576754051187,0.16373172399195296,5.323763290128353,1510.1057018365432,0
55.708996277162505,0.3849635245087625,5.0518591190043525,1347.1935588468145,1
65.02372155556495,0.14370908447126163,6.062665445107482,1444.112836676891,0
74.66190066539092,0.25937679699412003,5.277928382156082,1355.4406306630156,0
73.97498872406078,0.24496738096660942,4.435661028798039,1558.535190983713,0
78.5581716398708,0.23121377543040683,5.078972041856803,1611.0394562168078,0
60.40241977307753,0.2225600434043609,4.7048951656271605,1567.9592484036948,0
51.47084909624898,0.23011108495113597,5.129919925215671,1579.1304125440074,0
76.86411356241716,0.22175524727524323,4.6641842301065495,1458.5735675466549,0
63.37442981627812,0.19584653129791513,4.458551411562948,1543.75424088883,0
53.8520970848909,0.3209026499288594,5.159417770198757,1499.274509588627,0
71.16050996767505,0.09498715513605775,5.044631702893243,1514.8251612871056,0
76.34540550574943,0.2817166483212301,5.851164676036678,1576.594516836362,0
69.02354294302978,0.2657873838950041,4.668035296693749,1594.0389936517788,0
66.33721291054009,0.2558719297063521,3.415316922003754,1468.8194888289188,0
68.72510214283275,0.2893583542112103,4.70890336122935,1387.388415091596,0
67.03533790079373,0.19259204837852859,3.6988553928667383,1485.0076372245715,0
59.21562310447867,0.050482073933849875,5.332537579277261,1482.4581371748893,0
64.28255458407655,0.19421658722284116,3.66088165732097,1522.7678304011324,0
74.17023924011052,0.12070446259003566,4.209303150068719,1566.63967347713,0
72.573428331012,0.1414512632113549,4.710132433380109,1346.8334427612754,1
71.34447844773456,0.10060642609340706,6.235160483808916,1446.326915904682,0
62.03881214517296,0.16181241132449325,4.141687907428066,1422.8889448546047,0
68.54797470291466,0.15227010448132408,5.009923986517269,1600.0715030953434,0
52.58347962845716,0.009794413605831803,5.463981261565808,1483.330328531809,0
71.42781331108311,0.25601775290258316,6.187248442576558,1458.969314435057,0
81.43086166250853,0.37762574864039056,5.622235801377128,1543.0641353957262,0
58.20694294366315,0.24849897547970312,5.875125561305972,1452.5594919267182,0
65.31257861345796,0.18376608347726178,5.691445647081233,1498.784417856252,0
72.63285422968103,0.19562028834590275,4.0327016228830885,1645.1256960089622,0
80.02274107541987,0.16632113055894593,5.287753683453637,1642.9032259109315,0
66.4142030695988,0.20720332670935668,5.678928761737778,1467.4092541549744,0
64.46199736587283,0.1970393524741413,4.234799768260784,1485.411055827234,0
54.24861486067134,0.13271612556813644,4.5361920986207815,1450.4777199415355,0
70.82750503446485,0.3346310711158265,4.357446163898355,1345.9307779967864,1
86.33660832114995,0.08102766114321834,5.618098388774427,1582.8951476077375,1
72.2188676957174,0.2574665234555397,4.944575103736694,1693.707369333741,0
69.82176816653029,0.19190418981459745,4.743323284531923,1464.5240449879382,0
72.57665848613588,0.3520665452052596,3.97466406667761,1434.6565018168583,0
69.91126396841118,0.2272691679398577,4.946084597444966,1478.1722562927994,0
63.49588502191896,0.17120755702534016,4.5459293160122005,1506.8036838262867,0
76.58623932542164,0.18018342412524022,5.19467165221133,1409.1575911834495,0
71.80609218489404,0.2031925355615809,4.08562624108364,1463.3217231212695,0
70.14090601546926,0.10857674440028794,5.142325007604961,1581.1917803150416,0
62.197071781774,0.1386504379905671,4.648839383600944,1510.1904507573818,0
80.42806345547807,0.0572044824646514,4.000562459411883,1601.6308822503183,0
75.31762196266487,0.1261618481300725,3.9381727696974824,1529.1814282289201,0
65.57663330106158,0.207512518532836,4.058383689581845,1412.8866184981664,0
78.0145988294555,0.2240140039427617,4.834880754047567,1453.9188818624193,0
66.01943329291834,0.04165362440028786,5.0967963474908,1519.8729650843586,0
63.743972059911705,0.18902306375646397,5.215858905901745,1410.1928579231114,0
63.922375060157705,0.2450727960657706,5.246042334182758,1399.8144213671515,0
55.83145157529527,0.1869670245299012,4.39318139121664,1404.623955730742,0
73.77233904334565,0.14929690833777598,5.84672232647614,1541.2643510251053,0
55.3508409732932,0.1670271083961429,4.6462195791934775,1470.700798766197,0
60.1724493498739,0.15673893160182223,5.360119808047786,1594.5953304874358,0
53.395295927371734,0.14906155527135545,4.868675653204947,1428.2863693642691,0
69.31144245767285,0.21390588201958788,5.300496985362433,1303.4079785636923,1
68.79743631782502,0.3846150582188361,4.828537547084069,1489.5435904957428,0
67.38643029450908,0.14050400664758533,5.314907901259653,1631.8044024315057,0
61.659378442635386,0.17454858938708587,4.994088904095741,1502.7655533558884,0
60.62212997250688,0.19586416484998148,5.651072456520551,1390.2325405493705,0
73.7149589083726,0.14501164525133653,4.3450519654310416,1370.0578723034603,0
65.5955845463321,0.2878588642818741,3.584086931287537,1595.8321531138793,0
72.53086657228916,0.010329170135484955,4.221314064452723,1435.405058284647,0
62.91801051100622,0.15751526636970595,5.855134732190427,1623.3436262125224,0
71.44850194216866,0.265465098905597,4.876352944089808,1552.3274759081028,0
80.42622429852851,0.17647245532890932,5.07364983643725,1438.4345028476253,0
74.68932640314226,0.1343328832919767,4.15709070876289,1593.3709475449314,0
66.70068945426816,0.23526054035510113,5.052442980120222,1426.0882277389385,0
72.05759176284742,0.2725074588317722,4.181749884741842,1384.2130310044001,0
68.0746786037583,0.2168508356172047,4.299374979957796,1430.6603685324444,0
70.06304147755783,0.13590237121496934,4.678013053740896,1561.4989321272176,0
67.39511158281198,0.23649626553213948,5.356077806273716,1591.0373591201069,0
68.68531835291687,0.16783605597801682,5.441478064514008,1468.317818970567,0
71.6967468245934,0.25961495055150624,5.46323591835027,1350.5350951088683,0
62.0531304033444,0.3186607107885273,3.7295327079645006,1375.4586831097556,0
61.87296938408017,-0.008446140455082601,4.994668399687791,1414.5883542512508,0
58.89165956935031,0.20888539785565063,4.842574533293811,1396.48024965999,0
57.19783116397032,0.061141285044189836,3.7742540671348355,1521.2344300851653,0
60.26173846223617,0.39534308682638164,5.012787013377759,1655.049267577956,0
71.27570005443303,0.16255003729630477,4.799658226050591,1563.662125922047,0
62.85769987606493,0.2597098593460298,5.40922053769431,1409.7415324007409,0
74.10891571384877,0.19717465123240835,5.064997660991842,1444.4499387466756,0
70.2777099900205,0.13575323354247526,4.560543575773398,1460.0567456560955,0
54.25196629249557,0.12623575622580585,5.740609960365582,1531.1371333594468,0
75.23980467377352,0.32685433384806073,3.2230131993799005,1625.7003788681607,0
76.48638916473368,0.2764750448142649,4.948587897256312,1462.6079696439317,0
62.04909860132118,0.35548672699020506,3.5893992544064512,1623.102183285455,0
73.36153234315994,0.20443626681261595,4.270245383035104,1668.3128766737782,0
63.14801410072641,0.22303356969968002,5.419850962407479,1472.007450696902,0
70.78136301398668,0.17862467474757696,3.9806420156473576,1469.9484303150953,0
59.88401274436028,0.17703342375079928,3.8610257450368524,1471.1504506087106,0
55.655148379723386,0.11664904540181055,6.9055559867325,1504.999198855031,0
66.93746248309625,0.20672081527394812,3.912568758863868,1471.345672257454,0
69.01016842980131,0.13686027240910426,6.3204167224703784,1570.7341969111444,0
66.81856245108317,0.2353527137731362,4.862238268336592,1376.0934975685775,0
60.52775553421952,0.21360081751841678,4.58013670284882,1457.230232376311,0
66.8008075029509,0.2230145634940578,5.453429112470564,1526.333973845779,0
72.15435802064587,0.3340103951752181,6.0692752604355995,1569.6067605728408,0
69.6408557590197,0.19698256401875272,4.083145646313337,1675.6228050944592,0
71.46000824479371,0.26053816022827425,4.591800168217175,1396.8779817895247,0
64.63907839636613,0.36412075712684655,5.677495787747402,1447.8366068650196,0
79.37374331772928,0.3045293655436038,5.2303954499416,1318.687474141813,1
60.59061330756175,0.29225357587638756,5.881534264513106,1411.2104794117708,0
73.90048237669374,0.17546494275836,5.412089563545424,1358.4859762452766,0
79.4551287436797,0.21837144444542375,6.446579207319319,1458.2962083948537,0
73.84726474199117,0.09453789663760466,5.14287087906692,1481.7307525886695,0
68.37980618348136,0.2399131520771532,5.177448918664769,1537.556339187005,0
65.77362362669616,0.22195681420910734,5.257377097612639,1476.1120375744063,0
78.28870120837004,0.2018708100124945,4.886008918618754,1537.5949664329723,0
58.61620059790661,0.2821755830594288,5.678469727040739,1509.1259333675155,0
62.23900591696285,0.1033780142060483,5.189632979090421,1417.3341435399852,0
66.81953787606624,0.3307890280928278,5.630544007316115,1365.0981035327297,0
79.90123006009598,0.2721411750352227,5.755599882899328,1546.6945599916853,0
73.03814108832717,0.1943492816278421,5.342763745248262,1631.7202388011606,0
62.25563393191804,0.18810163297460852,5.401373059387358,1702.8308009345612,0
67.51753835692077,0.23844889721988755,4.191736169922773,1574.8363760987697,0
65.08541484722964,0.32166809856510237,4.5597171297441434,1616.601216955525,0
64.32168806213171,0.20812861749520087,5.674706762392585,1536.9167763231148,0
77.83111646845424,0.2115224721583381,6.138904945454811,1524.1607508472168,0
59.02605496589196,0.20144947821006973,3.4476558195933116,1508.8800819033222,0
82.87024684587499,0.3425619290161178,4.545709482198868,1491.535228478331,0
76.62583752147698,0.1704893517650381,5.01889648193172,1548.5661244343307,0
78.72689336482958,0.19763939211047432,4.296580430335458,1458.352233490822,0
66.29648390379793,0.31707485234087956,4.341984284654654,1488.2046038730246,0
68.80047424736712,0.2117608666890291,5.379935899035043,1405.762697362849,0
58.5347854838023,0.2909647088036418,6.265100775337147,1537.9941335251926,0
65.80270074346558,0.12709759544776333,3.3745411549422872,1423.2721967082798,0
73.94923878114521,0.1835765982697189,4.863619080814643,1502.699599238417,0
80.36850449425117,0.3187547230752183,5.37062427343231,1540.0392874913905,0
61.14274546558039,0.14589282273891638,5.624171177760194,1546.871314509585,0
67.07595250411788,0.1878960768184234,5.255301874455231,1561.7206830252348,0
68.78960623813983,0.2205348184713183,6.409122039948892,1482.9366779881555,0
58.833686382460115,0.12086763856056107,5.023125274660635,1538.885102351175,0
74.73079393406721,0.16689519051024826,6.049594232313678,1461.0699789510236,0
64.20807734605913,0.20901093454605124,4.482905863723225,1342.330102959182,1
68.43687719058381,0.2037345387329569,5.046386357271079,1542.4247418993248,0
66.38440502470498,0.30242816166697084,4.029827939360919,1523.8790485491313,0
63.68529195424261,0.3233165755865803,5.720691552439195,1581.0658802319308,0
69.94364011615556,0.1315132102399271,4.9036457098870585,1497.9769029702718,0
68.27512337145582,0.20890148153339916,5.286256850015919,1371.746930742607,0
67.02513694177068,0.2539398646739813,4.749305094971941,1492.6695372508623,0
64.17230702655726,0.32130779726393577,5.469142801327212,1570.9264451791782,0
72.55619736626365,0.25747922378537036,5.317947179084602,1538.0827847037142,0
83.22893814793828,0.22327307212738656,4.204278856023035,1488.2604341684132,0
71.11909786271302,0.25332340255861047,4.250586053933592,1366.9152617669454,0
77.96894571928902,0.2539015067469008,4.977785015726918,1417.9186436076861,0
58.8782245987723,0.12578285661725053,5.527659165925326,1538.1791089481094,0
71.26209151435016,0.21542390340050152,6.490316442491078,1366.7874278340578,0
61.221053448231466,0.3167328795350953,5.242392685332583,1474.5404068194532,0
58.18460057974479,0.18341145850447965,5.8060251219908325,1503.0737743181137,0
64.08502874032772,0.21035573140379554,3.7097192521886653,1591.994972467205,0
79.53519467530859,0.18059868403791826,6.610364679547186,1549.1592440904433,0
77.60012662935716,0.014891240351450008,5.484548968903354,1577.024898625917,0
71.9440377764352,0.20164721417877435,4.960316391072976,1524.1482659226087,0
57.73839552088055,0.22414335445222983,4.86824316203366,1432.3671214230806,0
68.4297547888965,0.15900052872952786,4.114240161712801,1450.9071625673162,0
72.41360007121388,0.10762904408922176,4.342970563423863,1425.3872288606976,0
71.40428983662878,0.12955148321746807,6.528348505706731,1547.2624673540963,0
55.24965133215403,0.26113500929084515,4.20879644937119,1444.4862224861954,0
62.87745721584103,0.35780198184375245,4.193385793706923,1468.4799749577214,0
69.48737788681026,0.3105946672724346,4.438223611139537,1501.7992990549478,0
74.29032727613752,0.09245231961355586,4.0414553976309815,1631.3049957265023,0
52.43097743120043,0.2683701848440562,5.0122452598764085,1552.5707126354584,0
68.70300819616114,0.1469470099352568,5.871128410132191,1438.1717260319112,0
71.14439015903162,0.15341863499929784,4.511606138982373,1512.1478125786314,0
76.7968959081297,0.16304195216229728,3.901340576191343,1632.104940839667,0
75.5428606738995,0.25648535598843447,5.233489050411723,1549.2143462743154,0
74.66057055047044,0.27674027011592306,4.95538052985615,1372.1398112400752,0
63.60047594638453,0.19215751429761696,5.8021796400653,1426.7808457089789,0
54.735982903013536,0.19351434071935802,4.636393360558183,1420.6451597997504,0
66.85557794350879,0.23714109945886347,4.79187457629866,1615.2583860287975,0
78.01305460166849,0.24543956316193935,4.880375708365385,1600.5024988690925,0
81.14763622019545,0.29409805654068233,5.071203288442786,1449.9970417771508,0
75.68439281838228,0.09725024195926411,4.685950658113928,1448.2735824154136,0
73.43472658241387,0.2016021871843224,4.556284713563193,1503.5753426129827,0
73.03711718708773,0.1145580499287058,3.519697852094527,1505.9735236874767,0
65.55105002591375,0.19592461767492778,4.547690232703906,1423.0139256541602,0
68.95951765157103,0.18190597698553915,5.572178614465401,1480.0695460081165,0
83.35255620661064,0.19626004368778383,5.680196415495109,1383.7117384117432,0
62.45953595366499,0.13602056895115747,4.623109581126959,1601.7856563928829,0
82.9182303256788,0.08101681654340571,6.0395887985454095,1359.1735589734656,0
67.42377476406354,0.03244499786280777,4.977036742639716,1358.2848462485802,0
80.60345687276063,0.18950558765881279,3.9297229025472413,1534.8031563609545,0
58.74547992401969,0.16551991153336487,3.6780927548365954,1401.0499009732757,0
74.68723360931719,0.14592498681569382,5.974606338095781,1459.9228033492368,0
64.10583891241902,0.3058038770265329,4.701597019791141,1505.0538288882092,0
58.6778624646065,0.13124494505637513,4.028748381541937,1554.024066389347,0
71.74827233928757,0.31334672657110424,3.1925790628515722,1482.3134305640901,0
78.07577430876775,0.3299074995415406,4.683427111299886,1642.3337437823834,0
63.24046849125203,0.043927962656849534,5.323800687197089,1499.9648809072073,0
58.007872316332794,0.2073905167199176,4.441847084763037,1595.2635766606993,0
69.26524188532036,0.16802428073312076,4.157403871892903,1522.2844624293195,0
69.30051736978255,-0.032944315577381256,4.560499385114618,1670.4967806405866,0
74.38655702043599,0.08442869975452687,5.994553615315885,1584.6690803139352,0
77.5967565709159,0.261994888568678,3.8856147058598474,1503.477582037809,0
69.52467854982005,0.36153594021690116,4.486639175661987,1550.3064573525985,0
84.8440265183541,0.2722142514159399,5.9686061916940725,1479.1347315575254,0
71.79387795628233,0.2258905978010382,5.395341031539003,1478.3280129315906,0
67.2285879519448,0.19829340946951302,5.143302251023165,1395.727133757153,0
57.10746112717737,0.3346130331718491,4.481243091667001,1435.3390718026296,0
67.89872383747065,0.37185913615661126,5.024403851600343,1664.8777108124577,0
67.3089044367109,0.15305258563806512,4.56973674523736,1403.6774902977136,0
77.68243837025176,0.04000107517517673,4.3124910951433995,1447.560582977309,0
73.69986899253483,0.032145002938303885,4.135954019758608,1492.5025058432718,0
60.56504702693906,0.30575047937278416,5.627276477097999,1495.1672564197943,0
71.3780350912883,0.1962353167380491,4.951675094227092,1530.6980655784769,0
75.37224937383243,0.2146593528366975,5.251610995042157,1462.470343350875,0
82.22425087510265,0.05674792056346295,5.121338548641123,1535.630109359707,0
77.10003173931247,0.1397448869769227,5.352735062246688,1591.390835291738,0
76.08677323449183,0.17636153488793743,4.796224968011287,1601.3305875185201,0
70.48068795692132,0.21662707066912568,4.61467403915634,1478.5990559490529,0
73.1064960433876,0.16811263688689929,4.347775736487102,1548.9074743122371,0
79.99603920564927,0.11701390413589259,3.868824693274309,1408.3093102287048,0
59.337780820162806,0.13723464059179818,4.102373463501666,1442.2627163782136,0
67.20448538226435,0.2966658628757786,4.7076658231198225,1406.1013281047567,0
63.819450009950074,0.21958276956828,3.7175684124516173,1496.3404248992279,0
73.033224949809,0.24897254455644413,3.894171276691176,1431.2624578912043,0
79.8417774052063,0.12809009512981362,5.833711914108142,1378.3445152956165,0
65.2242057062314,-0.03630587883204994,5.179343587883034,1469.119582193508,0
50.87756506024449,0.1581516554492403,4.638530617437183,1361.7132979375237,0
66.70223403980424,0.13067435564596028,6.8172595671236484,1606.1754482916913,0
77.30778985613925,0.22792098149024637,3.681400225029577,1455.3981551005381,0
74.30103922359903,0.4628578970945474,5.7804890211694575,1578.8252858910503,1
73.4254899824846,0.2556132814094605,4.9108271337764675,1460.6346007972022,0
67.76005358500416,0.4188768127506791,5.628037618330249,1404.404973923952,1
59.76775411024171,0.2455015756271559,5.087162973816645,1594.0419177084736,0
74.12235457299573,0.1496091009941828,3.5022039502037936,1507.096286648619,0
63.325745519723,0.2278332862496707,5.076368374047063,1650.9527428729837,0
87.47277386704366,0.34245108795821666,5.268444683711678,1462.6781659013427,1
74.56405766683613,0.3463650077056991,3.246411761180469,1464.4055760346853,0
65.35481357956839,0.15397301055655369,6.555238635041519,1580.3832673775287,0
65.10891802089097,0.22025469565594394,5.248966075338218,1580.9402120399236,0
69.2564463470913,0.0856586496263084,5.537590192109197,1512.274430921172,0
68.083984623826,0.2659734899753144,4.0675764883389505,1766.8214551846515,0
78.93467020423964,0.32426837592447155,5.552494017716494,1477.5551366143718,0
71.49132935795237,0.2031839563292813,5.871603567650444,1398.4429410424787,0
64.14694608873178,0.14660927565118975,5.202854582510277,1419.7955967535427,0
85.12352548124626,0.22881047610220503,4.9925027531833885,1478.020840851262,1
70.39446665216178,0.2333967225090533,4.285129500081267,1621.502000439332,0
76.15071740775117,0.20649150654796963,4.827034465773339,1485.0924910282656,0
65.13418794044193,0.21429720994687623,4.590376388592576,1625.284167869291,0
72.90492502195619,0.18609481196245034,5.457596509914147,1534.75400923025,0
72.48887992914557,0.27967639425811247,4.320099259906078,1586.6695437088413,0
54.882805663230776,0.25889819561321015,5.451720577202845,1530.9734901301445,0
86.12220088368512,0.12135174822846807,4.328811549816274,1530.339840529755,1
80.32515568738037,0.11915275174731244,4.790117956671986,1560.216848088486,0
66.8224374708321,0.17965004663787504,5.492835517610254,1454.6633214331405,0
61.181842076353156,0.25894696992841437,4.436962624011165,1455.542916436201,0
72.78049291042842,0.2118445931112652,5.520429191182082,1527.9637588931676,0
70.69358159531517,0.1485479671901876,5.4423953261370945,1655.2889180404818,0
72.84535158850584,0.2209214877380664,4.783239461298445,1376.7397419786416,0
71.53261916955272,0.17353515843821826,5.9294265610846315,1337.6651504447977,1
74.04992791444741,0.27043891681793053,5.062227473581691,1478.900493101711,0
81.57844559513445,0.2266446748053638,5.8818212212682806,1582.4677664394997,0
74.54482564102916,0.1747777450038285,6.434771939901743,1504.1100868544145,0
61.60275600872047,0.21852150176371693,4.806959182638951,1406.4536122547963,0
80.90050282169962,0.3052038447619361,5.515963987221918,1506.3274797493111,0
83.1249165079063,0.1544295938762898,4.4899456597417,1361.3621429693474,0
95.21645387609668,0.2322125585317729,4.1737484723934415,1550.313364869934,1
61.01204773408322,0.19436317276272036,4.843632274090857,1475.2713586837526,0
71.9430561052022,0.234158694708968,3.9099197762004296,1493.4374000363655,0
53.3432103744881,0.14763480467234158,4.249913776282152,1534.1748376408914,0
74.42519325103368,0.20882683465275007,5.473146079456854,1516.4551133900886,0
65.61439761466582,0.2886258625933441,4.589080787640929,1456.6992341015111,0
85.38756635859963,0.12503944150031143,5.5684112696974895,1582.6890270117176,1
63.80308023985135,0.09364759173399347,5.23952955041399,1563.7546051711242,0
56.48653569626191,0.09668355484104287,6.480923249615293,1358.057264622059,0
66.22989007437984,0.10634699758398489,5.419469828460837,1481.5805862821921,0
54.1960978302629,0.24762586303141315,5.891374456223452,1413.5770565042978,0
76.00879563605848,0.08753122513076277,5.321507730502037,1398.5553520643662,0
53.47933562994943,0.17616837242051755,5.249114800862458,1542.8106898809294,0
70.22766064946526,0.24946314426485666,5.931786433690652,1466.4590975467809,0
53.377505441150426,0.2333327248438875,5.535037972692212,1488.5782680842872,0
67.43761756370687,0.1691552816030012,5.168050890365943,1446.4252052978352,0
83.14702524643627,0.2152738985404085,5.164523732743774,1529.6140362255862,0
72.88518313148636,0.20857162637900548,5.430583449464333,1554.2677508255226,0
63.092051160280526,0.1820607235561451,4.462901184432092,1673.620389038106,0
69.75037208848732,0.1831332225076336,4.4289604270890415,1485.5220588401478,0
70.14413497635557,0.3788341947805569,6.140324745898345,1384.1266020179592,0
73.78104276674725,0.26474487231450405,6.491530931087999,1459.6885047654785,0
59.06513309375339,0.39845207340097144,4.256894033271867,1567.7647937105326,0
74.74053819077865,0.1602429493663599,4.464804454048236,1438.1883847895754,0
48.3648669471778,0.19320267224894822,5.914018255603316,1381.4297920436015,0
64.96092358108952,0.09342993877786822,5.426815994513917,1439.8545850969545,0
66.09380926038764,0.13523465583283423,5.541142484256738,1457.330726580055,0
75.0666146085699,0.35215305189300006,5.717281035882445,1413.3864361628275,0
70.18104682141495,0.1582372568126595,4.807414270604739,1517.398121129315,0
58.75549556914971,0.35354250401155674,5.263975939992149,1493.6782175034625,0
62.12005499346388,0.10053101914560877,5.201753720558473,1563.1764192655037,0
71.58944007637926,0.11572247727413786,4.313206719803632,1464.331213205953,0
69.36746126508355,0.1727015023181263,5.252072754572563,1544.6451814854802,0
65.36700712291403,0.19490000626566578,5.990168556919734,1460.6183364781068,0
66.15332968390416,0.2738469833960104,4.732693408925311,1409.631011055301,0
75.56934397727431,0.23606163337490127,5.122055398992748,1456.5584691803253,0
65.85845941704628,0.1666947794124778,5.165367132808685,1370.5386248759762,0
69.29527004776742,0.1893347354785515,4.772268359651783,1643.0572511986384,0
87.35949270464434,0.17447496641722401,5.541520990155486,1511.3999798228801,1
58.61053890492862,0.12682770117394163,4.4559474949960105,1436.367448773563,0
55.185258147402735,0.12896296507187027,6.066116414956747,1469.788467017435,0
76.26871731838885,0.2822307113146728,5.500964449305796,1303.9628813407944,1
64.57085550964717,0.053746805765828826,4.250585119461684,1614.7482580057454,0
67.45409977805903,0.32938869579560437,6.358407747909003,1606.9238435371387,0
63.75074897495109,0.17256046195182145,5.134481169009276,1508.6033523328076,0
67.9215988738599,0.13819931148862719,4.4216419862119585,1525.5569836850725,0
82.78830489677073,0.25918074325578155,5.883643619992953,1398.5858578459472,0
76.41702766894495,0.3188173267317694,5.3957372155584205,1404.4024083791587,0
76.89778809509582,0.2894105953283166,3.582432236612769,1364.2163080649814,0
58.67018355365884,0.2401481639487913,4.579471746204917,1487.1145531381128,0
60.790770107577046,0.28694907917774687,5.223277869777235,1584.8828323892747,0
47.287370724116585,0.06268019382849074,3.2723466578858726,1469.3428297038124,0
63.52495343133797,0.15825355668094815,5.068056068309915,1527.8156664142093,0
77.65362549108526,0.12710639519801242,5.126383498164208,1578.3067115914853,0
74.13557212598697,0.29797109849721404,4.053206494099342,1370.071945761757,0
68.22789389638301,0.16932175848608907,5.2165159090079705,1647.6452340303422,0
69.82159773025558,0.2676325245425645,5.005971071300027,1592.5856309945013,0
64.48891565939675,0.24286855539909105,4.046964715291988,1541.1114174208342,0
71.63807105921427,0.13101544510690552,5.73564843749026,1573.9275624428858,0
76.12702623584492,0.15304334320189725,5.6702830358142435,1577.6861042620055,0
57.07290570071622,0.3035054152651781,4.768210330518111,1523.411190927185,0
72.39718150269879,0.13796138810524694,4.8411349412865405,1614.2622362314055,0
77.45947896763734,0.20998940881563832,5.581011150076276,1463.7871721106037,0
66.67919768829304,0.1373966970938844,4.839469485510555,1536.9448964156318,0
75.60560489696466,0.17488382504673117,3.455273439583876,1605.7314241000047,0
92.51723555578042,0.19630704448240227,5.389549245919942,1284.704019515263,1
69.16525765610487,0.13737067917620072,4.349392543409193,1535.0370676779326,0
73.1464564000426,0.12316424368128949,4.688125556465925,1557.9683982754684,0
64.09554333070886,0.2229018669421954,6.166296454361181,1363.3246907292446,0
71.4500093008164,0.13242100729670592,4.892817220792962,1522.5456068813266,0
73.68217299985844,0.1351473955441062,5.001387948699098,1436.503521571229,0
71.55873872216111,0.12487574850384235,5.407733820370878,1531.744502527299,0
61.84243744232914,0.19376735629349454,5.404267155099226,1492.40005628714,0
71.6508941706036,0.2754961307519873,4.264641786097773,1424.2937464663764,0
81.69756750974109,0.32052229090498136,4.9517611875725,1588.7730930881162,0
73.58908611611622,0.14192655312049773,5.028922022340661,1466.5307980808395,0
77.69589751257473,0.3720248634664969,5.217621517303062,1521.5971035217267,0
68.10390423989898,0.11962361114345633,5.231377552733296,1605.1238098787278,0
75.99920191538969,0.2866838818662296,7.069952983021967,1426.6644404493454,1
72.23414270573221,0.1422642836787646,4.059312183530205,1500.643939837826,0
62.392714162502145,0.1303261384103992,5.784073296158365,1460.3738283965329,0
72.548168038391,0.1404195074572489,5.946700644666447,1478.225628436982,0
62.06642669247751,0.19580418402807048,5.394227179138822,1672.4868166325166,0
64.93695780092166,0.24639777368268884,4.4797476841015405,1536.5420707256224,0
71.514626458339,0.2535894430323858,6.331734424214101,1525.0874141297766,0
72.377954187041,0.12448119877216896,3.2464137082078413,1541.9269867145167,0
60.486140279382965,0.12082725699909852,4.453386642225739,1534.4207702065974,0
78.43188616946301,0.12666890453091623,5.93734575777825,1353.9349168811855,0
74.57605022640378,0.1910916478091591,4.703910717261985,1683.7408656417765,0
64.36217251511293,0.18318755166473005,6.277171619840148,1382.8504379889084,0
57.699321628406594,0.1239859630344164,3.7905562042572796,1638.6075412821026,0
68.84076336734854,0.22156829552505955,4.110318484841594,1549.44122920178,0
66.43245028911072,0.3810055046668255,4.57468946389842,1514.4623214507578,0
70.90512365642418,0.1596227630531879,5.333919422029223,1475.5612019138687,0
67.09506671075548,0.16531905430371735,4.822383879695981,1708.4128440874638,0
53.94034511403992,0.24477292562594952,4.607680597950063,1548.359164813954,0
66.89322449359074,0.15529469666105641,6.136317144878819,1501.415045193472,0
67.55504711145349,0.2535171585374546,6.210755980311321,1457.1789836391729,0
75.06928819819247,0.1425165834576768,4.668496187433956,1447.588138500233,0
64.4144026031116,0.3465695686061841,3.6321857541362697,1504.0488677737771,0
83.42939738698053,0.22758199780738358,3.274012936650096,1425.5517574671005,0
54.70687559478594,0.15039816407386308,5.191432091824285,1554.3720838355796,0
80.489339982421,0.1529046640424581,5.524764497775038,1448.348610621093,0
68.20544823297516,0.1588960197833572,5.050398228462837,1580.396441155666,0
76.87667897874844,0.3098199732999099,4.943273514335393,1578.606990504903,0
70.63841187246986,0.09849991939189734,4.356365908244734,1495.5651456700646,0
79.11644428820375,0.14656466636323964,5.52398383513107,1546.424178388398,0
66.90110428357751,0.15506715544596594,6.342548303119128,1550.4291127621439,0
61.2110365985775,0.19874496265944497,3.2264978581315553,1383.013471268416,0
81.3640342981685,0.17831122458825646,4.937999048969828,1638.5354390922898,0
69.09215483294287,0.08070177348876299,4.22372132046912,1479.5405028570276,0
71.77246778899368,0.16801418531236262,3.8076272047569186,1555.645881073256,0
79.87801531235836,0.19203594534520255,4.096019303372467,1557.889880884226,0
61.74435806324452,0.14975217319361733,5.303738284547523,1300.8370326771674,1
74.76392718111406,0.2549420391238132,5.323969758072932,1447.4456644200425,0
65.28084194829687,0.2735526743002918,6.16823020893984,1567.2295056340845,0
68.94264515484502,0.19372906402164858,5.007025237716369,1504.9801967548162,0
70.57823172307431,0.21844332694805835,3.593422696104337,1555.1175469070456,0
57.99822510842451,0.027115520212058347,4.809464366099222,1507.3893249156147,0
63.769303657436524,0.16631177822705345,3.8908967422273726,1598.3505435042516,0
80.80858313930511,0.28038573534063305,4.034563290862396,1509.1227110755528,0
77.08952950867837,0.1661250733456578,5.4644472467251965,1613.9271277424382,0
69.49888338138211,0.14101906588864313,5.155344724475536,1421.5977138230364,0
71.94498766810314,0.3822151140824745,5.470052476348265,1489.7887944416843,0
67.64605995490834,0.3455261752156644,4.714005722182618,1452.528034513437,0
80.85266708662385,0.23740599299857257,5.632423650740285,1531.0908851249812,0
68.3971793776467,0.29111284891840383,4.669277681367911,1477.7065644093939,0
71.85473673707878,0.021925166563353804,5.893346266193798,1481.638865032509,0
79.16824115313652,0.13699588474970348,5.275711151577234,1443.6186909399803,0
63.78102812123275,0.1624033701461479,4.834402503612306,1463.1411586457166,0
82.47031347597515,0.18112159209064432,5.169674435340878,1499.1778348866658,0
57.756308722052985,0.160804478322083,4.985711439220066,1338.2923879053462,1
83.0371370489024,-0.0040021033213077095,6.276885212250338,1315.858891517506,1
67.01859532838421,0.2308819694966848,5.196350098063031,1504.7316753845987,0
68.05841001739775,0.24349233026244854,4.998709862084393,1278.4658747813166,1
54.87991863053646,0.3281519033271985,4.8092073143593606,1484.5486178553542,0
66.36164226097846,0.13693525881800295,5.674547375396009,1469.826899104703,0
61.681547751784926,0.13038694737760784,5.566330671242804,1543.36302958887,0
65.13882923701222,-0.014398758877157497,4.780926695749898,1446.2385296758457,0
68.90151227368897,0.17651465307272912,4.0754867883017525,1625.5611815433572,0
77.66233291578324,0.27208894248497373,4.278425489297317,1567.8530298584346,0
71.66082681120501,0.15105857102458245,4.852669968366243,1379.0164774678788,0
72.46141322720891,0.37147558548349185,6.0791420048952665,1477.2522914020526,0
61.2358448892355,0.17947241313683812,4.7998586966024686,1622.17481153471,0
62.95396728317816,0.21175938274308445,4.524701112027548,1444.1894475680374,0
84.3898001468105,0.0909517535534725,3.591424549401083,1495.7686139979671,0
64.11839172189403,0.22297762761402237,6.2108331484818375,1612.3302060683823,0
83.24966601645836,0.041654416411784384,5.4552225167851685,1456.7523507149776,0
68.05551040895307,0.2554958364010516,5.636807976004686,1589.8383952066313,0
70.01830348914804,0.257954254098833,5.7693504415435,1427.2000317909105,0
78.56292128183944,0.30874331394692084,4.868215816992829,1268.9908919883105,1
80.17513937550925,0.11840250249858492,5.067672506998028,1598.28234531525,0
69.1134995177673,0.21284496946379355,6.190881553561596,1535.098803204598,0
66.89405557182769,0.24510532475092034,5.14366471145531,1540.3651420267572,0
69.55263641182229,0.23538253106642482,5.470020232051196,1412.562976695578,0
72.70366022585695,0.1307760579892119,5.696440573760409,1418.931790680251,0
77.13042949495804,0.008641448835508797,5.514345065938115,1592.0349215788913,0
70.03383887195321,0.2277568237507585,4.897464663786805,1519.456584592341,0
74.95109038418524,0.18780002573520646,4.972892925748864,1490.6035154129793,0
83.10687785816752,0.15466635256308478,5.622112350380753,1517.674132969133,0
73.05047689811828,0.2611156290972373,5.620802287947781,1620.680442400984,0
72.49322284803823,0.19640643694764537,5.93458607921557,1557.8950581642057,0
57.84871339927946,0.09446439577857606,5.440877586647871,1462.0283842091874,0
48.95415890536749,0.04548381687230227,5.477284490873644,1387.7209711103958,0
73.10700583384134,0.10968293878934678,4.643013306572443,1547.0443009462228,0
69.24140614975302,0.39144098358134294,4.535080391142479,1426.0825591492617,0
65.88173860068207,0.2578221419146218,5.624504539481196,1405.4098449904986,0
71.94824163349075,0.21508898735800094,4.5406519455869,1605.2599349499253,0
69.51677016642473,0.18546712582513564,4.98343919750651,1569.7924597406518,0
79.02224200507119,0.18020856480420516,6.103218592777033,1530.8548741344398,0
70.68888694607182,0.2933756786687276,5.976456233876071,1400.9282351250201,0
64.02461371943866,0.16075234064772548,5.241431064637747,1643.1412848613666,0
77.9213299116743,0.24615363285474343,4.763088336133032,1582.309465177268,0
68.26295140043038,0.17212576397667248,4.901296871725196,1475.6971519150084,0
74.21229346937845,0.355212530546805,5.694128112844492,1458.7775953471307,0
66.18071435045759,0.2593830806062643,4.970800578043067,1506.2791793047147,0
64.80138491602051,0.2996445451746901,4.553374085591789,1461.726506676908,0
70.67334584148557,0.1532472180249409,5.97261980512638,1676.9483165428087,0
70.10262914834948,0.28465088900539376,5.145280111303425,1469.1577300236108,0
73.83861628293467,0.17499380596842476,4.538195343206603,1414.569370276782,0
67.85083397352206,0.20880278591462795,5.3831521511461045,1627.0732686666463,0
55.30912172983682,0.3308038136495567,5.776974730554007,1454.4750533370316,0
66.53780893129289,0.11657799545948648,4.193861548169791,1562.9144086493384,0
76.35054773715052,0.21625981850443204,4.839636869317652,1554.0310084868856,0
67.62099136605515,0.23504042068149816,4.802653305929271,1495.3150359563956,0
68.02893277988362,0.2416003504640648,5.361829732626781,1422.1602588381843,0
77.8910120472475,0.1639372405525228,5.505606658287887,1496.1453658417288,0
64.30421418192861,0.36690112806464653,4.558820870976412,1406.4111114934226,0
57.657574254056804,0.09640544917277918,3.80579905927518,1498.1025789970477,0
68.71495104379605,0.31671083109059756,5.825439003679521,1561.8225173167727,0
66.1266083900101,0.2972052484473311,4.10404378353823,1637.4224052953598,0
62.27002944197397,0.3520711031682948,5.216947364035102,1412.972070724457,0
68.59697235281047,0.0729418321033744,4.894415281015454,1479.963311680326,0
73.93204517797427,0.13049348096882318,5.12995512416326,1458.0151132619776,0
69.92569150745747,0.31935544473293126,6.320987177365486,1521.899150200599,0
72.4558485814899,0.04983686762957529,7.4306252908974635,1378.2553298951343,1
84.50726158812338,0.07148328791676692,3.6932500708811133,1425.7069858300026,0
67.25696910753949,0.16093537706308067,5.7871249242663385,1364.6386753545091,0
72.22678907715736,0.2153595030897814,4.8750017818578835,1384.9356367467917,0
65.92629309920693,0.327378005891902,5.838283610970042,1447.164976487033,0
63.22912224090422,0.18517872680557135,5.765810460943331,1633.670609026071,0
65.32073877265785,0.15134086815483688,6.127795845758531,1527.8080381546106,0
66.1699314278265,0.2249111950157142,5.227971932130158,1505.1996698879846,0
72.875806380377,0.23756771866355209,4.288338812035981,1607.7508803222788,0
88.79260629360606,0.23529918577362172,5.742119590967696,1530.6878304946736,1
64.27165250979328,0.1857611033638924,5.0943980609152515,1538.2060889117606,0
66.6669975550763,0.04359311088654802,4.812925427892694,1462.1580427856159,0
69.49501589511001,0.12659072087149342,4.61902089543603,1449.0137315512734,0
73.16639078967798,0.313621686821397,5.805068455284103,1395.1098440214864,0
72.10840649563828,0.214965515038128,6.282695593605902,1451.9128347166886,0
80.27276635158493,0.17419823047143546,4.043717953040293,1477.5581268720757,0
50.58886343571834,0.289453483869918,5.497561793983144,1527.5775158013537,0
50.90456103843462,0.10959066941048413,4.702090251661883,1497.0593267964236,0
66.0329746239188,0.1819721493029594,3.826182081446309,1470.794442730585,0
78.77840150034967,0.211020672413923,5.118164656610406,1427.06585984826,0
57.47481574715523,0.16468979973642967,4.333489775848351,1531.9301446364168,0
45.938941282449946,0.2080610258321279,3.737797417759842,1460.1787130372927,0
74.56943524975367,0.1849844854862588,4.374607622220372,1528.3037206393592,0
71.94925778962171,0.08805255617713001,4.177780865668917,1346.9382312325172,1
61.27833274560456,0.21451823055032448,4.482650517549287,1526.9136930375917,0
62.11568319423256,0.0937318566789706,3.9392927384370484,1559.752552223699,0
62.2420502429226,0.21324921000773778,4.683887913099029,1549.5624687491,0
70.88428253979153,0.30993086593200875,4.429400697532822,1484.2623659719445,0
64.98947779053594,0.17751814421791565,5.300491101716526,1573.2254652339502,0
73.95251135180416,0.1062813496023211,5.474831189118652,1398.1632893635322,0
47.162986696764875,0.18984097494360158,5.208118861422753,1492.8635147834775,0
63.145185078977605,0.1334423113537175,4.8116444337011925,1484.528335907144,0
60.9915683127116,0.24756072021051756,4.790057923446148,1582.911975123287,0
67.94927457302006,0.18816090019817172,4.330340010070907,1338.3605463580361,1
65.69561793207889,0.3367810601331659,4.3496042724720505,1415.349622565816,0
76.38275023916613,0.2930391676541871,5.562883094462989,1639.7800646904411,0
55.12530582671954,0.1877535596414878,3.5922379210796285,1305.554710092403,1
70.36393181064602,0.25724872543784727,4.935420049349646,1565.153917735,0
74.46669138569365,0.16854108726697237,4.741176750751039,1443.9738269578286,0
84.85317949249564,0.20271655081321346,5.479305681099914,1520.376208291688,0
66.1458722312522,0.17108526429197501,3.8599904132621194,1613.1025923087484,0
72.59566883482013,0.2613164767879767,5.009984564388752,1523.4565496863065,0
55.56909765950108,0.3146390621367663,5.274387473087286,1614.7626701408815,0
50.86435036549581,0.26389185657529146,3.476215025100804,1460.612065537056,0
76.7581950062536,0.2737549281028285,4.14053762171061,1471.1858995325674,0
69.95551765081544,0.27384267497885834,4.926568122549767,1562.947379907818,0
79.42810151838738,0.2441004737867768,5.411317526107443,1464.8455631774134,0
59.01277688824201,0.10885710726317858,5.14599944889016,1547.7877104830402,0
74.15921711623002,0.33607772155332,5.4483634023598455,1594.7043373262147,0
84.95054272435083,0.344352866135874,4.136501989887476,1569.4669515429912,0
73.35764486685812,0.18128963173493054,3.728999720217579,1373.6870747642733,0
72.21265204472839,0.17034416678270545,5.0676046446054315,1472.6895378360382,0
70.0684486465948,0.24899293223323002,4.016517409428708,1522.5465987243858,0
57.4329483429927,0.2440650268146804,4.307742139161757,1480.4885168296487,0
80.84458348568279,0.18384431449975852,5.745822683861099,1506.3492810713226,0
65.11313888155948,0.09999794755299168,5.151279645413481,1523.6056595415407,0
74.03586605106413,0.22445609525998217,4.5454840757956685,1457.8745503425944,0
57.49572554742997,0.24411492305404364,4.441574796287229,1484.524889563531,0
60.56432268393776,0.2580656918431038,5.496737245511332,1405.5172217594516,0
81.48069919377788,0.22794342178833663,5.169576748519987,1461.7726570474142,0
67.22158168833725,0.17831078813104725,4.0283546861418476,1377.8657117787347,0
81.62620380834036,0.27952016316050227,3.441741013519242,1509.3197356554153,0
69.37415472753186,0.20526787980527347,6.50544146611212,1484.542223651316,0
55.26481781633714,0.16280615885082236,4.022016619745954,1426.7363830361096,0
77.13654079785377,0.18554772943634232,5.422157202640098,1642.8207847063077,0
65.28086145795514,0.060322477402001445,6.20855434587054,1480.3670813562528,0
75.58951050813634,0.1854206540657169,5.118078055066524,1522.9242355263696,0
70.20168694032066,0.25507492158997347,4.519650658826237,1448.909346812363,0
57.655054176457035,0.22718264177113842,3.85916076664343,1466.852158341016,0
71.31435812296455,0.3216531338384949,3.8479915709439756,1525.9530776678828,0
87.5697851372224,0.17896200687874367,5.301355878941109,1473.419916015449,1
73.94389166811567,0.2389850530442653,6.160781058359988,1500.2642685510614,0
69.5398579759563,0.2634192141044618,4.683632722636377,1564.545969228277,0
78.60274721565519,0.3874285606629927,4.555423630280509,1458.5579056384918,0
71.6853477216249,0.21158123928941125,5.557984872648949,1393.427105340969,0
71.67627384210236,0.11646502569087815,4.451242196876203,1377.8988568257269,0
61.26699862272718,0.2678343002684226,5.219586326102737,1615.075122910949,0
71.87078420631678,0.3492581884774766,5.03344116006841,1574.4917360460456,0
78.28354733133555,0.1741961031818703,4.672425553137556,1552.4639733750191,0
63.3115027831998,0.2672865230885133,4.987569473010784,1465.115775530239,0
81.39596656997558,0.29829824441831365,6.410521691719984,1393.3535991209733,0
69.266351806839,0.2813652435176123,5.483626355280765,1477.4158709203082,0
62.89784390769167,0.21004468179788624,5.8740006434047825,1492.5316502971164,0
77.98105661536195,0.1441220993429483,4.265044511263952,1409.4758666602177,0
67.70564611409385,0.19349763615891316,5.87674891808606,1382.4274949561104,0
76.07611909988886,0.23668803631021046,5.511216380375188,1361.5749914876853,0
67.6659309419317,0.27265780192733835,3.8003231227525056,1552.5914550035075,0
69.52139085176077,0.22671560383992315,5.4318325866968795,1403.5713347837589,0
73.94848163467434,0.16960736267675386,4.5893806905642585,1524.752825657275,0
72.32717646072005,0.24443037249198152,3.7633570589395067,1468.1760117274202,0
54.03574575638609,0.26880680541942564,5.1038205858620955,1547.171032702091,0
61.030050079244866,0.23036880451315844,5.431234072850088,1526.8659609575213,0
77.43527987832653,0.133105030836934,5.1212864549156505,1481.4450065686972,0
68.94290728878762,0.18548751722262483,4.912689132123396,1510.4362740167373,0
65.81014957782862,0.27582566211299736,4.735531729233334,1491.1731113298629,0
59.131407877940205,0.08935857530044211,6.973270407473245,1450.7722279493544,0
61.362109429793215,0.03254575820870728,4.053944489177083,1578.4066228366291,0
53.825610880304424,0.32064662801152166,5.698337585885763,1466.15409974064,0
69.18975425038774,0.2409132204017504,5.012338376711187,1493.0519882998817,0
65.21249935535162,0.24853840020160853,4.316426794986374,1386.7899920273994,0
62.26729687211748,0.11385464210983552,4.961280759497137,1521.9235683075851,0
69.45501259865638,0.25900224507732306,3.885653889929106,1451.1534722283632,0
72.9117650468219,0.22201989500546915,4.523607674554517,1461.8521072673677,0
86.74558345767956,0.07325379377212823,4.962452539331515,1432.8351311292447,1
57.90493264349429,0.3139426731419086,3.7591063531206963,1490.0802841689322,0
79.27504834640418,0.2126946658894983,5.405106030790447,1339.4821907970404,1
77.78481248812058,0.1683132827136585,4.228991167270774,1554.5885610330608,0
63.767258084986395,0.1697608203211826,3.838623233589158,1496.9068180256618,0
71.62588763668825,0.03878224756540988,4.1356658113373035,1462.6171519038235,0
66.33893400529908,0.2474669279705091,6.74076332946839,1376.1415467367265,0
71.48550864334992,0.22094857657965805,3.417548686504928,1534.6453349183976,0
82.0730481072364,0.18447358941335243,5.348898471015833,1449.2537951763939,0
74.8448498610505,0.30227881659613376,4.39869098318457,1604.486949619865,0
74.06886698586753,0.08929127848033235,4.7198974627859505,1538.9055169863825,0
66.55752544036287,0.1522582018905908,5.483144742944266,1622.77245509497,0
58.12754668060532,0.13199933961916915,5.443854971871136,1510.9576032630857,0
68.33225431567674,0.17769640161827577,4.455442864670568,1586.2258208929725,0
79.65286523891132,0.20539760202057786,3.9137407946933647,1537.0216836238574,0
57.78265714728282,0.2344010819049084,5.497712778960511,1463.9214870236963,0
61.55928505458644,0.17224212375159062,5.441901754407476,1514.9768014787307,0
71.01014188987254,0.12981154118760851,4.772024392969449,1433.281098683285,0
62.1227617212219,0.3348805559816356,5.3535555070467025,1665.5023546379498,0
63.6598124230783,0.3929312153430855,4.643336415219571,1491.930791223567,0
66.61121134617458,0.21146293375056205,4.338369947972169,1502.0968233214921,0
59.075060766478806,0.13945757063833064,5.00316974489686,1531.1988689306816,0
62.20702523026905,0.31803633048338353,5.415226192873214,1413.0443740546618,0
75.62742333429847,0.0842594314937228,5.247400215641947,1605.709688453326,0
59.54104174215229,0.1732181340236138,5.407330144061338,1417.9736359385558,0
57.2170229240413,0.14431063589229587,4.391536901368699,1399.8823550110885,0
64.95980016372884,0.10723715596396091,6.2655048998066025,1486.678078983758,0
75.85564402007877,0.17759806136625844,4.726095315729101,1397.6562001768332,0
68.42462553602488,0.1308662336660828,4.904867478818727,1624.9552428953102,0
66.28335137507506,0.20101235713189236,3.9450752726257057,1481.5437384253555,0
70.35487038012485,0.20217417341379712,4.844915874962173,1242.3066001727657,1
56.03434053712279,0.15029346211824168,5.425790189481214,1515.9958814500033,0
73.95764523020026,0.17035893147249043,5.610008490154132,1544.2804789483232,0
73.06748025122916,0.18153208256770317,6.249552589749426,1466.2854201287826,0
66.72553220723422,0.2647876848895542,5.416187916660369,1391.5285579391034,0
78.04739609437134,0.18812564791486516,5.221530556639762,1491.7354386666802,0
60.98003120837569,0.26597613926288777,4.642963910788545,1461.4635626218524,0
79.02327194602856,0.24686503868437246,4.470607673413594,1421.9542464112772,0
71.235949324762,0.24572245575205937,5.776198811734525,1414.89399439242,0
67.30757928097461,0.3110276776276779,5.760856281391127,1512.4988599149908,0
69.84101091705351,0.11044872962032723,4.138389839320982,1572.2417440311724,0
69.14188187351246,0.1621453514954309,5.578476709722785,1536.9235070397679,0
79.76226317134174,0.3410639040239656,5.520306953116674,1361.7601713129295,0
61.38656698023189,0.17941467995285862,4.108952891988644,1549.2382403644785,0
63.89984608682721,-0.025209895192467968,5.432365443831341,1561.797920962164,0
78.29042313657983,0.18376253254816918,4.160362832414554,1611.4957400678213,0
65.23572051852912,0.21079516241305998,3.056565625861209,1424.0089795126485,0
77.20426461865273,-0.009369049394496842,4.871918069046361,1495.4717888508299,0
83.59548786406968,0.30671485119103586,5.206251764203991,1545.4019400243067,0
66.78563978446694,0.14290300289075186,4.90794335609351,1457.7957041488312,0
75.45089861260244,0.22628504921500125,7.2936854537503795,1544.1527880277304,1
60.77046174928113,0.18192147637247502,5.3030809833879795,1498.0778939025674,0
76.03786638454247,0.09693188646367669,5.1177134554389605,1432.2836146675563,0
71.59539188789414,0.11435934922916642,5.343673042651273,1439.1006209047564,0
73.78430625728173,0.12519337308579626,4.6469447964799215,1599.9431485019886,0
64.83542342371683,0.28685375273469105,5.743583249674831,1420.2865070082662,0
56.71133267546262,0.18819694495198785,5.2888015569416815,1406.559977266431,0
74.02601651799604,0.15825075867586028,5.2521373631139925,1527.5503091785447,0
53.49277478016437,0.12523128699278152,4.500703821706448,1497.5541772526005,0
67.46119606205973,0.29569201772209014,3.748535738840725,1395.070289805861,0
77.52945493135975,0.317136101801887,4.598891128738168,1458.446386072838,0
71.53518188698429,0.29477951189653445,5.226107085007913,1434.6574817391556,0
85.5867411583185,0.23939498713233334,4.644240416204043,1448.6665963002479,1
78.20087322065419,0.22318640334965695,5.233381733653896,1701.9976317445316,0
64.76881289339539,0.10272497456192789,4.814110498514956,1475.7936076260778,0
70.21850703881151,0.1803344698631154,5.3444635877012185,1429.499924466228,0
69.62103437964451,0.14529118373228508,4.218540699299749,1661.742999263972,0
57.34258589323098,0.05395903128122323,5.1543120095080655,1571.0603838553916,0
62.47680866812517,0.28456347353322925,4.487236682918883,1557.9860448468328,0
65.51391274416112,0.144333604288618,3.7693736462954908,1433.3524564558907,0
53.71023597715251,0.2956753525948246,4.8678767015773,1595.3186686149204,0
70.37994774601314,0.27053971206080096,6.229054059054437,1565.301967058627,0
68.00742524277567,0.24453743813067352,3.8331388737232137,1511.7671665470411,0
56.61684878950741,0.24903072574105473,5.095513800315359,1362.6957501702202,0
73.23370292221865,0.1507748894341034,5.638061650611379,1498.4063998017737,0
75.72698195752767,0.3486280121032532,6.8400245481155615,1638.3944571332304,0
71.81627583091911,0.20345003447624393,4.60565361404265,1517.6306255793631,0
67.40745459832824,0.22415453480949632,4.49439951631655,1469.882677833451,0
74.73153721401484,0.1480738933146689,4.066646243248587,1481.7234125529064,0
75.44176288381352,0.1255067791378432,5.912413067876976,1487.2598154548946,0
72.45922855775751,0.23818368070475388,4.3060685366087394,1436.0308628978448,0
63.40310199652191,0.21740107967510286,4.70352285457972,1496.7004136509747,0
72.21280612408944,0.13685181072779384,3.520849698102996,1615.418762363644,0
79.56384520660383,0.08492586249796769,5.707177474142821,1606.3563903128784,0
65.22696753110615,0.09840615301379624,5.926606624622421,1439.6531271740748,0
86.78351471305945,0.2956906973672886,5.676620050867492,1602.0717907640555,1
65.79495252811692,0.1509396948279943,3.715739774917026,1560.89130501222,0
70.2592561067211,0.17288731634593332,5.4857208326234455,1550.6670830089329,0
64.62011523194931,0.316027220700725,3.661863692220799,1534.5529505312106,0
71.78616668736208,0.11022795508108683,5.0464322416513925,1425.5698896976435,0
56.0622264589178,0.14184041394263547,5.164062063987037,1467.5537452034307,0
65.63166560946622,0.13849865371514455,5.248146574486612,1566.633472249706,0
61.263030397211466,0.3294454784932832,5.427709226109974,1403.4503724900042,0
71.08270678313832,0.3594706800465931,4.993573117152582,1416.73799156833,0
77.95557900407125,0.2601250580321737,3.4300563898171577,1524.4957939812725,0
75.16804949691641,0.2626707779323392,5.428096807039625,1436.8373871472718,0
51.02672511312886,0.15357159977178153,5.078086512902198,1565.9115482960613,0
86.33655722342304,0.3557862789523426,4.277904166903014,1439.6625634994764,1
72.36223952496695,0.22141570034869296,3.7444820630907127,1519.5504115890517,0
63.788006876055995,0.2682488211559792,6.232017748739487,1526.2457251720584,0
71.25702335192753,0.19155800489832367,5.985040430632546,1461.432425768202,0
71.40951858002154,0.17855739301379117,5.564765925845964,1480.8282696276326,0
64.6652102643875,0.3330433807676894,4.458960071012237,1445.5990815968037,0
71.58333333873661,0.24317789437906456,2.9864035582307857,1498.511623547821,0
65.14022169903754,0.31611003688563055,5.6117433403481884,1423.065020792966,0
66.76510405847982,0.22042625373960356,5.29334941908406,1482.1193798802353,0
64.50976691395933,0.13213067708615275,4.700270152742259,1559.8792806236172,0
58.53862968208278,0.15333256536972098,5.899845045358301,1409.0599136751464,0
71.16669176172307,0.20823721939716885,5.67839802717028,1461.0344470417685,0
74.68239549213071,0.14987998271653385,5.14087639058468,1541.4609927987958,0
74.11906876861097,0.11140308730978477,5.028046734296891,1333.788417465547,1
76.55940202108188,0.296113362542962,5.040774174079745,1648.446722911947,0
72.59472168011895,0.15641039433411905,5.543951898267797,1583.6206331224746,0
65.73819601426477,0.21105541982330564,4.31401892276561,1376.9331535810143,0
76.71731091544952,0.2236906871908484,5.340786497428029,1331.66433600546,1
59.13985968126452,0.1529477499743545,4.263527244424328,1502.369406986725,0
62.79462893990016,0.31606395730469916,6.069244137401787,1410.3804643278309,0
62.28639942861404,0.11062865910363098,5.4257028572601875,1576.9194632158728,0
78.64044847311447,0.22093002108646168,4.449417390688856,1531.520172970535,0
77.54230811312061,0.2196894165101267,5.0644766592238,1509.8703213069816,0
73.89844189635996,0.19565963177086818,4.316970895977567,1454.3794891981117,0
78.57543892169437,0.0962469909382414,6.203290270160637,1628.0006111831483,0
62.96573774070409,0.26966540414907714,6.298300787576967,1560.2761680577348,0
72.78876095888785,0.25948085362676776,5.556978946050278,1548.2532647216517,0
68.99860457293468,0.1459545177127027,6.245325254123662,1596.0044771701953,0
76.77505683107931,0.25659897657642894,5.121436759098001,1418.4911309205704,0
69.07820613958242,0.2299926149040621,5.610810053739837,1602.7790295231273,0
66.92045689271936,0.09755102837111135,5.979779617527805,1478.831336290989,0
74.32726814848792,0.1316856868342914,4.9954051235872665,1526.778375728196,0
77.00935333752986,0.29106251559116636,5.056883085853876,1487.4829592262454,0
64.65323844122558,0.22475329481136402,5.746925281143118,1349.770751490113,1
69.511394629181,0.15485576433514991,5.517198372476795,1576.5878608777798,0
61.532474930866776,0.13132192870618864,4.395631423839157,1354.0413341674034,0
50.015511860056485,0.15876849615076633,3.2505365029828246,1422.678351998994,0
71.60367705130983,0.16444163760978364,4.859577549922362,1463.7740295657502,0
74.87124285003705,0.13232295738965988,3.322468656619857,1343.7107563192576,1
72.0965344726938,0.06065887100933581,4.207186131115561,1411.9501901757035,0
54.40350625796506,0.2912010629120628,4.300570434239693,1519.5856072627225,0
67.1932045593882,0.2776506938089155,4.545086151247899,1472.267904677157,0
52.25321791959135,0.09813956385545125,5.656350515330833,1478.8677701019878,0
80.95760886123348,0.21090490364509343,5.830143632584209,1426.7994839209127,0
61.31156334305531,0.12782094378281866,5.4069925758457655,1503.6945059006312,0
80.04322887567918,0.1790746221418772,5.506005580849444,1473.9801579842722,0
77.56695714947317,0.1724186736101075,5.524896365094917,1368.7227679185307,0
62.795277179711505,0.1657732627425702,3.0025360070232607,1483.9265064343258,0
60.93772038985804,0.3602357667261029,5.008158145605693,1400.6470538465487,0
72.8029617310907,0.16477394522590477,3.5628330230639955,1571.8157689554052,0
63.24540770253543,0.13533889399464605,5.4073115805372325,1468.6794612241117,0
70.81987713726566,0.13899348564023617,3.3255134821442427,1701.721954458463,0
66.13737927354465,0.28350215651214045,4.855649171719441,1577.352202921716,0
55.750732684274936,0.06783181346456521,5.438215820815669,1489.5784659770266,0
52.15625584700433,0.1389901666851584,4.10579364134695,1546.3583066579135,0
71.81347398795678,0.31574582720892275,5.769372768410577,1332.8160649030697,1
65.507538029355,0.21951889503981176,5.405297735961398,1576.9903525527805,0
65.57528146468694,0.21535376040288906,5.304659756670328,1434.3767602274006,0
75.56691071275029,0.37057171681149614,5.558401270008425,1507.1786429635483,0
79.38753821305956,0.21970783623587992,4.7126399297866755,1441.790198971999,0
67.81964222910553,0.1433451070912334,5.121535091005447,1450.294529980531,0
67.2752103447211,0.1774338354498921,5.008041257787359,1485.509432801646,0
74.00114426491108,0.10916541527755451,4.989960844307084,1506.1466220005295,0
59.144515442403396,0.3004749632012558,4.462375138682338,1497.8467295368566,0
71.78522443798158,0.24596493740293723,4.005974308221836,1499.8412300689577,0
74.41508777457723,0.28995313199767114,4.73051332056842,1369.9453834014846,0
75.44184166734104,0.2970387142839497,4.686441674244587,1686.5639683411287,0
54.50597837998028,0.1668631375257974,4.410615209986489,1518.558426325441,0
63.909157841528476,0.12441977183928883,5.68164302544802,1535.0053876509705,0
62.97389397741227,0.19586295109535634,4.062234705715509,1472.8007111363952,0
70.7990956352737,0.13017911433691695,4.862792672887007,1430.0676244353904,0
73.84595663814387,0.21319655003272198,5.933071769249002,1512.082858477614,0
81.97368325956785,0.29056775046677513,5.727303482079642,1523.1421528512822,0
66.04027615705542,0.18654882831606664,5.973035108077826,1604.1447101963786,0
66.01942001352629,0.21199960719261915,4.527375538100618,1666.2094146811837,0
79.19737615102997,0.1924923507021307,5.627430500582165,1618.1617923192173,0
72.37261550824245,0.2642182057950158,4.149623682417495,1358.6776861264034,0
80.1412120895038,0.14657740845693681,4.779300835346768,1463.1665487352166,0
72.3098240240787,0.02428429906855209,4.8545953513758455,1526.8653695963494,0
60.74306705029383,0.23766950875003048,4.539327830241592,1467.9771478070054,0
59.33497316177755,0.2790267537046395,4.71054880953238,1496.4938546603412,0
57.58790200752857,0.23570993958068287,4.605299258002118,1328.3891004725456,1
75.29641467806779,0.1487815603625589,4.214084951118643,1573.1370400786643,0
79.50877458469607,0.10919903214511449,5.685130804804633,1349.9635808954833,1
84.79489713109105,0.23955980254242573,4.854039997700585,1374.2008380682134,0
76.74484265858592,0.2113183162347739,5.161149235133829,1418.8263372566682,0
79.30270862027989,0.18993658978733363,5.131021496954284,1492.197283698496,0
65.35986933877052,0.3457970674395033,5.043781140088017,1370.1819715856914,0
60.74867346604915,0.12425599246549347,5.074243636845143,1415.1686212748136,0
76.80063465934043,0.3420029616901973,4.755666223975183,1591.9156033847635,0
73.3414460179152,0.2025427123896512,6.13471749481189,1491.011171757966,0
70.85955499472713,0.05315436185033004,5.608595809308287,1534.6837582958449,0
73.09897184506391,0.18566378765446875,5.0147056262168155,1401.1005772600204,0
72.58548385966564,0.2767596861279553,4.642356451227149,1495.6931180354215,0
80.27053487882849,0.17079559737560235,4.904943325816736,1489.1306714950906,0
80.35988467853565,0.08201771670092842,5.3340972130973965,1436.3783623274887,0
74.35376281872277,0.18683883745630642,6.199952074029049,1495.9138316705714,0
76.76642298050342,0.13142621008866356,3.901561964267964,1348.6299765741664,1
74.1125004193982,0.23934515208703702,5.527819806913422,1535.0886995468904,0
66.31064214372304,0.2618719852854089,5.901378909422908,1468.0405825957487,0
76.05251739930512,0.11549836738015151,3.8106252240758147,1479.4224486541218,0
58.84403944912591,0.14353567559074804,4.85507929861498,1568.1412641693428,0
78.43113241836707,0.260531397208555,4.148385621533569,1534.5626781966407,0
60.44381648187172,0.13129245773608328,5.344423689341627,1474.532864875111,0
72.28642629435787,0.1134273491337604,4.713319254115558,1410.6731176710373,0
63.23876833259073,0.10570470945629963,4.8958887464959,1606.2929123830072,0
74.42711186459542,0.22816308903664964,4.671155354177221,1392.7902398457852,0
69.72859819257673,0.22473261756139715,5.576130746214615,1550.3493522080921,0
57.24195233469334,0.14527631756967668,5.18322636847851,1372.2084844634908,0
73.36559704814783,0.20040683169025875,5.184741411231724,1573.42986425161,0
65.37663378533831,0.32217059073241044,5.128497460065163,1580.8480682306854,0
77.04917376650695,0.12207518744654228,5.457992704361709,1346.9911325449225,1
70.01060550987526,0.04386059127916406,4.790422516114941,1535.9468042150347,0
73.1633678831043,0.23640604605762966,6.360619830032741,1529.3202918199884,0
62.339448359878304,0.19116790688787294,4.012164199025184,1556.2439443748822,0
65.28534214858111,0.14319799305479192,3.619265241464281,1529.2192220014656,0
66.33089091119132,0.25216641898839265,3.5530555451131414,1423.0147445767823,0
76.85361984194044,0.2671380115735032,3.3363295045660513,1482.6213626024103,0
83.41901670244391,0.023337758409592596,5.538535851856202,1633.1717229147175,0
63.55862598605699,0.14779216725348093,5.441094159426113,1411.3749219240342,0
78.61478515726144,0.38540129849574845,5.966221193420476,1525.8286366680938,0
52.64258065819438,0.2466723932638553,4.154689428235582,1592.100309916404,0
60.44648479126168,0.254088291063772,5.596369163796401,1420.7397752911484,0
62.3297723505058,0.2938315422905183,5.045459249719444,1386.657068230735,0
59.17993048447422,0.2013655060159781,5.133269199324688,1398.71181330791,0
57.33129288169936,0.2637347328073296,5.500498316279686,1531.5977089261119,0
73.30399129710239,0.2574449635069762,4.394974599150045,1398.0316981606645,0
68.28745841817711,0.24312331974022072,7.06979930832359,1489.1711967494339,1
73.03524318084088,0.17423904235060764,6.065504243420283,1609.7017117042576,0
75.5237814889721,0.21376471378930073,4.5746352368037115,1495.8953500473094,0
72.12493594538027,0.15293107485545776,4.127409553821321,1437.7749769471357,0
75.26210540920299,0.2010251443653196,4.929676670556247,1510.0327738170708,0
69.44374171006184,0.10652072863205865,5.145806754865633,1494.506171674534,0
60.50405289355405,0.1367500806981638,5.852492207766648,1536.2126111042594,0
78.46251344656636,0.17741503664600564,4.065023270745339,1629.5315643055083,0
65.28710293775099,0.12450356548559392,5.228389554559333,1531.741508706958,0
62.515229609900594,0.1595986183403859,3.7767879804681685,1662.7026009412723,0
68.57665699356481,0.18688592185955874,5.349086074728895,1536.4241522782033,0
62.697512645627896,0.2321809875731502,4.91399662363356,1438.6134965833564,0
66.66055694408455,0.27594058414823275,6.549343809828611,1683.0642395382881,0
72.75243137250773,0.16289725028975138,3.7631979646242586,1490.0145586123826,0
72.78673391396902,0.3068083693814899,6.096486705192084,1415.6086214487195,0
62.817359468594965,0.27508888629003947,3.6369349318670254,1685.8982930903949,0
66.09835701641005,0.24032750655551535,3.938231780474797,1441.3506491055616,0
78.59466403816195,0.21229193034372953,3.658324353222268,1438.2088454371283,0
73.97120094187153,0.22552966734948332,5.2002820867608435,1455.8823593564473,0
86.60052031478833,0.29496409205331053,4.061040951397013,1513.1701130657764,1
79.44102538993222,0.2978863727807419,3.9213347957755698,1574.468911795911,0
79.15434454847951,0.30679573827069145,5.162214081298704,1288.096670904945,1
58.897051596353585,0.20330614655016027,5.361420308699753,1574.1200388249201,0
76.11088281306738,0.24439737319988905,5.0318794433202605,1455.6372318136296,0
69.57514558642471,0.30748372052976414,4.870224680782758,1466.9684445471894,0
65.592145571694,0.1501027172066886,6.463127705949743,1637.2153448737054,0
71.34412272426023,0.1745266517025357,5.116669012993576,1517.06465278952,0
77.56169227689188,0.20128293304107828,5.6445531791378,1535.816107829208,0
74.00665272803369,0.2719678990383525,5.1143377005519675,1496.115190814435,0
62.97220958926352,0.27321377205748987,4.1216989693962525,1561.0914067105869,0
75.93967130874097,0.1815308711041652,5.439910145521614,1629.4408458363903,0
64.89929966339228,0.0793112436496232,4.475362150824166,1301.994777354157,1
71.7334649517143,0.2196947155436774,4.927211089568611,1586.7694392588994,0
67.57319946018292,0.12653470901372793,5.244322145514741,1623.7626451100282,0
68.24906998611499,0.08080510362878221,3.4468655464906854,1540.0850598320474,0
76.12994380032407,0.09889027514130269,3.712398300886617,1445.811006183612,0
61.67845024147282,0.22611048062764486,5.7275673379980505,1407.8182041679859,0
85.56156059421546,0.30888298887462456,4.469002842720845,1688.947654953061,1
55.43131144564403,0.2031115612988995,4.506942408712911,1427.6013050701708,0
65.21865853396115,0.2169104523716772,5.1331507178966564,1621.4113256845,0
72.96169511953393,0.29463159511023407,4.691461922302505,1531.2409059580618,0
74.67451333148247,0.07644360727331567,5.3340707053142316,1663.6664644811858,0
69.19619423542636,0.24161411372802175,4.959102569013565,1474.5391868552108,0
69.54087437598766,0.19907281725449433,5.158882360144359,1371.393526110649,0
73.28440068262093,0.24528459670656538,4.438513287806198,1500.1736677756753,0
68.15144418033856,0.16132128732769474,5.1548758586247425,1381.0841889679666,0
81.14545006347925,0.13456501676588145,5.884071269468356,1714.164842496608,0
76.71479291385282,0.21124071234284844,4.545801427108641,1550.35985792647,0
76.98259480804508,0.33193530586675696,5.732254640217721,1562.2504359483567,0
62.27074621303667,0.26887280836331706,4.958751745341881,1562.3016226420843,0
69.36489260475437,0.1593845783855927,5.58758532478235,1444.5128255501338,0
67.59627241023438,0.09272223712149763,5.103017054682489,1489.4375605986356,0
61.955188994484274,0.06543461730417718,4.973271263921659,1508.8291705087818,0
72.88131347156613,0.3052879561480385,5.279783745661093,1655.5110770735564,0
65.69883393776146,0.12359341694913381,5.970878049841799,1407.4326561134135,0
75.24323063880189,0.1739589269604051,5.18887783537206,1441.713288819616,0
61.43846749684535,0.3056968900862061,5.382824664726718,1470.9655115019189,0
83.75232490273457,0.07088788356168069,4.705212069138639,1446.1082672711486,0
62.829338731263505,0.3193811607580047,6.2567091791960205,1383.285883638596,0
71.75441869760348,0.17970876368859987,5.5122696887437375,1283.623638366006,1
76.33487448310454,0.1081133347809009,5.062166768020005,1353.8524427463012,0
65.4348765583991,0.18021192582808696,4.90187706219626,1587.9223946065192,0
76.81974914746361,0.1421922574878818,5.782326615418489,1499.3424879216623,0
60.16653121759667,0.23526558391245728,4.515036738363793,1566.8431133003255,0
81.61694159346048,0.1481494052889778,3.5736999869829336,1453.3989123273311,0
70.11319411972606,0.04706862312647658,5.057919679539564,1492.1331471792726,0
65.22870873624896,0.18235499724728085,5.952003658491475,1629.0526000767106,0
67.60654582058052,0.0914763958170769,6.273047048947739,1624.2178084525933,0
76.47135415514175,0.2163455907190656,4.914164845252896,1575.357770607382,0
65.32435766519649,0.10502957341733407,5.0348701311534265,1516.1934229832334,0
64.00513848461777,0.16095897574623313,5.415624346012764,1541.4375542039393,0
68.2277072193301,0.2146070243371469,4.788520464908988,1529.6510638916313,0
60.584303097840255,0.18300330199725845,5.413124758712919,1486.6458565076705,0
84.56435126353452,0.2200344226400836,4.9316785991453855,1467.6504152447683,0
65.4688432702822,0.2544229732574206,5.8090946057521435,1589.78943562409,0
76.65293428944322,0.10736530402149552,5.578384410478259,1396.3497960883092,0
71.67576066918218,0.19484819675002338,5.648182265841946,1618.9886621798914,0
62.123727596144256,-0.06636030380065033,4.83574588415833,1477.964575460175,0
69.95236232629817,0.2197866641346019,6.540741856401809,1394.8757196241854,0
76.27202223448599,0.17593486957001264,5.387129553903578,1456.359611384271,0
68.49390931930955,0.12132401892176231,5.197835242789465,1430.047369032698,0
79.54490356680822,0.22525755378372195,4.391245615546422,1453.9460518316919,0
78.17212314225492,0.2938158061748054,4.9223425438811566,1452.483718505027,0
77.35131883726663,0.16191858019208455,5.091503808562109,1449.304418289982,0
66.32274582181603,0.1244148407806624,4.3698581628605595,1475.363434548813,0
61.361260417748106,0.21320202099509694,4.76614628338473,1494.8181334351143,0
65.09129915709764,0.09315146666829116,4.867359985517592,1561.1087708144773,0
71.56992752533377,0.14716949035715687,5.044736528738575,1480.4037894410321,0
74.36629370825884,0.2977921729320402,3.5898344079667166,1526.0816645302075,0
52.62742876191642,0.20497433838498302,4.891783567436589,1500.6025049638831,0
69.93509438710599,0.0496426428843067,4.6981230535360545,1543.2464616394368,0
71.26471380258548,0.05624066821764792,4.98329268030008,1503.7340271724688,0
67.7796459494756,0.21296685541174207,5.828221252944205,1448.2542579746423,0
80.33019071212703,0.268991246073415,6.641916393696965,1426.544027788753,0
73.37424059400696,0.07059028330990799,5.542701759715701,1516.818367880337,0
80.48153526464718,0.2359770085997207,4.012462262346931,1601.8702791920512,0
68.27231583719814,0.3064274805991775,4.723674438533973,1481.6700298392211,0
77.4998199400554,0.3510287190366911,5.476770647064873,1443.9309076937438,0
83.08053115622016,0.2264978207887901,5.386632397143218,1479.5063459782746,0
80.4935475941813,0.24054420756419795,5.78986058836246,1455.088439127801,0
61.26286725257013,0.02934524578974848,4.922119204567523,1446.641558471047,0
67.97059137966096,0.3679802038396791,4.709199804507596,1384.5124334799798,0
67.23868235640163,0.1539607829523103,6.401939203132831,1480.447337099049,0
73.91403628061062,0.1253223073259967,5.04693648269571,1518.862172307471,0
75.49082844011626,0.17958350924483005,4.186660499183108,1413.447667424156,0
63.28885860779411,0.3209338731348345,6.180106925626337,1429.7328199785716,0
70.5427081113355,0.3766436838034839,3.8031236068844443,1424.155040440943,0
53.84058134275091,0.21003269435806757,2.2039638220091153,1389.0657626363038,0
81.53556004641511,0.27984673380829245,5.615509406430059,1423.5526317088586,0
65.90100607458645,0.20345632389484034,5.728560776819705,1484.1714856939234,0
70.44691151875598,0.11697636215854529,5.331210353555753,1392.635375516413,0
67.5228022880955,0.31813949366306327,3.9580351328063603,1488.996602602813,0
79.16822060010732,0.1502298015714889,4.9529041158061435,1443.7226566031668,0
47.29994846882097,0.32284246186975063,4.777465141156903,1425.6814352943763,0
69.86711726139272,0.3038833063815267,4.570168791286088,1530.1767053098506,0
69.15344994001842,0.24912290111657664,6.129655544647424,1448.7899515748877,0
66.37090889926654,0.34631798050034823,4.162667153094649,1462.398890714588,0
83.80981236508507,0.3785876826548591,5.25288356248512,1603.8405448000174,0
62.90136432915383,0.18598053096285508,5.9552375869300604,1426.3955493006424,0
76.17436941788529,0.13529647052668553,5.30515322025523,1625.269963807389,0
72.85002230964866,0.05085841301948221,5.992894697996299,1472.1767096757872,0
80.09215402028413,0.3795745804344205,5.450971777943144,1409.1092293702427,0
64.66248732177996,0.16482543928652404,5.343479736393623,1455.6841327150387,0
64.13624880700993,0.29080294856813915,5.293467895065717,1505.5019925297897,0
78.76855925981918,0.14069957059924135,5.49075461332012,1600.360308787257,0
73.40257046664088,0.3230612512729628,4.691568722070191,1563.9059846850623,0
57.64050122658593,0.14399059265476694,3.9585009185017705,1505.1125479868567,0
65.68555988429384,0.10466246931061256,5.763234729170647,1600.79647851913,0
73.09106123078449,0.18331948552369998,5.929393840404613,1349.5170361706012,1
76.70211377237271,0.15745794392306903,5.201583048724835,1519.9553224047884,0
64.56615477445636,0.247703982836897,4.561299504292504,1524.795178130048,0
46.68595208146447,0.19588840582459813,3.75382630677629,1525.7713974063188,0
74.18578548589626,0.25021619156415376,5.068645679938711,1371.1879067209034,0
60.237434480448194,0.1767182821531765,3.9208397242256225,1418.6470078657221,0
53.86128961502071,0.14679141031849557,3.8088099978896595,1486.682046227382,0
47.34139260012687,0.15331515616831415,4.983414777587446,1589.1833203969181,0
76.51184688158193,0.3635951038424821,4.388984399049589,1653.221159657413,0
71.02893960323973,0.21801367457815488,5.276247644931816,1446.8451798733263,0
68.19474895430199,0.04129902324375645,4.872563517950501,1395.2122566423122,0
81.11219490370209,0.15838327892367354,4.514692347021912,1565.2609149140098,0
75.09859746418458,0.20774928259807007,3.6360679354168273,1709.1496009040707,0
82.93040034177534,0.3476319745000303,4.317689499335714,1588.5552506640947,0
58.85811622266403,0.282295897271192,4.347090807959128,1440.1093820804779,0
69.72359500836829,0.12626257308144678,4.019753861188031,1728.891143457377,0
57.06629300041588,0.3934684602857961,4.7367645638060925,1554.9439696375132,0
68.16494134515627,0.1975071708158818,4.082198407060279,1436.7189429126645,0
68.01107316986658,0.29970638488599555,4.8690058021670275,1654.7441733070168,0
75.01290909810457,0.1075993202080078,5.192328970934925,1430.4006550880927,0
70.36451104913519,0.008146952379928185,4.339064036488658,1450.3129185070445,0
74.98725710623933,0.08732548077053115,5.3403269035348675,1558.12966578729,0
75.62752106511115,-0.06002667809565648,3.910913703001837,1498.0075745688596,0
87.23942941906513,0.3689671461802327,4.110258081282968,1502.9605705603813,1
67.47762675771101,0.2171626335109133,4.909426161900185,1503.0953201314237,0
62.471818394668965,0.1260284785241575,5.549632873510911,1589.1583940696128,0
71.96866892253126,0.23620992239840968,5.693919633191413,1314.0487488230701,1
63.58175978288365,0.21514672289441328,6.289912497726047,1522.7611108709175,0
81.85568614749229,0.24967467164911933,4.6987289001459915,1476.7837298335585,0
67.73425568843814,0.2967625120909015,4.897998945057356,1439.8003173975508,0
65.47538905700807,0.17680630775799877,4.173859576785611,1439.5890865653332,0
66.22947423079106,0.12961285551192106,3.9969869344071816,1289.0312264624624,1
75.74733938777312,0.2662220171497534,5.18285766906202,1436.1265517119045,0
68.73802413414812,0.2641866222307573,4.379302800443005,1603.237017995147,0
64.86666543895694,0.2080588646497076,5.9859033600138325,1566.5643902422032,0
83.32281534098824,0.3742043350944618,3.8300914145060876,1484.6894590084405,0
63.150641274706,0.16497423017106783,5.389082564659757,1387.0995422527476,0
70.28452859226395,0.12801136226917853,4.1954086089463765,1565.7495817807303,0
75.21844921288184,0.23344731420052814,4.343641226582333,1604.7878729328334,0
56.94931911666342,0.14600497144692015,5.431289652201625,1582.7355736638133,0
73.8420840112474,0.23964132193159166,4.459295651113673,1422.5019556010905,0
61.5591385961564,0.13335933953284482,4.58737274598408,1430.809705530985,0
76.58226224667202,0.16798061736544917,4.350273309158745,1632.472900707537,0
62.29879190464819,0.3512672336031333,6.428023833290753,1403.258316680243,0
75.54215225479088,0.1675530114601857,4.506010951135992,1538.2570692412457,0
78.8466645303577,0.1360918764786163,5.0412417739462105,1357.7811082341445,0
76.89149220506243,0.29365430309652,4.838469119775141,1475.9747706100868,0
72.01053318590482,0.11591664397706451,5.1771336493794085,1546.8120320587484,0
68.1495924565624,0.14456454158823456,4.508210442427252,1497.602723428631,0
65.38864338932125,0.24612488964071957,4.83934621236668,1541.9130656844086,0
81.76827752653683,0.2750729139098633,5.315161607195148,1401.9035939477003,0
64.40403823865886,0.297638111286486,4.309594289597607,1434.3998428403474,0
61.703471411440034,0.14022225342236122,5.871457085302524,1538.5454702799095,0
75.32295148026265,0.2476806938388896,5.948384415233306,1555.75105136419,0
63.630905574508034,0.16271134403646564,5.485194100926991,1517.585028245029,0
62.39949202027098,0.15154754931914943,5.055901106877187,1575.764619332665,0
58.45116590264188,0.2962570225833828,2.607518841436371,1367.423364914298,0
66.13672128431585,0.15603564833123312,5.33943290612357,1462.7041639722513,0
69.33827980882805,0.2222563676816784,4.686935675816908,1645.8147018580948,0
71.9447338212856,0.21244635753845112,4.802980470865968,1602.6775063194975,0
77.61044995439586,0.11433964989291981,3.4820981355817464,1550.6910532006036,0
74.21518338932636,0.2772874284285057,5.394870788699354,1487.5706421315597,0
68.47302224357456,0.2448224714943163,3.8411351625384365,1582.7852502679975,0
68.41443458896224,0.04109675105036634,5.094739636793116,1534.3313215729286,0
74.08125975132147,0.22219368889898747,5.723725985527873,1378.6047708314218,0
80.18056130342856,0.13816212526667032,4.624537454945958,1579.6609957644903,0
71.0105135958656,0.28776602451301025,5.972841380182753,1430.7165268542215,0
66.24695316631673,0.08436801305753935,4.402407697434255,1560.7750600014542,0
62.05707199131564,0.1714818425096365,5.480346461384801,1370.7221769004561,0
58.4383578847022,0.22896196407907726,3.956171398833178,1627.9215465680168,0
75.33015737634818,0.20434722353135001,5.824904347744419,1478.0082896958304,0
74.62382818911645,0.2610366605371177,5.700792306063432,1411.253093422306,0
74.6189082008533,0.07852624111925688,5.374686338370983,1444.919581354338,0
68.97072442918355,0.33215314694939024,4.685372690708951,1473.0520722149035,0
81.255477967134,0.24201157270306173,3.87839950125751,1499.5384226858184,0
66.12705204332146,0.3087774570400717,4.687487747824434,1605.4516509071732,0
77.64215389765765,0.26993921353865935,5.8882457405984985,1505.6114093181927,0
69.69005684008366,0.19907119084359653,5.103969497255292,1326.3266561821983,1
65.1331938825653,0.09726414312710716,3.75757045639004,1401.6209190264872,0
74.74024245854208,0.15491574550010395,4.100217888464047,1720.602783393288,0
73.27708894947195,0.32716506662900624,6.002521120681823,1510.831103653034,0
72.8557820741354,0.3108350225325106,5.390330201702309,1576.0632091208388,0
70.65022737644959,0.1504320015917048,4.012799903408058,1475.332308840493,0
69.69685534626535,-0.025464342896174302,3.587334803060325,1419.631094863451,0
89.10697594296352,0.1829848212555905,4.499966292319947,1461.4974222094556,1
79.47405316156939,0.1769837689496707,3.5189130336080643,1510.266086724672,0
75.7826151598841,0.18001819103676933,4.875332407994399,1463.1810930218346,0
70.8943932656271,0.24228313614651215,6.961300297469043,1653.4774213223811,0
78.05725760477335,0.2700970063457331,3.7224351394406625,1450.69977646187,0
74.14395821113162,0.27922396376796194,4.851179469435028,1415.613151179979,0
70.20963802219228,0.23565673121082936,6.049541260265001,1564.7042207761856,0
67.57148539787268,0.05593834384618912,5.599270286640076,1574.5602003075958,0
69.3526612986985,0.17270402138453636,4.881007428160689,1502.3981697230788,0
44.63659411297556,0.3843271826839352,4.882921063865442,1451.8285101967417,0
71.68480671438114,0.22993733878419828,4.075272174060337,1347.9472948661587,1
66.09219135911712,0.22942556547550924,4.785875383995557,1597.657721795529,0
82.74135998626308,0.22875887518190866,5.194752571392104,1569.484872793737,0
70.15475256649404,0.2332303698004792,5.884090834619272,1464.8089344200723,0
60.48829264372031,0.009351025513126138,4.503859501188195,1504.765798274378,0
69.60095876697505,0.18083805464711453,4.84813189754923,1481.865825398271,0
61.63103131949997,0.19696857345642485,4.240629215394654,1630.2984193029072,0
73.78725932569974,0.302519631940273,5.180260143632404,1416.9665357636618,0
72.32757891471589,0.2038138315697837,5.627023560247171,1450.3950804784065,0
77.66271704886614,0.06827908907184471,5.503718410743916,1442.6619008748817,0
63.672945666443475,0.23440713249374018,4.063850339646116,1524.812902915382,0
70.27206476982518,0.1356940281405804,5.117490567565132,1504.4903562957818,0
59.07982563658692,0.10265714871348659,4.45814997739985,1516.0054530770253,0
75.61195825539771,0.13326727626267354,5.808840012522267,1429.5514299567067,0
74.15096944352098,0.24340033837316125,4.87094982178117,1618.7917464328316,0
73.96644016822057,0.3007008991808055,3.7843893294071327,1463.676391422301,0
70.01295225085553,0.23863439561420696,4.824157835513813,1595.007195951722,0
73.31818312631033,0.25056185788936175,5.366778055359105,1751.1291197825076,0
82.83471286646878,0.2378436218270401,5.19520485051424,1430.1331156948497,0
67.71924594366389,0.20810617414883748,4.5905631890784155,1527.3907919897038,0
71.10916146968067,0.25575445079702064,4.531781288103083,1489.4717089395265,0
61.31098960654872,0.006497962634446353,4.209996481426947,1662.4705243938265,0
63.05391230721334,0.20888706810438668,4.684200303731755,1477.547685801192,0
70.78250634474647,0.11640599723021988,4.315456826779358,1519.8953182014468,0
78.83146837361525,0.2930322058035312,5.776068788941852,1518.149465560906,0
67.94975340598742,0.18822757558265119,4.279090087414707,1491.9680984041727,0
68.112667765503,0.20247584706142643,5.097827569889761,1560.4379014293477,0
66.744918043965,0.07959425005969574,5.043443122661066,1507.4717120364035,0
65.72194663324541,0.2813464711210281,5.756533958307929,1538.5481390436064,0
72.35977164567058,0.2501862496219048,5.871494631166697,1517.0882163885572,0
58.02193883857085,0.24455583058724026,5.556775954625063,1451.6369819431488,0
80.24751661333381,0.13495817182649422,5.282342674632104,1478.4830352219833,0
64.67662161496432,0.1381088124049496,4.161083083124754,1544.4338282194367,0
75.77522788350512,0.21788795635567243,4.144903929809394,1544.1088241522677,0
59.84001122084899,0.14444012718015592,4.3234473441880406,1599.6007239049356,0
75.35072104436975,0.2347914370141871,5.601536799702332,1648.7395318270935,0
75.37555686251598,0.027126991778662235,5.058663942600509,1458.3144898207192,0
73.07361657604717,0.1609964354874726,5.6949257925884496,1510.789932662371,0
62.044571825601665,0.3437402772341193,5.802242187456066,1484.5275352358556,0
71.99638551678461,0.2351588662396612,4.419238479760602,1411.41538900809,0
60.535550522124886,0.21334349316247941,5.025659462045749,1545.1644111043538,0
67.97789395923051,0.35881812285370857,4.989605057053128,1562.2269731204685,0
78.2353048076426,0.01312371049588515,4.737769848300628,1413.8407019050787,0
76.37361541656594,0.13477511081695143,4.5721257163802305,1470.0400528659745,0
70.12146354032346,0.1679061462602089,5.9478044027288455,1462.2328382056526,0
62.201547392617265,0.26866809864043123,5.0415773813724005,1379.3260237419865,0
75.16470169739355,0.27005250905825895,5.010515830847814,1497.0898135867901,0
70.1550499015842,0.13071946328138992,4.357777860105124,1408.3806658849144,0
51.43747521415661,0.279836345771404,5.5401699443308035,1512.7194953004262,0
76.26103861053214,0.16773481861426343,4.195913999329588,1521.5297219967833,0
69.80613732904246,0.29693117005193337,5.363924423075746,1531.4418226643782,0
79.61960998386458,0.11738858415023538,5.3857834880441295,1535.3057742183903,0
61.237835849257564,0.19013507207470717,4.669987960541145,1622.4752573278029,0
44.58636949443199,0.16078661476987519,5.254121664946544,1435.3083087347527,0
72.23267086676148,0.2844824297252571,5.148535647235589,1439.321454718621,0
72.33250941345578,0.15817750267470632,4.96851150015188,1552.4131117740912,0
56.47462697914838,0.19660411767905953,5.010355184116186,1489.4414779747428,0
62.17200363306715,0.24054491181304394,5.049425458554817,1590.0261285646623,0
92.04174194975921,0.24362067864208958,5.103929338137639,1544.9351033892835,1
67.55511508676958,0.27095620859785374,5.0481936250749655,1653.4489062634289,0
75.84767181100973,0.21688998214757335,4.116908647830287,1492.6937240181846,0
64.79472138105294,0.1665400867776135,4.878231239195516,1381.4368342410733,0
53.27757680917475,0.17202410037129998,5.211958880957497,1527.2529135983318,0
68.63793402563276,0.20205378521660897,5.077830982831434,1494.2660673668738,0
67.87516351771116,0.21996739808595067,5.763000207516111,1542.7589989211656,0
66.80097409065303,0.1882262681721251,5.496069271599564,1553.0085749340162,0
69.08287331594886,0.20153627367724378,4.303672371957491,1457.2361187923261,0
72.1141461731651,0.07861969115423158,4.866698313556484,1419.2795473179876,0
68.79906438996954,0.25338842275637424,4.750930677242249,1488.3245319990092,0
59.88795065642109,0.2144889831111544,4.996521210698253,1309.5046771380435,1
73.88947833249551,0.2801496330832871,4.99761488012904,1506.4533807028974,0
54.40502595742061,0.2000128405925668,5.489217335391879,1467.4049539891068,0
53.5971403417264,0.06092819371825711,5.141862690512915,1568.9340035594144,0
75.91344395761254,0.17132430485546601,5.984436004166841,1341.1321173165506,1
74.05616217708285,0.18400560615052666,5.192802510129888,1500.507624784051,0
69.54083707940771,0.2594322644346879,4.335527583730179,1626.0979427773711,0
58.83641196195943,0.03437811643892841,4.626175503865424,1554.0321062360815,0
64.3367124746074,0.2032943613559148,5.483031256585407,1578.453759655029,0
67.89802601850796,0.2410940172634645,3.7086653883954517,1527.1786818103958,0
57.23284825140709,0.14708096917747843,3.9232956681919635,1367.0772744079472,0
64.08777073581413,0.2059702407853478,5.008557765700185,1513.3223338481982,0
75.21864270541344,0.14983707926801243,5.760737694816933,1532.6791488051203,0
81.41844291431373,0.14163416534236878,6.045628345563902,1413.742036464738,0
66.64452197873159,0.16732641198949466,4.8263154023825825,1489.8756925312534,0
76.0519068345288,0.14314464060263915,5.848662949588707,1267.9143496764866,1
54.68751943530026,0.25468946495490663,5.057814327815119,1473.2721459246554,0
75.27560992890889,0.1412038498531698,3.774868014205415,1465.0899245746957,0
63.56841268218015,0.12776719943616582,4.993538770817304,1612.179148449068,0
72.45876493366376,0.3414342933471627,4.504873500302759,1451.7421517897046,0
68.01798065408232,0.27685920094592287,5.7345847043821925,1478.6914353123616,0
80.56331207827067,0.051078931147264,4.979459791716411,1493.6616978178554,0
63.00451481328066,0.13881853681179734,3.9776695147548233,1452.7743980855696,0
75.02085038049465,0.21939703773781688,3.800228151273153,1557.5833137465727,0
67.76394029362773,0.2259004053785195,4.983216034068439,1340.6086388914496,1
68.73355617592269,0.08076057074104853,3.0638260228322354,1590.9261363315304,0
68.52916885472632,0.2926852394257858,4.585467768137679,1499.0497505347305,0
63.2346151640471,0.26601795353453006,5.184824260594273,1604.131770783634,0
69.88720827274663,0.2385521305632271,4.1543867967557135,1280.2214286308583,1
69.49881422302543,0.3085382792569697,5.7951897255242635,1305.1016543511114,1
71.92992198725383,0.23618319940567345,5.952805239800554,1476.64171523316,0
70.6760411655429,0.23588647034014779,4.186639237798438,1540.4732310400448,0
76.38395639689789,0.3246143417457794,4.761564660642811,1455.605382719746,0
77.38806892837894,0.2880975664582167,5.7957545210571775,1546.7076664066012,0
61.59501342537759,0.1326794032870775,4.998953972595928,1578.504780595437,0
76.95018000472616,0.2506556142937532,3.884417137520784,1553.2799637617095,0
60.50930858312117,0.14685857080331344,4.885343145148518,1508.2614803504066,0
74.70284710510188,0.24033236407602226,4.317657342163328,1507.6482279723245,0
74.95791027762294,0.23812908056158516,5.886558317140708,1450.8163930889293,0
54.70946486669997,0.08932261500352114,5.484745675459671,1495.5700540636979,0
70.74383397223528,0.19025235109511718,4.748994443787497,1418.0615290212218,0
66.25203109311748,0.2212205618864322,5.113718410024032,1437.2216426111154,0
63.929877936517,0.16509678472046746,3.953502738422011,1541.1491359637405,0
80.80681864559205,0.2251767953912608,4.396978033153911,1462.969509477492,0
64.77056687490065,0.2644718221600855,6.242623350153995,1440.9950484664535,0
63.5489845670556,0.19755255486153955,5.042811722063734,1535.9384810547995,0
70.60555952004074,0.21796795813666078,5.744068643833092,1530.3919725544333,0
75.48471797038734,0.310673926284478,5.185610470726423,1482.7760331641111,0
68.86681131191898,0.2378557266580181,6.0514254744236196,1488.085165542269,0
79.33096436535402,0.21606594317395791,3.400929973920624,1533.2758311903926,0
74.24780529571272,0.12335364962869115,4.849425932784795,1577.5165693107112,0
52.57430944214856,0.2536820809111079,6.315825316973111,1516.086852732301,0
65.76426429194393,0.22641199595135508,5.7649387484485155,1404.637287169831,0
65.50526320518641,0.30269915469611264,6.060297807032153,1482.285800578924,0
73.83488762743538,0.2037502834642649,4.994588325074807,1467.4280129765266,0
49.001463549007106,0.05469867998928035,4.5703148676692935,1415.7611114900444,0
90.39207766974178,0.06399033049373906,4.1782684322496575,1539.834621248168,1
74.24820875915368,0.2588544611007787,4.122457526670791,1545.9882063516268,0
71.19101443134153,0.15438451218414775,5.645648449766815,1558.0966737364768,0
79.45254173135316,0.23494142008883978,5.410568840336682,1420.7269636734327,0
88.749232422501,0.2091386115601885,4.946741240535712,1512.5960749663338,1
76.96597315670722,0.18665282658448634,5.406552523881345,1499.49798137247,0
77.59050477177296,0.19229109715294215,5.113961407241649,1524.592247467351,0
71.04552019571506,0.13076883959638186,5.769774161119587,1510.3781193198554,0
68.86779397306441,0.19873778488802635,5.762149403926536,1498.9963244066955,0
66.19363644796078,0.1532405253764481,4.147300719612126,1489.3820992420362,0
63.39110406628366,0.1702194783899436,5.218916789975832,1588.5472488020416,0
64.50388720240402,0.17410807642326712,3.664906599844734,1431.0548793984572,0
59.195552285256134,0.18186453840810246,5.106416590472477,1486.1463303387961,0
69.39302839451982,0.2737738765205669,5.483443423761268,1586.5096533444769,0
56.522659382188905,0.18961673366362453,3.9490245241654716,1435.1155260774872,0
71.52733219314969,0.2818961869272079,4.6668298116313345,1439.192965780481,0
69.70935513566127,0.32302839610611855,5.007621101775841,1558.7152755561447,0
71.1754823870935,0.26839557208449194,5.187131933098712,1386.0868927482366,0
65.82294743984006,0.2427574828054809,4.777117037420132,1552.8504898421195,0
94.61488296144402,0.22614657675868163,4.062169478076262,1460.8292336602428,1
80.8809272014425,0.2692286967240056,4.956794238464593,1532.8000492416338,0
60.043659999322216,0.20714885908769917,3.678205146447217,1402.3412346355499,0
71.86294469941518,0.2787655876765759,4.813886850654284,1594.8061013246695,0
65.13595085650141,0.24912846442317477,4.646901109042457,1402.6209080088365,0
61.88416218634069,0.17121276313756897,4.892587461248463,1557.9960282837324,0
59.279423431008524,0.2716680704082245,4.552542418019454,1405.9630092979212,0
73.45773352607404,0.2073184004782055,3.79385532947504,1644.664069687125,0
64.54895811944341,0.19150943939101472,4.70692534352839,1494.2894574515897,0
77.74260819220163,0.16190406716808103,5.7446561000298555,1656.0685675997588,0
77.95025771624351,0.2132815078299658,6.009168643191044,1434.4890010071472,0
80.9913150816916,0.2797170092330387,6.951467422975413,1464.5879443160964,0
63.18090587140717,0.27111520044744297,6.353320326718132,1596.8575362985735,0
73.80292488553609,0.22827150379671657,4.042449658665516,1385.9043182579908,0
75.05963373313841,0.24797149125800283,4.673249918981872,1444.0586675304046,0
66.20657459916828,0.30173574332180464,4.981771492129778,1539.6054743751465,0
63.825824340857,0.18800269670633113,4.9315521326130405,1418.4975538642934,0
82.87616532620778,0.11076639971758351,5.055626663916981,1541.7453937615235,0
71.81996700585643,0.3040903881742858,6.926073137238047,1513.6323508017374,0
75.0877420056939,0.15761773983754254,4.134358763366082,1378.9083501006253,0
63.42339190537658,0.14477295013248764,4.429175091028561,1577.4215030386772,0
60.24572426782245,0.056304179573235885,6.315060744071275,1399.0053525444346,0
65.44440180406312,0.24570264425314373,4.507214925532118,1561.702327757835,0
69.00782890088003,0.0702837900358223,5.314864520268572,1510.2780318595426,0
61.48623994546121,0.13997929538466106,5.827725895894567,1463.5990028235406,0
69.92124153079693,0.24705894356120472,5.3891992133856235,1411.5677980031294,0
56.491958495451996,0.25775370019266974,5.153412506481994,1526.3415460326519,0
61.039620620241024,0.14786366814254132,5.750888615755187,1430.1980165217979,0
75.367289986215,0.18926773384060758,4.285545154796024,1596.6362780842062,0
74.83032416222315,0.13019243788750776,4.602909496403199,1599.556048744272,0
66.86498587690507,0.1561282569751054,5.4285100707721305,1631.3627216788798,0
61.857885527384376,0.22129722081223258,3.3444485926285994,1522.4717949660246,0
61.78077158779191,0.1598682656962834,6.133267058675754,1467.6552155601298,0
67.01385403246948,0.18046279678594648,5.242713900158225,1476.2477935463473,0
75.15614793316233,0.08282346547059466,5.12242540222492,1470.3929933758197,0
77.4259655307546,0.29063649318449103,3.6955896978871543,1519.8404430663286,0
66.02774611614424,0.24080532745368527,3.9707126996802096,1534.9285804470883,0
60.77206059212173,0.26343242974697617,4.68113306855931,1598.5251492813518,0
72.14274910293067,0.303234025969349,5.645943880236479,1501.6098732476826,0
63.411720234993204,0.13398296995634268,3.3387071902411316,1387.7418135573153,0
65.85397888911038,0.17132844135775813,5.6306918406218855,1467.4063258830479,0
80.6022087234963,0.048413250593423135,4.711974940713307,1624.4681424045218,0
76.61692342852615,0.45123383280817897,4.821261221806679,1375.473714362239,1
71.26379449801162,0.18803317477460993,5.202874353352645,1559.1319968321104,0
59.82464799109822,0.28309823199319295,5.215453790277129,1468.7541509133248,0
71.69117253976528,0.1009471084531633,4.430057128050723,1429.3228551680384,0
78.50125832630022,0.2797110740514408,5.499928070775074,1531.64888392897,0
66.99493067387571,0.34860727013197323,3.144481488082849,1624.8762420498213,0
80.80891271989373,0.1951775400777615,4.639664890745876,1527.2355341426537,0
80.34196231614565,0.1191294802728319,5.122945410541523,1478.996463196701,0
83.30986265714779,0.18889628792435714,4.72404054782842,1396.3160608314904,0
72.44194501225083,0.021859078003421906,3.5384717568272146,1492.092067111781,0
74.6991335984481,0.19696906391825267,5.606421903008377,1393.4280143768447,0
81.31349830664873,0.26567737114503964,4.001289750298358,1475.2060622863817,0
73.5791514965518,0.19713938845011889,4.945988793977368,1494.9553881286718,0
65.9901271376783,0.1772688356248826,5.122427677654098,1311.156680743162,1
66.4116573077771,0.24220544928896265,5.015861723012294,1611.065776367031,0
71.90843963018992,0.24832198775596423,5.935208740691053,1400.918282150365,0
59.67550862443025,0.06720755499958539,4.957389952005051,1485.1232639063444,0
68.85392867708646,0.2071058369823031,5.341964323757552,1542.7066596650013,0
78.77237694584203,0.39487880993833946,4.9552767734790075,1604.6839774543344,0
52.46996919067775,0.0931987003481581,5.49036486733302,1436.6277594901735,0
82.27585681435612,0.1931664933733547,6.114796237638019,1299.2651791221683,1
78.97899374962527,0.3553396897641362,5.110033463577755,1586.2930972809029,0
66.32188307335619,0.28833401252349405,5.6254802860663995,1400.0404090859033,0
74.34712662297447,0.1589282655379151,6.164263147905758,1528.7554594866983,0
70.02518181525062,0.21649083036980832,6.085747397579417,1533.7271760108517,0
79.83992294750946,0.19983106560121414,4.691768477111031,1239.837645386273,1
77.86146514215953,0.14015425565426662,5.829145884596134,1370.8130582764447,0
58.79943421453593,0.1940598314005534,5.1990169280377545,1463.135103462629,0
74.69809930771342,0.17760270937547767,5.893783998187131,1293.2697664848613,1
68.35497717085401,0.20901991504613998,5.45490766685036,1392.9558978994069,0
70.6626605641448,0.14012934554471734,5.220534460828951,1509.8302848101334,0
64.17462479224147,0.09787054398042712,5.347177664277083,1492.9213078326984,0
83.98509655296668,0.19669753812861035,5.204190364831145,1524.2123544515418,0
78.3204945592206,0.3372094574543024,5.235466436109208,1535.9376782983081,0
64.08183068821626,0.20657623410102374,4.872934111534473,1365.453634641631,0
59.32311514471814,0.17347249768547637,4.798620527513986,1397.212138926989,0
66.91461895217722,0.2603268644030799,6.410539943498136,1560.9092951609641,0
73.47602116873044,0.18733443099236974,5.382022328888947,1621.9464192802143,0
71.92164675156978,0.3494426339967288,4.54135606221488,1422.607356091023,0
80.02506259814595,0.19968699925639372,4.778066054856285,1520.7124475277565,0
76.31935777744681,0.2560397650526531,5.845006762758361,1564.5666314651116,0
77.75655220602326,0.13963164940853817,4.411050631929104,1519.0044493751427,0
72.6148432048835,0.240247140266933,3.814377854551191,1480.0986955663216,0
58.885610158312076,0.22200747815550034,3.873240687518364,1448.7480004440806,0
68.4344117508248,0.19547951002726338,3.6168195198361697,1658.8215363812433,0
78.48071791926932,0.1598593791064224,3.9609481133884334,1507.696723322158,0
69.58781657180283,0.14895758674781007,4.055307248159352,1531.115362497382,0
74.02472294898998,0.2225882131183722,6.108189903686511,1525.945606459753,0
67.45001347803094,0.2503151287757179,4.963056629872585,1435.006527439935,0
61.76150521166524,0.1898269762964695,4.709389168690626,1504.0656818651444,0
69.01324748763112,0.2229814343296634,3.845269549585141,1474.2205849697518,0
72.47237954426123,0.19696682574937843,4.885498882022928,1472.7881927064893,0
64.75449824430845,0.20788208199243105,3.6101375499486457,1525.3567312815012,0
68.11431004114665,0.183964401385822,4.704466262970908,1426.7485621411727,0
62.48429406411214,0.20143780634946468,6.65159551187494,1403.6169263357,0
78.95395934051277,0.4158432365453941,5.531042862965092,1540.2180048324335,1
67.64435393929573,0.224930743904594,4.8321614717163754,1457.4711525897064,0
81.62204436100947,0.25162375667448345,5.558498884325085,1472.398742377861,0
82.22998280432726,0.23504188842624776,4.5827654574979455,1345.696275785867,1
69.35163228222605,0.17897465413623526,4.35945780569665,1577.0466225741307,0
61.932410139621204,0.30351913706333344,6.363303703626274,1541.9212969532555,0
53.3128169781333,0.1767068983658927,4.086180276863781,1556.6455028249463,0
58.223703415785664,0.28440436391540413,4.71670301145812,1530.9860496318195,0
59.00932140081072,0.17326344015468412,5.244826625890808,1378.723443704779,0
81.02775701969203,0.12320219846847674,4.251012635394042,1518.3199171743322,0
70.92659669781557,0.22923169665889545,5.520483962905128,1451.269319812404,0
73.1168361927359,0.11162653151183148,4.7547243802861985,1422.971431581317,0
52.23663192851899,0.24285121800132875,5.531128262053485,1540.0038593156578,0
60.416268566261905,0.10446730751269467,5.468787343800415,1632.6807133402144,0
77.0966382115703,0.17447935756217176,4.805590295499336,1619.4671535165073,0
72.29419289906069,0.08546162427802069,6.3685269380727885,1549.7716014808493,0
68.82235777051523,0.4259333607522183,4.467731357253247,1497.5817472432643,1
74.51873886880098,0.06768323523069486,6.07909637643899,1482.756614326487,0
83.08638244908651,0.20078509923171237,5.939946594102433,1427.6397130845419,0
68.23166029170359,0.29146434194640114,6.416705766128352,1478.4213453034658,0
70.55495842126456,0.282910872686962,5.139244831474417,1572.6819167670515,0
71.54077534985043,0.26810736977385097,4.3691314304576085,1645.851130561995,0
89.13687708219194,0.17462172894228198,6.661437268263637,1434.681495442877,1
53.205149884647795,0.3080871157069602,4.732238825618909,1340.398921226264,1
75.46578411831047,0.2730712872641746,4.3491659418355715,1457.5300803110156,0
69.08158200992749,0.21698396941283815,4.84817060327615,1572.3163290296907,0
74.53417380947343,0.2192464606181274,4.214647427074338,1665.7821832527256,0
64.7410195680422,0.1756861881907702,5.420919060098677,1604.8032965325442,0
69.6082797531324,0.12722783793335696,4.51546529459319,1602.8228169902702,0
75.69128463572396,0.29897207803829734,4.770012664076102,1432.0351717060207,0
94.90328160835072,0.3049766394881226,5.77422308933197,1434.2888501160794,1
76.46428951521658,0.1292712687176063,5.498954568140953,1394.0952290187033,0
63.21547521575593,0.18769718678830466,5.012467658055727,1446.7616211099655,0
66.60992254381837,0.18852614268328569,5.136698822997586,1573.1278226728932,0
66.37268713292917,0.19738752770077522,5.009804344505233,1629.958974954794,0
55.63485461895988,0.20514359028700654,4.655075946866108,1527.641381702629,0
67.3592784663885,0.2757489169316944,4.99797867132177,1479.5903231992065,0
75.86263265457396,0.1402226153210605,5.392673300394355,1414.6620145861261,0
59.80614304738564,0.1322922406789872,4.899070296816928,1490.9987875189365,0
78.38786120840474,0.29892957937143805,5.3358141041842195,1516.2501062120443,0
73.9021985686747,0.16298842064949615,4.330664977261562,1382.9542341781444,0
64.1261334242317,0.09895717171383471,4.516885079083436,1573.717834280543,0
68.86776290129723,0.1611896046320104,4.41254359738082,1466.0868802953073,0
82.78657446112827,0.17359578118047994,4.547894902566075,1568.913267288096,0
75.86838250804692,0.3243970182180612,6.029744837364873,1499.1264030359212,0
70.07026923918518,0.273986096990139,5.5808310344882885,1523.7773354309845,0
68.09853346431213,0.2918016493305794,4.138461505052524,1443.8440631934955,0
70.61287256361328,0.2655978913877429,5.349998637126764,1472.430777134764,0
65.90589153646157,0.27569949372922514,4.687534149881144,1551.3633698689566,0
53.16200395424788,0.14495342987357457,4.454092331622747,1489.4801412209301,0
86.33742328427785,0.18411182757172126,3.8114084274219944,1411.6020787442264,1
71.2425999935952,0.1208067749581161,5.777534955056195,1508.9259244041823,0
73.1851781209803,0.18316095755703735,3.9089094802662894,1530.8540013470722,0
69.53673800098473,0.2547283992747793,4.958429457592101,1609.8310820537624,0
64.11906559420329,0.21076666278497974,4.242951003420105,1592.2042614927577,0
68.51260415240984,0.3049184655168236,5.62067515765594,1494.8291562916907,0
57.20484190244551,0.10868673662182247,4.73251853894884,1456.2131868268605,0
88.21669198442643,0.2400190680558592,4.8924298755837246,1481.7358880510646,1
60.123904012620834,0.10013577585045456,4.919412589655974,1458.1013194097661,0
61.744269729222566,0.2075341175338914,5.242056267948627,1540.4928980563157,0
66.4779263649088,0.2592266738045183,5.010403811186648,1583.333209809252,0
80.30460579881903,0.18283979465406247,4.965381448831107,1599.186748743527,0
70.11607199410123,0.24409012832695648,4.585278419796178,1467.0234838001868,0
60.110913631756304,0.12322141321336529,3.7402165013263255,1459.0378880468704,0
80.03470688605871,0.06690480174428937,4.105159232366516,1466.3684460353095,0
75.84800501428386,0.24456236979902427,5.574783790944516,1345.4370439931072,1
74.30747965773162,0.33952081872605866,4.755344429338962,1403.7750113162465,0
75.72587392936673,0.12031640478640865,4.468792177822016,1497.2357595249052,0
89.15489520465961,0.29777553440854365,3.875417484465564,1530.3417392355175,1
87.4807591602889,0.2034738727053129,3.624282287927718,1539.2938446306036,1
64.50627725597364,0.09314467826455393,4.437434495897441,1437.5604462503572,0
82.99107994248922,0.10947957589182701,5.710442283236206,1460.7111881744518,0
73.0653455180712,0.20126278186885202,4.554343845102145,1478.4396954688432,0
73.992766529102,0.1676430169660717,5.320388420193158,1469.5099280931552,0
56.46183334685337,0.09496696185934089,4.517552136481633,1555.041417653173,0
68.63691387689443,0.0644768575019676,5.511093356823079,1395.3460712030458,0
63.49741127730748,0.13226245376587953,4.718599358553065,1408.0563515965646,0
76.62447051914647,0.21550472066648946,4.014492603559603,1476.1251763482044,0
78.56864400322245,0.19948793979174897,4.784837545680445,1390.751703732986,0
53.40410919186951,0.15990096339999374,6.467200334624326,1347.9623776834671,1
69.82372108796584,0.21615097554331864,6.431907452440684,1380.5218272304196,0
78.97489203835401,0.283202137589015,5.389226642223492,1480.5828329240987,0
68.50656830149244,0.23153012083473185,4.890352947669038,1550.442465306038,0
75.83250916001892,0.19029530628883357,5.243121441676067,1552.1093227514261,0
72.80932374101667,0.2742457605328551,5.253481870986632,1627.0332346031273,0
72.73328185562102,0.12321197582269641,4.968090598106318,1508.1332094056688,0
67.82948017545363,0.18200643683557188,5.352755215938093,1518.8960409863062,0
60.26735356691432,0.18391296515197056,5.166581489722851,1479.9674370377325,0
61.02775882059978,0.10104373932457239,4.747222091708549,1483.8538827411194,0
75.67482011564253,0.1664100670172514,4.043794560493086,1666.443626527617,0
70.15566604415106,0.03400322552837576,4.631952606223868,1520.9081149804026,0
68.8919020431422,0.3529742438130363,5.639615079258878,1527.8619415275298,0
66.60887966142118,0.12500689692509498,4.9748302204037085,1408.3908557666427,0
67.55848923615399,0.32688913051370494,5.2402295132700045,1532.8337819924054,0
78.37529435590511,0.2030467604575594,4.77358757783647,1552.666558345877,0
67.31804734505579,0.2451891305724767,4.1523219959915,1588.8248102350292,0
59.271482293587454,0.1608960161319255,4.809096228102542,1550.4067619921202,0
75.94921420432138,0.21663437535693397,4.182035279400519,1489.8609417532814,0
68.36098668908227,0.2520391711990749,4.1309686611171585,1486.4461349709434,0
70.25116692426221,0.2531641931515346,5.964509287095527,1494.2335456984877,0
82.86062645119608,0.26198187120594857,4.663931196052626,1508.5749634848723,0
69.83551554119595,0.1705333831968659,4.4068122196319734,1601.4120352644943,0
72.3134693849498,0.1615712262006916,6.294367747504724,1585.8111639360966,0
60.568612069613394,0.07246589397859171,5.651988028323394,1560.2328762980624,0
68.24264438119232,0.24185752089415496,4.7027926195985295,1662.3367984376239,0
74.87620836166882,0.28659029690587545,5.342109060441895,1287.500929977854,1
57.55701012927006,0.32927853439343435,4.811369345391438,1463.1953140539176,0
71.60676074492568,0.22441381076644062,4.44585625657632,1499.0981904708494,0
70.80632858115845,0.13868161816731447,5.3797529795880035,1446.221642083122,0
70.33029964469951,0.06423230853684359,4.740558491743838,1425.6199420278087,0
78.29727118926594,0.28333333864666804,5.060398407199522,1362.6272287709435,0
72.67550811878817,0.056297874657797176,5.817090587919737,1475.093711033259,0
81.82457518685155,0.17275167378049866,5.728970483036301,1571.5221643073464,0
62.05128387524771,0.18205545376450832,4.559925366515139,1561.9149073843419,0
71.08739653774678,0.19444358897191846,5.388825281829669,1439.829609100744,0
70.67573429111958,0.20286420800286722,4.097715003083395,1517.619606282535,0
61.44596404995936,0.21105180450940603,5.360331329052564,1608.6079852172873,0
77.65036001673077,0.006770939033717643,5.118796244640884,1378.3946363723815,0
88.59738644682254,0.20117247278961015,5.303183489890745,1487.2931215701976,1
69.86395140412935,0.021633954071049816,4.762044196284614,1522.919703264715,0
74.04016870619013,0.2585774458472796,6.667257018921992,1500.8012272029432,0
70.67614780652262,0.15558998753571104,4.2789602339037485,1568.0506715213915,0
64.29132264074259,0.02743706198213197,5.777241368774769,1380.1739176270507,0
55.43391777758387,0.13486362580916994,4.174641344185335,1419.534507136207,0
64.35381213523708,0.1543939728652277,5.403475339703457,1554.5633074156797,0
58.86433295238615,0.29525596940440035,5.460631981801426,1363.8220751123988,0
83.63281662447294,0.21573101934001962,5.043980697249828,1564.941427282662,0
69.07912244861409,0.22755559554804644,4.603740471565037,1535.985452498553,0
67.23264536762264,0.29449773073764807,5.112907912596239,1559.3535791764289,0
77.11323059830245,0.19230845696604085,5.2136082667441395,1462.4568277792237,0
61.025991177152896,0.2603350368825923,6.431949189045026,1540.787074937076,0
63.86508769596358,0.25470888911455936,4.302127771759763,1406.2169943879371,0
70.54457815398897,0.09708244051444702,4.555269202948798,1466.8396046026944,0
78.23015193138784,0.31783868621038636,5.227788445655469,1502.9071152222027,0
74.0134803613503,0.08637585759434445,4.795156967683798,1428.1000460354471,0
71.98660114012706,0.27338933195822784,4.91996716981552,1517.4485494427408,0
70.62494188188813,0.07863415704754939,5.856281468291009,1408.4634216965387,0
73.2018868442142,0.24809894305213387,2.743786797256612,1521.492064786801,0
71.61322324103404,0.3489531902520138,4.521640523985751,1639.3480243509823,0
61.76022180178451,0.18296170747598312,3.6061046189990007,1399.4667489106114,0
70.36863377306521,0.17949154857174832,4.043346850476744,1498.195190697926,0
61.410490728657976,0.24883519994534795,6.923699593657976,1370.5631153563882,0
70.64866034320659,0.17364828352299658,5.478534507162205,1433.3636785527667,0
66.15481646809407,0.3454622962994257,5.761251940046483,1556.1559337391557,0
90.3150529822629,0.21537537995669567,4.935576280170855,1465.5497118567891,1
69.6808449299863,0.17438643934234194,5.606971059865528,1559.392811101477,0
58.76608346990729,0.15677715776834536,3.5867483939838003,1528.4706686941406,0
68.9265583145846,0.12536412238615835,5.83063872941568,1494.8385382928006,0
74.1548699651031,0.14977960105940083,4.34412470515208,1417.6469924221226,0
83.38691156922019,0.17194612850731228,4.57494734453927,1554.839057479803,0
65.28438080049025,0.1609888741201136,5.404120856363722,1524.3306982761196,0
57.340576207810884,0.1473459780690317,5.253157406865772,1377.7567673592516,0
76.53469609144786,0.36790729842819514,5.067696038714839,1422.8379525373346,0
58.955210352802794,0.11759239388084082,3.909523077135745,1278.4776894758907,1
66.51075646794013,0.211730607011694,5.079850935057314,1390.7498554972992,0
67.93903611591205,0.24740168078086977,5.768449082786582,1474.92989911837,0
69.44293237359913,0.2504086396466986,4.574010323120165,1415.5315487721846,0
75.51331565659468,0.19531143393740225,6.051949636272237,1433.466672315705,0
64.5309257417089,0.18074379425221523,4.301846451268792,1611.2456126060622,0
67.81016598266592,0.23612379929916053,5.005238313374699,1582.3050659230453,0
69.88583717640489,0.22132173199825605,6.22826218670129,1444.426544979152,0
71.1967836601503,0.17928329321859893,4.454880069840312,1563.4830107522012,0
70.78261739766339,0.07504971426204554,5.843188386701659,1597.1898282323339,0
73.48804620178063,0.16256610221334022,6.579721889777447,1549.4838793268605,0
76.7507160771339,0.10827598690340338,5.13683525513932,1523.9141986433517,0
73.14107292520774,0.14662723599469388,4.578386410093355,1587.8658462174724,0
73.62868418807375,0.20265785908135678,4.381808957639981,1561.561438396593,0
57.34221466602818,0.2286988915197293,6.04368216267786,1402.952458915407,0
70.40182159332544,0.3424362201033925,6.02135535947172,1484.8854196848827,0
73.83606038401287,0.1570074896876949,6.159447298294941,1455.8344735152364,0
75.8315295565636,0.2619700508220121,4.973729319475242,1592.1978787141663,0
64.46119380612964,0.22447680195502695,5.830245553221684,1453.5662359371659,0
64.72768580089084,0.3036798136511832,4.960928487099144,1439.8252022952124,0
65.40719459773122,0.2460982975676501,4.2935559027133126,1582.1345659577312,0
74.29131119913075,0.1193214858170947,5.899341428089882,1520.7736812745416,0
78.27104843939367,0.062156317656701515,6.3070962226225635,1668.9425880505312,0
66.74031914166719,0.22490093597340038,4.183518421774944,1431.0206781754837,0
77.2636985090164,0.15772392016796877,4.168455229679464,1458.49312564272,0
70.98783847331676,0.12157490032395223,5.0319855473840995,1589.757418994226,0
69.00571378270051,0.0985937836373538,5.7649028845928,1397.6719702991184,0
68.30892616145624,0.21287803980697245,4.092944644996837,1605.575388634071,0
75.97289091681726,0.3206166159450692,5.1816125895647245,1403.4035694252343,0
72.60462253429657,0.16730621234351667,4.527658436752199,1548.8178850568827,0
88.2066034211811,0.24722162488602578,5.560663279860002,1352.5559178827777,1
63.182202856021405,0.1918186919825926,4.361690542803288,1503.610387199065,0
74.1448136162398,0.09684943287172858,5.6174424002193435,1390.4375608492137,0
65.7663919215079,0.2587849074808334,4.873428151345833,1654.102018960919,0
63.04570410409085,0.1124246364778103,4.250287581055166,1414.269558976359,0
69.91306290372022,0.2017301304474852,5.050951964341511,1433.6914392815327,0
71.0988198352563,0.1726783667995756,3.449621348409318,1542.8340765042299,0
93.34538844048075,0.27144619476525533,4.552724342316048,1451.9233896882608,1
68.52683347453439,0.11534792060234507,5.269920856259729,1555.996268561536,0
60.958570164122534,0.2312695926241568,3.5825961767744836,1443.128785706737,0
72.18408573995508,0.13281620741210393,2.943090517515671,1436.9639234717956,0
53.402879699629054,0.1591115830136972,3.1285061441494664,1497.7953035135563,0
69.26434573916588,-0.09081601820320817,6.061702844400296,1402.6455594431886,0
70.12820225836128,0.3673678857294327,4.9385927897898165,1531.7093091733987,0
76.35680306356169,0.24404455462609856,4.574027684794251,1570.1838815895806,0
77.78897799542277,0.13861220112494685,5.756123788533464,1544.239731199395,0
65.97144304873827,0.11002754493336049,4.676440254024711,1551.4624697102604,0
68.79508788296053,0.16034809976965275,5.214769519893386,1346.0115824027732,1
63.87103335511463,0.2573503627855561,5.020604280738611,1463.0681803312755,0
60.97549956153845,0.04863320595320597,4.623200463397618,1481.8347867485031,0
72.47915823504508,0.18867324645645295,5.235316707111284,1616.356213743648,0
59.81131561122721,0.3416513497970139,5.618608977136116,1453.4954089328032,0
66.6829847954251,0.10928429312257568,4.85207470638641,1315.861240576787,1
62.0386083208061,0.2064308031010924,4.631555541476308,1419.6824394402538,0
74.39746549032208,0.3762647852206206,4.725990073600437,1447.1045426089768,0
84.4114407941319,0.2505721303752618,3.1616699737714145,1327.4814292857877,1
59.58729613757335,0.21007390563883643,5.226447637207129,1577.49620165647,0
55.175852136819444,0.24053091639272023,4.032710968809159,1374.4335974251953,0
69.00090491719946,0.16793077319922384,5.503774979295139,1535.681723858567,0
70.12558236766206,0.3039705028242752,4.927660719459765,1412.6082619442773,0
71.74927445405838,0.16805359816798304,5.084096877224352,1620.5587493844062,0
66.42943587812525,0.04326547130112185,5.560263336484962,1477.9077041777475,0
68.39488560939654,0.16869575168476322,4.258780986927253,1461.6710676331659,0
72.94008328432481,0.12266123760986374,5.2953987546807655,1542.2603557325326,0
78.32344714115871,0.17750447902420566,5.2140968420501315,1419.4159612383407,0
54.35960983745374,0.17927327527354953,4.852175333885765,1546.043717911536,0
67.0484844877483,0.2957938559843926,4.25745103938917,1461.4665100130806,0
71.71047035152851,0.25562341813315087,5.476190691244131,1452.431852271195,0
62.656191163114116,0.22106123900603175,5.562763635535453,1492.9945031772843,0
83.8493570541384,0.1997643670933924,5.090881620782307,1412.8263651210661,0
64.9167209581701,0.11529135929136046,4.143758067428284,1484.7286652330665,0
69.66965850394173,0.025505980986745808,4.5780407736596365,1527.1588037698086,0
74.44817677473833,0.20905280091142267,4.951733822063947,1315.300688102579,1
65.26972168958484,0.2635712962858927,5.550795639985675,1587.304602363008,0
55.22741561756466,0.19133328934043287,3.7332084791095066,1565.278250410232,0
66.57076378466773,0.15721165417706398,4.548957228556499,1351.6338260346902,0
78.23552444741632,0.237160173217137,4.677861952046238,1339.1654163449082,1
67.30483898571889,0.19333342395005226,4.933422736477577,1567.3525300480956,0
63.22852558832817,0.3348595353579169,3.9589397727801225,1561.1615126812844,0
77.40537767602177,0.29861826736546276,4.825973777301334,1549.8427803193115,0
67.35380083181558,0.2767606445618664,4.751613148549929,1385.8460957198145,0
65.91871349079827,0.2606187291367923,4.169926502808274,1646.2913778994787,0
71.19564871730648,0.09678660684388345,4.905625932665052,1439.5999306547578,0
76.1660016769503,0.25303949616420796,4.567064722571598,1519.15812328146,0
89.05370825386036,0.23010607661172602,5.396468914007766,1520.142321747107,1
76.61788886125939,0.24851397827129307,4.291737951196529,1627.4344922237885,0
79.27871973110675,0.2394087589450442,5.071867297702764,1510.0133839954995,0
65.95227040809716,0.23622100702784526,4.353288930216586,1533.2673084539624,0
61.79305515224419,0.4160693175639676,4.52019660947295,1493.8299298036734,1
70.49865079695299,0.19390514640384648,5.237833302164325,1404.2720489030642,0
70.85735932207677,0.2749069904663464,5.1877741862737246,1314.5071522850415,1
61.37189806908322,0.16232081517887975,4.666382253937312,1502.6063899835187,0
68.5976437607679,0.26325132671101376,4.784471505333865,1387.0109527588177,0
73.19454081375305,0.27514559121859644,3.8371148439123806,1528.0141772251097,0
72.88314716014465,0.22915408617082783,6.12221144846456,1511.9000069747324,0
74.03430282707419,0.33353975539012004,5.549965118302422,1509.9546956837887,0
72.32771784109954,0.1292579170911666,5.521158440696885,1415.7660304430028,0
65.94393072583955,0.16102232466654223,3.7239742264350277,1582.9235261089093,0
65.88879498680926,0.21699040688187918,4.523608006008571,1537.9816877783692,0
60.40838881604899,0.2704645482787378,4.732363176861102,1405.4640173548335,0
84.27820031348077,0.21435436170359468,3.45515080637279,1665.4838067137812,0
70.10760291695435,0.3028607229208453,5.711960076860869,1483.1366945932155,0
68.20117555364118,0.14706481032269447,6.163107590838509,1393.2570799472953,0
62.56966334838033,0.10875372084091565,6.649547964802891,1439.3318412590538,0
93.48526321862222,0.2246502669229204,4.163292937985811,1379.2887310746714,1
61.413375742216836,0.1938255779109043,5.093858797467419,1608.7541534149523,0
66.56921659515142,0.2434290976286576,6.058254615320337,1586.435866146335,0
73.32669469028849,0.1978078167306797,4.797105216842437,1559.1583659789096,0
74.80170372595423,0.17279841675012345,4.5464096689258575,1544.091352148228,0
77.66345644172547,0.19400499426210213,3.507185861164407,1599.8673728653098,0
84.4608680621541,0.20230791158345482,5.906097966217399,1480.640463006245,0
74.04926124368569,0.17560149601213357,4.984591395141308,1533.8129714783245,0
61.55175360026666,0.18374943629412577,4.4165265128295506,1435.0486775692802,0
67.94443899902575,0.1677125330410472,5.227085831863088,1487.7241158047088,0
72.46265898011109,0.2685332095895525,5.122404298542932,1536.0061738533911,0
86.54580833204659,0.21552168036046396,5.134607281883673,1253.508574097873,1
58.81755617260562,0.38054019777350134,4.82632155013866,1450.4231379492226,0
79.62061204180182,0.21285636410227696,6.297886527010693,1513.1989711819347,0
71.43931495637133,0.15593140237370706,4.893072213390062,1493.7987147246902,0
76.70264428183584,0.4136540299890452,6.295457661058644,1463.8082939403575,1
69.18404226691254,0.23309011021714685,5.451293541120158,1547.1321551045983,0
63.260538958989386,0.27920998295142535,5.280936114209385,1443.3830101433557,0
76.00698223521066,0.24736823865619934,4.909380197377476,1402.247403201077,0
75.23544821684497,0.2498408823438199,5.779165354836737,1594.7012885031645,0
77.77645572591777,0.24285232410819796,5.0903934140623965,1583.411882074976,0
69.89356291697092,0.11183323481791478,4.2542950279091745,1452.06807219179,0
65.20142381344121,0.22940232380491296,4.227606247201572,1494.5044344250643,0
57.52970403980927,0.09401109569198089,5.337987697547417,1567.6791749885635,0
76.55498614511525,0.18605097308699728,4.274096891866804,1503.52274613846,0
73.39111585955189,0.14195060347493704,4.9502151544220006,1542.416608549708,0
62.273738937088325,0.22859761486789792,5.845747630840873,1538.0453434981396,0
65.691410613627,0.22673009978705877,5.243176142315467,1474.4663826276155,0
66.26592950438848,0.23849167126121495,4.422292103737002,1541.2739202145124,0
58.13612454414066,0.22298372581992698,6.127990009292912,1422.8045099180306,0
63.45854082715893,0.1514539726570881,5.438300189595761,1531.5419454462844,0
60.92935714554917,0.17911972085186564,5.814234389763271,1494.072187487066,0
66.7001679048965,0.2736316929003588,3.185953325432558,1471.1423654467792,0
64.0904200133635,0.285428534183552,5.264682302610197,1400.2611304429324,0
56.98396063306601,0.10825735210987607,5.6737262691039145,1510.5327408767353,0
86.18072184455585,0.0775257893989883,6.360230913838394,1503.0824222125157,1
80.02032584823385,0.14184884934362305,3.8289451326791664,1432.8290830275387,0
63.76784462784011,0.28361660656258003,5.964891671355627,1372.2502543824962,0
72.17937117322887,0.2971907224146428,6.315504228560996,1368.4419919494833,0
73.33972071857036,0.12602304956790628,3.3861688181768166,1479.6741608352352,0
79.52868683818781,0.22458474829890707,5.382872887895794,1524.5198111537431,0
63.45115978671937,0.346754506651207,5.494096651472562,1647.9977275440765,0
78.73685427185941,0.23322491817922672,4.738393869878475,1496.3876123959587,0
65.61675756634452,0.3137202628186475,4.6079244319469685,1369.9691158737228,0
59.31310076665109,0.2798981256066479,5.534283130630258,1483.4465465402984,0
75.79309247451597,0.12718410350176715,4.508014597271495,1600.109191881516,0
80.32606739297943,0.18480148612023375,4.826200537265522,1445.3763513199003,0
90.70327178824547,0.20278035826334784,5.649947920659137,1589.4882861920712,1
60.40219787927829,0.20833067104170722,6.403234440261492,1514.0579770427996,0
75.59135748064631,0.2733063162750857,5.4303874180336145,1551.7505243616686,0
66.72159004965174,0.2326947809820327,5.10678759633161,1648.7084798563235,0
76.26686968419224,-0.03489607550224921,4.586882012271384,1353.0188874105381,0
58.236083590149995,0.09497277815258193,4.191519967479155,1571.720334640659,0
59.89784179441149,0.025009526801916565,5.887662593200759,1492.4239105694946,0
63.793001414668126,0.21402921925242674,4.877240119098492,1424.0655573317094,0
70.63171236534468,0.2192390119574209,5.920562619733383,1491.9492290461515,0
64.87134986769316,0.2226579966888575,4.73635849760363,1635.2776754521235,0
75.27243475130736,0.1232857385828307,4.480569070911191,1606.7956783804523,0
78.21515694606332,0.25393152040959915,5.336639111062013,1339.9428431046958,1
74.79662032996285,0.2573009997174823,4.9387712485852795,1438.4128235187334,0
82.95030111728694,0.09958807462358739,4.03557711631141,1575.4315388455493,0
73.32661303564274,0.08271694388409023,6.453894663825478,1498.2604737773574,0
60.26482631727866,0.19998946510184498,4.49841298098269,1498.5589328098215,0
80.90701210830672,0.34334258188906874,5.742073216939371,1374.5338835365878,0
65.15875011515202,0.3359794193758914,5.673485303517185,1440.3618526160778,0
77.28334799748455,0.24507234883584422,3.9924297880685145,1391.3435402372868,0
82.58987373244085,0.1416002662735939,4.198089884306812,1367.7346017534803,0
73.6535040858432,0.27094741275908685,4.758792528239898,1399.3809613281978,0
58.0307294946828,0.16380605881527668,4.307482764337347,1425.7521794042927,0
62.65430266792167,0.13859943706609518,6.381165097502951,1439.1109224873528,0
80.58195573508108,0.028482653470240482,4.8398594905611905,1432.629622235166,0
68.64701851485746,0.20819057586781226,5.711799234251255,1581.636485873408,0
70.63658827953732,0.14961061206901,5.4109099112001635,1427.4284635983713,0
76.07059532930887,0.20771443036228038,5.211217959197083,1614.0947753748505,0
75.57058289664259,0.016051384301035088,5.03225696859167,1461.2819297928834,0
72.23039849908369,0.213586133806695,5.989704566230958,1535.1358927800734,0
68.33065303023628,0.005510306882269778,4.339925621331987,1537.6914465119094,0
67.49865243414114,0.2870352202614842,6.381068248365269,1428.1725263365763,0
76.86319060233075,0.24175129873080675,3.970221455596724,1473.7527547993839,0
74.42855624854235,0.177706818286033,5.625209380497939,1459.7644930447716,0
67.94159999505769,0.24501758880656635,3.8758689120481735,1529.7952570248663,0
78.65689850394513,0.12175405898691583,4.747435558218432,1489.6924408465725,0
68.96772707896173,0.2057900412491914,5.074647950448774,1440.1281380842415,0
63.186702605324854,0.2635819230768269,4.610643720936389,1509.5246630927447,0
63.92823440877324,-0.04754313992731116,4.854664344306487,1527.1692866503968,0
62.17007330952187,0.1642220512257981,3.8904236416553655,1648.003574283407,0
67.8207198671705,0.19818846958909006,4.2100396250211585,1505.4501164876722,0
79.86979422668955,0.1842965105803387,5.398611765756706,1500.800667744683,0
63.55923855175593,0.3165681460981924,5.023737459981956,1534.2718888368004,0
71.50780608814482,0.11008791000616924,4.447577579342794,1424.0478109869714,0
64.7464852349807,0.1503072605243817,6.059422210503737,1361.9592319171607,0
67.9175276698285,0.04673047789532414,4.024055280007827,1475.0318326623342,0
57.919670304117986,0.32082293210185164,4.71072762730875,1585.7679278382193,0
68.2356941667477,0.180296788591296,4.595474977457223,1598.6841370534953,0
68.4503569615603,0.16492728895706343,5.492030102208836,1349.6492235414817,1
74.32230355228556,0.1958013854151429,5.038530952909755,1553.2863584394772,0
71.78624730604297,0.2508988662744259,4.913467802772322,1325.2161598537873,1
60.41286300038364,0.22778907228129,3.5246266369062087,1536.7344443866068,0
78.67358595234835,0.411830737084567,5.6920275845056745,1531.9487450317324,1
71.68242432177597,0.23631487107230198,4.8257393481346105,1362.0815976387566,0
71.58714813741989,0.16278036566647353,5.092528814088336,1580.003691450535,0
69.92654117291889,0.15509146099808424,4.401149423924898,1639.5068721032735,0
65.85794042222224,0.16857928380665527,4.275336989746342,1495.001573519802,0
71.7424187179898,0.07985304602961298,6.19943020678055,1511.2799899981571,0
73.80470748742866,0.20318913659932689,3.58140913739007,1618.3292962389523,0
56.02483446923556,0.2626774484967134,4.156640777773783,1409.8934372729616,0
65.68991330123123,0.15093091195014113,6.1843937221352645,1411.9138033901686,0
67.96042423677129,0.13540959549727108,5.512597104798923,1432.849319686464,0
72.04936484555422,0.3212756117035387,4.739629974606064,1502.9665683448793,0
79.546488047417,0.0858813474703068,5.997277051430922,1502.7532675409984,0
63.82607348322574,0.03457452988181592,5.357488093116807,1455.7367779775798,0
66.01630522545726,0.10776784450820939,5.186128073579535,1475.9615670833969,0
65.8997271148276,0.07676538263005629,5.180449613681934,1456.8345412039398,0
63.58777927916367,0.23089808512836657,5.372190573771595,1460.6559990895512,0
67.2225080391019,0.17114363996403412,5.404554001037963,1438.518283177713,0
76.16641775990377,0.18242503639809282,6.756778442316765,1439.1648209220652,0
61.56931603708524,0.29223473415798185,4.844085750661862,1339.924493205792,1
73.42251516122323,0.1446932111069779,4.868762249481437,1482.1059924497613,0
56.384782159853316,0.26200715293965127,4.010485449943429,1343.5536542226184,1
65.50929602846236,0.3209058239362563,4.9584820905431854,1560.0447294965936,0
67.36408559825611,0.16354700015890716,6.490309519635855,1455.206572468387,0
83.39887738331252,0.2589618284445051,5.787588001947725,1490.447233702694,0
67.8015815619785,0.1806545669976816,4.565065804899738,1470.1432293798434,0
52.39005221239265,0.27392785030726313,5.024033091617028,1480.4708979721418,0
54.00888874511,0.07428086499389816,3.962849299532004,1601.0699852477373,0
70.27223669077345,0.0683590203899723,4.224704524561355,1391.8802870458176,0
74.91016684631927,0.16869858280739675,5.119552922090974,1370.1346462126012,0
73.00364686101803,0.12888601527521837,4.604436317743637,1509.549786133117,0
71.34056084640793,0.1586632712456092,4.164320168497265,1460.3296221008545,0
79.29807678004533,0.18243787340422882,5.391872611790314,1528.7699137075158,0
65.68327023410295,0.2576010825469002,4.934199930677341,1557.3261791793052,0
77.1592844482146,0.16738715371472523,3.7459597026471685,1411.4925394747852,0
56.94388091978866,0.13409109515015308,3.3398824270657697,1548.271107461185,0
62.76041733649547,0.1718789298592881,4.5439908011405965,1418.2445210464396,0
55.54366884054547,0.1384683776154706,3.7293878852467777,1505.96601527505,0
67.80123759464166,0.12527955983498285,3.504870874823477,1401.0469021124957,0
69.62991026186926,0.07095865491384248,5.903175361121669,1510.5715005753063,0
70.91281193781217,0.2055582492976863,4.921831288107766,1498.329817526248,0
70.49506682309708,0.15450354347223574,4.787642897419597,1411.7656409115084,0
62.57957335350618,0.27730229913877374,4.8492753470794,1391.3270926921805,0
68.47807324469427,0.08420831263528476,4.089734279365624,1560.0510867277592,0
58.02042665115401,0.1566333155961697,5.328780932011335,1463.7599637857295,0
80.905831801058,0.3450325776526999,4.895439738613968,1580.9624769785876,0
67.57099141681599,0.12483123863217205,4.39407307521647,1456.5285016140263,0
66.08891104765047,0.18107733983231009,4.51389705238,1604.1743788495369,0
82.71152262755267,0.10273248137397054,4.018033029430164,1424.1288356009736,0
60.062027731606165,0.09212579897752153,4.675005701678532,1617.8197246008967,0
60.99530308774425,0.3237848786470143,4.808297695373989,1513.949749044645,0
61.23023740105148,0.2136831594109718,4.6541733366960285,1531.9837392614968,0
69.45702894640415,0.21069430705900988,5.0441236458732694,1419.678030924446,0
73.45305303710077,0.06429470119070224,4.9371906361905955,1558.337214634463,0
75.91740374494267,0.22869931104866426,5.184614830931686,1561.1142505928938,0
90.57596253995975,0.2925937556795061,5.754477629537275,1474.045211397983,1
52.00454036639389,0.2919581648662824,5.474418781770464,1329.2803686399427,1
74.86988471299533,0.25346665836849286,5.763671872408269,1410.9337147269307,0
65.54295541942216,0.10964115379236769,4.321812616139017,1410.9215470886434,0
65.30867880888981,0.22504987337543936,4.593108084729074,1535.9482254033078,0
65.04182297396898,0.2534067968381286,5.522877347156774,1462.7974128383885,0
62.729842633536215,0.0564445131928879,5.537182137145669,1464.35122269822,0
83.47619867682761,0.11029763268145723,4.457103505970495,1454.6950184110865,0
76.73837861611122,0.2710525857394753,5.489267140625394,1617.5432222257566,0
70.185567828459,0.2700836621337543,4.245174306683246,1503.6281568663878,0
80.80812601989601,0.07611335731028862,5.384844579313435,1515.8192268466637,0
57.899768277609,0.2636017167415338,4.978963039307487,1450.4488390849608,0
59.35435894935259,0.20762427193228944,3.8924515168749307,1497.6289074394242,0
52.5762581424425,0.2624807163685721,4.652740942592475,1421.9448525835828,0
64.4046836790137,0.1492382941252847,6.745814247756394,1527.4979742046344,0
71.29358821363802,0.2516146797184722,5.162224290243996,1408.2757137621575,0
70.82286862345867,0.26750630195884995,6.840359981374608,1559.5375876479327,0
71.19473528847904,0.17189320516354306,3.844858776099971,1441.203818178259,0
58.711545351471344,0.2014202036938629,5.600593434131074,1575.8714250390562,0
76.42523794091218,0.14811826963962774,2.9725310465543076,1652.5835406145582,0
71.91702014591198,0.3321311158948703,4.999811612068173,1500.0880889220127,0
75.86443425172799,0.19037824485393873,5.504973902121057,1604.929209771431,0
54.85790257927958,0.12623805398582544,5.670312075997021,1560.1159159188335,0
72.49192687038231,0.14273392689002,4.360584220335669,1385.3774368771367,0
60.49787808065979,0.21014164809136907,5.831272337581389,1508.8742222014805,0
66.82141397958911,0.26026649374225697,4.573028191964244,1540.0958964551378,0
74.27491918909107,0.09313385238795827,4.868722199110082,1547.8172252341037,0
70.72874885004731,0.34781280023539596,4.653342224514693,1514.2565443979993,0
63.18768016176545,0.22469402352444934,4.0908885194141344,1513.2249117061776,0
70.05018524947535,0.237316477837553,6.255775669936687,1500.4069886492186,0
57.74771747805086,0.19222483649412508,5.038414253726462,1510.6540868794948,0
79.20213916718637,0.20154071738809007,5.869854702926903,1402.1056823760764,0
68.35772784403,0.18813734896580778,5.835768993411681,1481.1031375217058,0
78.94839955404261,0.28142367752287684,4.2256478285816135,1383.7614916150778,0
65.78774650323166,0.19936571300373038,5.972901798137281,1460.189785379682,0
65.81139209274734,0.2613640174794168,5.402731394839458,1452.735555911929,0
63.886505706897225,0.16529219813179424,4.167278508421688,1447.6269621063568,0
77.00939145354461,0.21565124226498528,5.359080665073204,1415.8393473768763,0
64.32455074137219,0.1356863724608463,4.181625692105546,1521.542181903751,0
75.15676345932141,0.297322258603963,6.285166694382912,1474.554375543051,0
66.94038081864568,0.13330022074247075,5.651029395937677,1466.36589953976,0
54.192293600867046,0.1740016444590939,4.943081150247171,1387.3940804402978,0
65.43748745770827,0.17480316700362042,6.011842894573747,1476.1711046242408,0
60.56713428509721,0.17168388898609854,3.73440988423717,1591.642623993277,0
70.2712217894587,0.257799661555435,4.400526959903967,1592.8645047888274,0
60.476738114604075,0.1746673788210685,4.798064222607703,1529.8810063774756,0
77.40780080571693,0.31151396244328583,6.788547745140415,1476.3876819904128,0
69.27139311717578,0.13452199310958657,4.143613679301275,1544.718626417962,0
68.57923204193008,0.21355019759541657,3.6341552466074614,1446.6117129458646,0
75.24713710230066,0.13793712085499202,3.8444915884013833,1476.0598195293296,0
77.7112554726069,0.23367782260251735,5.724972695364481,1440.5982045922328,0
69.83920998584279,0.19872402184185842,4.5246461835689145,1572.669314173127,0
63.830397603605675,0.18759503642412173,4.87273066850511,1562.4004768793309,0
55.808243071102964,0.29507799732028195,5.610266113339588,1497.2254192763205,0
64.51160194371856,0.14765265031559174,4.873532297633671,1638.5001847432452,0
65.06230202681631,0.24692121260944003,5.163317283606444,1533.0011664616757,0
70.85645962393838,0.13848320698601663,5.4281721180877565,1528.4982037069049,0
67.23882495089578,0.2090148160128299,4.655458886431828,1519.929619723207,0
75.50346377641142,0.10435397374212438,4.866946352056253,1399.0170545813405,0
65.09613382983449,0.1469986282954608,5.193564321856809,1428.4576134874103,0
69.54367066517646,0.1934285563541708,5.694543418442576,1495.6289637051032,0
79.47189954557511,0.34517193338584623,4.366104588655481,1496.289321698296,0
72.73460171163973,0.20806430963678194,2.583539262536176,1547.181016016835,0
69.51969966649149,0.33237346526933653,5.543666519508517,1446.5706312756495,0
65.18444446451858,0.21762586333527345,5.742172735000068,1505.6549360605236,0
64.93414882628018,0.1690332604420049,5.160027329704137,1507.0848104882787,0
63.19509397638442,0.3231485218080555,5.2146345751652285,1510.25560654209,0
65.67194507373681,0.2349614097658735,4.548552084687864,1501.3131613642624,0
76.04532670995452,0.1485822724893829,5.4001467372279395,1387.6927985158404,0
68.22489382966185,0.2376457167520238,5.68253345574735,1319.1025229073775,1
59.20181544495015,0.1765924200073912,5.045197073134788,1424.6589091354192,0
84.14535434447826,0.040877264306296346,6.992998664005813,1457.5101581760875,0
72.55972152916131,0.27487785274124943,3.749007129862896,1405.723850475965,0
58.744452795894645,0.2875947244513543,5.130369336685078,1495.546090490052,0
66.46520858207342,0.34703536239938204,4.0605176301461485,1587.208557503056,0
70.88709106262735,0.23377149537562103,5.703876739165512,1558.0826532342303,0
83.63673674637901,0.1801021260733974,3.7348196575662547,1537.3066636330889,0
61.135100333929046,0.2667991541902869,3.932862765825841,1578.8248590930002,0
77.80832575484757,0.2679856292255125,4.493450447560637,1426.0301564535816,0
81.19589141577875,0.33106249465091375,5.21266573588432,1463.4562984263262,0
64.97076555940343,0.19642979015468465,4.523622889070706,1549.1877490446577,0
67.77989104911813,0.18675368219459246,4.531646989920725,1462.0375992662405,0
61.709526021009836,0.1427564464193178,4.855287636059132,1466.4138807879096,0
68.37231087135756,0.24299696693801615,4.806207872750795,1648.9935297527413,0
69.70728020525655,0.07613906654153318,6.18995951065482,1507.6353662290658,0
75.27719998465896,0.2620869898290052,5.548728895735175,1641.090096016059,0
78.72146776816358,0.24702680974926317,4.7403386081722845,1354.1362666877785,0
64.01523148302682,0.24680561619666977,6.677609528970891,1449.5306956317365,0
54.26139948619205,0.21105801892014725,5.393328939884808,1532.7053264521542,0
69.83004176579006,0.3226382598024868,4.224830355749161,1507.4986063818462,0
72.34830023974912,0.26975947723414906,5.205210991993475,1335.556298944233,1
71.99534150148034,0.15143382468994404,5.428410035892251,1481.6336655542227,0
67.38661401992765,0.15286567602418827,4.449900224750921,1697.8414077294963,0
70.99801679731148,0.12962609492682908,4.157992871355169,1519.7530217464077,0
82.12355846681798,0.24410266662204702,5.069167272033954,1548.354879999903,0
73.05387335170008,0.11998888630080347,4.711822582955172,1448.4845465659887,0
67.01305259997532,0.2866713714866682,6.183302310764354,1519.4627317917073,0
65.99841746323203,0.30583786466764346,5.592924659267932,1499.0137441411744,0
68.64118113857816,0.1296786984839639,4.487379780730736,1589.5051545391127,0
83.09391969464512,0.18515611723257172,5.340750488758871,1586.9600709423862,0
68.53359432379042,0.2013296785089931,6.0137025141797915,1532.6012915856593,0
69.84164524383434,0.2707186528375734,3.88495644328028,1505.6772652475636,0
66.14149143250958,0.3287474700487902,4.181777407209799,1365.6713971283166,0
78.79186685953572,0.06516060857051381,4.991065106176375,1362.8835650323606,0
85.6786980379574,0.17454554259786537,5.028481574324028,1506.5528730718013,1
73.6049043954511,0.17871866435517225,4.958241995629712,1569.9707289169323,0
70.6621832302834,0.0879464116090762,4.751378256969858,1606.5396845564937,0
70.29426266539387,0.1611911984556751,4.739151742038384,1428.8208999701103,0
50.925545689714035,0.2342215155480489,5.307406509457303,1379.2609125086976,0
75.96120691427853,0.17770568777283544,5.907154042911339,1574.6367322315666,0
71.07333132796674,0.07643030651140692,4.615237816249259,1434.8246586321313,0
73.4267364052858,0.42992661584079306,6.950719476136523,1373.8345385861749,1
64.30830244733036,0.22129422921633443,6.568553148592254,1460.505747350472,0
66.92434496818326,0.20893553040853402,6.063404503664065,1459.1120826620604,0
66.71180050797462,0.1121658909546363,5.49798666764925,1605.6136861045877,0
78.17298387258431,0.22085649295770204,6.606390485176124,1569.2507131745228,0
66.96992130717526,0.18686289727668046,4.7679077080004735,1441.0090317789336,0
86.66128257687838,0.04891812698276751,4.333916470407813,1611.8363474044834,1
73.4468993521203,0.11437956479884671,4.579222352476813,1510.0020686331484,0
59.79453872003415,0.2635940814139156,4.197645757527935,1584.8668508235276,0
68.97162965398435,0.35552141200003534,5.097441057850696,1606.1742806497768,0
64.78659902274867,0.2293732324034436,5.239864371302195,1478.9925679944376,0
52.44494024143981,0.2882466622634694,5.160671870944886,1545.7055659301614,0
82.79576752091032,0.1875395753133432,4.99005491825456,1467.4593228453266,0
75.62514033776003,0.19307630714555177,5.106523622537292,1574.4081809535414,0
74.2656585431945,0.28727832220955724,6.389059047079911,1507.2220115042978,0
71.32322928239763,0.33302218313435755,5.496041494111267,1576.8257775252557,0
58.9438594504605,0.30408773547724977,5.738007037283857,1621.980533105477,0
66.13106288355651,0.11469095396921448,5.152631949349431,1543.7785465435977,0
76.7342461982721,0.19464328877478035,3.7075290412255377,1492.5232115406518,0
61.59023976173998,0.22220197475810363,3.548894023624391,1493.8537698728003,0
49.74584546999349,0.17922576291939768,6.666247992166812,1263.4374599216894,1
68.1831519377526,0.23102860347324766,4.5745421798150225,1442.9764544134925,0
68.86593956777969,0.2656461449335158,4.506598924678454,1574.6058816268273,0
71.08450733131767,0.2802247801564113,5.1965305931018,1577.590496561187,0
75.8281491481163,0.3348696121777219,5.440322382663942,1441.2345873519578,0
75.10084649784967,0.17364471162201323,5.54148970986753,1513.165969419099,0
72.07015844195138,0.09087734681285489,6.4195348263040035,1484.858686233641,0
79.56425110469368,0.22865876752115624,6.200589106126353,1555.1681902967434,0
57.84824175349348,0.35070488249478415,4.351253420288943,1676.6891810676718,0
74.03665451581912,0.1618419312036753,5.774987658737431,1556.677486240154,0
75.01230690669554,0.25494775816509757,4.692727265431361,1446.3858036344068,0
60.08350171135808,0.25565966339781143,4.889993004455379,1493.726437752746,0
57.977035130540884,0.21531536378756871,4.12480863523891,1612.1542602482186,0
64.03246298819519,0.20055397768349717,3.645541716934872,1387.3058460492553,0
64.70766845987767,0.1261256635422886,4.974750629894169,1450.7953867608912,0
76.02735570801944,0.017467034206353815,4.235214467111003,1556.7971145605368,0
65.08368973047124,0.1110519434668777,5.742250942857629,1603.5465002564315,0
63.149211853750366,0.16877566807106406,4.775137405183903,1548.717432181889,0
65.10693010644353,0.28779381499381657,5.246872175159899,1451.4644067826155,0
78.9490586732337,0.19174975501188996,6.094020603132345,1542.9228241061114,0
70.10434699501562,0.15847794248654812,3.8117638545743135,1533.1434213389264,0
68.5659917971447,0.12872116464372557,4.42030608916025,1528.0657413618337,0
69.11995601039159,0.25254446628075844,5.14470689965268,1492.2341058430127,0
80.33648267461218,0.3086685733144484,5.250019852658609,1504.23954465485,0
64.00662618717406,0.2850748577493968,5.882798001017861,1427.4000111568994,0
80.52406632752083,0.24849197598067754,5.693722503232479,1698.4163379997995,0
71.68397039137203,0.0819509802893648,5.077546900584592,1512.559955254175,0
68.71664494419721,0.17186606057249829,5.242723736477804,1543.8809824840648,0
90.00720398347426,0.35578433831117406,5.264860712792392,1482.5671026857326,1
61.55488408161123,0.289756039353218,3.8242301082609957,1567.6248263503562,0
67.17051392346396,0.07699974254122201,4.8748996181160305,1396.1253646750292,0
60.140550086687995,0.1955527581440583,5.198778574397673,1360.3515571588669,0
77.61969576428936,0.22904787461288312,5.366840687028085,1497.5622794060673,0
83.51351146921343,0.13902732295790243,4.260509247948672,1664.3244220094184,0
83.35938225123711,0.01526367828729211,3.984961669976887,1596.6656667631835,0
79.79159002516803,0.20790592360131455,4.812373925985535,1435.3242856215647,0
68.41903625763227,0.13697933939036488,6.573892888873195,1541.2869927978475,0
67.07807218008122,0.13729266087322528,4.344601989817065,1449.1208417735554,0
56.63064182004748,0.17162557120553937,5.939142597883848,1534.1133349955442,0
86.28698828145434,0.18930592682761507,6.267791714436096,1540.351510099683,1
73.75182462518774,0.1992733764723451,5.036373220986555,1574.1183296718507,0
66.06434476104414,0.1292808080862399,4.456121652277239,1374.7469042273913,0
80.62445511189574,0.18238323762927383,5.4102556509265805,1398.7529608916118,0
62.217883865919994,0.059406130367779614,5.155992233679597,1493.9543553676033,0
73.2529762737814,0.22488312522944626,4.312716815847753,1417.4061331468358,0
68.61896692567332,-0.028502033067292598,4.472957738902579,1411.2222344012062,0
75.1094171190424,0.17684079356531043,5.362863881716265,1521.7485903378347,0
69.49141168651103,0.2735348922941563,5.746752326534838,1426.7171548442905,0
58.39257687111021,0.11525274501801389,4.74176783894769,1680.6125512310766,0
70.60461098136031,0.257314416292592,4.9446931480895575,1457.3467210164877,0
78.3909131350029,0.2924586169696714,5.534910856408864,1478.3814332633847,0
69.76626875316812,-0.06463199619979104,4.862010492660851,1523.8032432413709,0
76.2009209727127,0.18789096771394062,4.760538421363292,1379.3635695083403,0
61.635764114607575,-0.03006187421026202,4.395727344218219,1540.6803609732276,0
69.78991365384118,0.19054332435432433,4.381852301300775,1527.317411986711,0
65.00391635929138,0.19942630312149387,7.135106206578605,1472.055558769784,1
75.97584672083768,0.0013964811271329203,4.843038671936735,1521.9141846077027,0
70.25193249809597,0.35398706896638926,6.09204665720978,1534.2626010259175,0
75.5205894106929,0.22288126461077,6.347194670015257,1614.815256984024,0
78.70168340926293,0.13207812543343717,4.8531341684054725,1700.0209174384067,0
75.53294860097111,0.3172303541998815,5.294743846747815,1415.0799209892261,0
72.18494747434916,0.05635094234861468,5.081982785626426,1396.2122072046766,0
62.01430193190876,0.10166631731853464,3.7102541194730585,1508.2199689046413,0
69.97771111466479,0.016043558106408118,3.75842159020147,1333.68652154565,1
65.73527678387333,0.3440836157231467,5.039078773523419,1551.9532185460403,0
67.24748834636618,0.2265877097177603,4.660069169113123,1509.0464610458287,0
67.003726793998,0.2527521431878796,6.513264270714872,1529.3829279409101,0
62.16059540174204,0.22408009871347806,4.810741649044306,1475.7142451904042,0
54.34129128692808,0.24590142089156677,6.560743197654499,1520.4012612774723,0
64.65485561337786,0.20624621711167918,4.618886883091564,1537.7791662115094,0
71.54703561539327,0.2216737074165953,6.529760336487147,1516.0018724533272,0
59.21458363658008,0.20860827489783607,5.405139597557877,1392.3921107629967,0
70.125457891773,0.15131265555445772,5.450633516616958,1513.7604661761218,0
85.20214739448772,0.1962700187828265,4.59058883461308,1648.3171748839868,1
78.18445244201791,0.22188756586093422,5.461533744322951,1519.271364678389,0
83.14833207296424,0.20884392956417047,6.354170746465001,1510.9644490214532,0
73.12902301546181,0.08177823137973465,4.88413800475189,1624.803012631266,0
79.34007858389157,0.09240106651132726,4.728482547706705,1440.3507553788102,0
64.2082821562577,0.2866273147133113,4.80258996891193,1571.1742112069417,0
64.84527786382412,0.17544047632932785,6.2960892840051494,1457.587411755826,0
48.08687835090022,0.24677802776287525,5.684280965600869,1586.926667467611,0
79.48916379233839,0.1126304072222083,6.158143992376895,1563.843852357405,0
82.32259183855909,0.08214832986827761,5.250898168387415,1467.0176909338225,0
65.57458203722184,0.13251227099746296,5.031455485422265,1478.7231098933646,0
67.96838634882212,0.18219479433828695,5.339155231256505,1578.2249233134582,0
63.96910309047231,0.14678877605724702,5.856126827530032,1351.5639279021345,0
73.06122841181994,0.3035146818484571,4.802305405929708,1464.6456712084241,0
78.99946036242592,0.21436186412299693,6.094941594685429,1549.6333986899613,0
56.05782420895167,0.3479150894849487,5.292664445652702,1475.351458288401,0
73.27550824513801,0.2323526523257134,3.0749774895758573,1510.789070416554,0
67.78662582624683,0.0069959345664151185,5.706794741684155,1336.7079243471676,1
70.90715513573352,0.28448332851668434,3.9821559893904137,1431.6417523464363,0
73.67195201339433,0.07923587020240362,5.68733820853919,1554.3562137721447,0
68.49438048981743,0.21844269337690714,5.721214398590533,1439.9194098348469,0
69.17130517275376,0.1380252753868924,5.263914077904967,1395.803223134239,0
68.28899865956289,0.3714168827571349,5.434944719101355,1584.9286826363677,0
77.76252961430625,0.31516783419441086,5.879096630275189,1541.2547243255763,0
73.35007968101998,0.14065434866385934,4.603497860951418,1412.9173317746327,0
71.76466830189888,0.18981138655031107,5.6347437277619825,1511.080307554568,0
59.83238623126174,0.2195678455719374,5.930418642365629,1415.524176421977,0
66.97136205429477,0.26907312572492886,6.4080660780307825,1487.8032754499507,0
77.1893532827134,0.20233215298600102,4.115375771152237,1514.0790551620369,0
70.30157258499138,0.11800840804953067,5.326812851990215,1435.3202880639683,0
75.27625175671311,0.14259530886399577,4.230808640750828,1559.3866346820191,0
84.13209440262106,0.19964145628985672,4.196862385838802,1571.7881361857326,0
78.30884855367053,0.2987565583011753,5.287222217924784,1521.0852419919886,0
70.74526670159794,0.23422702884288354,5.061964651836911,1533.118572123232,0
65.91208663843419,0.13812680587079873,5.916001182817588,1383.7736929305006,0
49.571603231552814,0.2518698222167832,4.723058840324633,1608.9749781474823,0
68.65292062021717,0.16904121288974722,4.892758851042391,1492.6940009554826,0
67.3919000334652,0.2712326404149473,5.169203409870548,1425.1794907899666,0
73.12292955516301,0.40216083346628845,4.310536918850835,1511.666864996474,1
68.7687581842025,0.17129389032451606,4.421544123987255,1559.6375993911106,0
67.43691952450564,0.26412841277810967,5.892878932618043,1540.9879653643177,0
55.76480855594224,0.14036853343698164,4.560835966975113,1413.2247708169255,0
62.48025736679947,0.1910188986246962,5.945981253159749,1560.6110311613998,0
73.81320832640446,0.20236498294976812,5.4858500645346355,1495.1472734560648,0
83.72726104906155,0.18450530719644956,3.761975179608852,1540.0963345907296,0
69.21979693003502,0.3970410951020019,5.424302953470231,1435.875879953496,0
72.62248858859299,0.17547255402572942,5.417983858475302,1583.672927150932,0
77.61982525562244,0.24694812310278946,5.338342886809029,1514.6172421011856,0
63.512848510398,0.04559305045412543,4.886498618893591,1595.1058651310584,0
72.93451234628354,0.23455972506956885,4.247946035686518,1377.2105512915102,0
64.07607914934273,0.2913643673881797,6.076970212890096,1387.886470430799,0
76.91859550792809,0.15779221259367593,4.918736329021732,1480.7977722691755,0
71.21122438361387,-0.0008177712832330153,4.293275071731705,1617.4100015978224,0
72.38761451185152,0.196907858493814,5.365974948870407,1657.024871813898,0
63.739211220651285,0.20137470803084226,4.405776023413394,1428.925896074016,0
75.65625887688628,0.25792600405954436,4.240731177371903,1504.2437625289178,0
86.67770336984813,0.36087224283307473,4.699621910238049,1512.4121580224523,1
61.936706436574354,0.16959570795197548,4.467681788545541,1557.4526090430443,0
67.2819279388198,0.13149695010717757,4.270206198412341,1570.797013312999,0
71.85285979334473,0.10664657589028455,5.645129409809408,1410.8481445670666,0
76.29124969596653,0.21584628936252795,4.9089377484300805,1505.1674688173898,0
65.52362971768424,0.23834834070548017,6.001823956412714,1339.3185660984063,1
47.33575767885808,0.15634756845099324,4.3163924178160515,1564.8633026432324,0
80.8735159533122,0.26229461965806317,3.6179511698909312,1472.910410534077,0
76.08404895667314,0.23723072614553406,5.119016279399533,1403.569433655835,0
56.05641975610668,0.20345853517159124,6.484783137445133,1526.603744796545,0
65.13944966576355,0.12780682234046997,5.424789463489602,1470.4104605595603,0
82.54545943621861,0.16145085476122217,7.572299356970266,1600.9168824620979,1
81.58237134766293,0.005619576185396408,5.265647296759271,1428.5934291563028,0
77.50912018143156,0.2188629651358427,5.188441769030472,1677.8364160048748,0
68.59110052832109,0.20210730309979483,3.275709863153666,1568.364443437068,0
70.66389935050007,0.21507831928715893,5.342357952470823,1603.0155530547338,0
68.95259355899098,0.24034552124516484,5.134934208015433,1417.6931038761238,0
79.0259182661507,0.23086571891457786,4.67406304143637,1643.0767501707007,0
62.99326074803912,0.1911693455483172,4.890576906352743,1402.9962043673386,0
63.55360276092636,0.2038934434530202,4.945519540526257,1483.215064283714,0
78.08219669468812,0.08765468666430645,4.856056677654349,1604.3725301925408,0
69.64510835590751,0.15330234834484593,6.671771970500769,1540.541525800358,0
81.02773884363046,0.20403768429467692,4.703310377755993,1400.867046616323,0
64.62790234415563,0.14113171392701118,5.135450979083086,1590.8328049474121,0
69.5617731172894,0.2688120636698037,4.676879133291035,1527.196356219403,0
62.62069612124837,0.14730943352359757,5.626744949315104,1466.7039811156053,0
70.05890145138854,0.2173044328998653,5.141410959977765,1376.6392595160303,0
58.17162450400961,0.20932525254522688,4.776071541463615,1534.7800423898261,0
66.0989326323603,0.25970220748883277,3.4592256432742534,1486.9257757626858,0
58.50996908057506,0.2720632939222642,5.194646580231,1512.5047478997787,0
75.55138586553007,0.25552260887743516,4.752338981136199,1373.1838911863526,0
75.73271471807722,0.03151950388934932,4.951407474490319,1466.5074353314922,0
56.15789815612524,0.29553185184105013,4.054033642203733,1538.424369723321,0
80.67108596400459,0.32218465793556783,6.146625738176157,1650.1171689043786,0
89.97932101135883,0.16143005725428244,5.685394540675098,1483.5774701719495,1
70.36805109389073,0.218931753013828,6.144564798112506,1615.4639247254497,0
64.87108591820284,0.12873346558953747,5.917583440624764,1562.9878736679877,0
92.59464472802438,0.04412971946142791,5.4738538417019695,1518.7027973002678,1
59.44825201357992,0.14090277875660911,4.086173993018845,1419.012657306711,0
70.16085173495279,0.15678887684291118,6.474709731257487,1422.3617165175235,0
71.4369781810554,0.17161194149185477,4.257891879289992,1549.403269656528,0
80.76118096361932,0.12328687279952097,4.78527390074003,1457.880354071583,0
72.8779118010143,0.1413259866546209,5.565521824501537,1450.770982498712,0
66.01092883369239,0.1991194942697274,5.605232629749924,1485.5511728772565,0
62.39052503689635,0.13838184135118864,5.457789381555647,1486.8935335728647,0
67.26542543803092,0.24348194660400224,4.679769214936728,1572.0614380954949,0
61.94458111243885,0.25453285211179516,4.51445469811562,1459.560184139183,0
70.38260255827747,0.3904310196931592,7.027626054884909,1564.0992028819453,1
65.48643056111611,0.29005439456987697,4.9685488492001335,1535.1764107243523,0
58.04769765368199,0.21944824466627316,4.870582892288931,1366.080321011036,0
80.04116630699923,0.1503788562665857,4.429154807248997,1523.5606130386645,0
66.01861981256768,0.2234997881339199,5.195736279256766,1286.579325257832,1
59.8549055601975,0.2261276767933085,5.158418240462456,1428.382139067841,0
68.65392692409966,0.15893495287954715,4.987019033036564,1537.0461477249798,0
70.54697252774127,0.26269851174023023,5.305381317430309,1499.14855197925,0
56.028266195367735,0.08815215882544998,6.410830001953883,1358.5686315230766,0
72.6531813370061,0.18044801315699915,4.523957834967281,1410.4670586421162,0
61.62273945047788,0.24446867674539255,5.034466993761696,1291.2869509398224,1
83.6882304735263,0.17699326819263225,4.4817212379595555,1392.5949394364573,0
74.19168409661388,0.18345964772565831,5.2357586886605025,1546.325067945484,0
66.80080007912547,0.18897713110461759,4.545224398900465,1455.4053649139883,0
64.0386578374612,0.13315190074498034,4.579645606852648,1513.5956433381245,0
69.16025833949101,0.29391207452593665,3.8323813007554994,1501.0915505231596,0
74.90232593266632,0.1185569862461748,5.07823582625574,1502.606645639967,0
69.7960469713184,0.22545274619279082,5.343815697523982,1581.8505938490441,0
68.26272954290515,0.2330918318625899,6.488381082553836,1483.767148626318,0
70.46696232654317,0.12411024790328266,5.375601984951876,1572.8534698447925,0
65.16912855010436,0.20584834035045949,4.640252701362145,1301.8125285649999,1
67.2543525852557,0.12722942618042382,3.912256729851128,1588.9140765475238,0
53.313660488759965,0.31128339800447563,4.022970395467617,1396.7937526312178,0
77.78980984681894,0.10889736504190296,3.963497328422422,1414.1648221537343,0
72.39038224257409,0.14768823246144286,6.502433628359505,1443.6306008406996,0
63.81235324773256,0.10206199933155356,5.230248397541096,1586.7084176665148,0
85.1898798508419,0.09138410185059585,4.533627024590486,1428.8560120684274,1
70.6961318431391,0.3272972232705835,4.232112315877389,1447.5288976610916,0
61.710851424198424,0.24342197391300496,4.315113727684863,1423.0649825579376,0
76.85389937176367,0.21122347405604353,4.512560484394897,1520.431584068755,0
73.1843857320741,0.14747384293224627,6.053004173004122,1559.4886667910134,0
73.15663988387375,0.2726089448837415,4.9760452423538,1636.3459612608503,0
66.59395516278728,0.13406220485060377,3.8420268661808405,1691.9853999829418,0
73.60396579022428,0.26349114354640824,6.848367419784298,1552.0144602550376,0
67.90593367823125,0.1301990978715491,4.087871088507282,1529.2523349495495,0
74.44753161316673,0.14843938384994626,4.527331752060906,1402.612821431343,0
54.760444367914886,0.2606625908894337,6.048115510107106,1652.7442522984782,0
66.52901229616648,0.2691061875324614,5.332119706087253,1517.2322487467156,0
83.77724078246555,0.2477978347117409,4.6240616003006325,1476.874812647389,0
63.863460356797596,0.11602607073945642,4.014906459124932,1531.0025415242842,0
65.1692936200545,0.1642618507421737,4.2266479128599785,1449.0919418084095,0
66.4163092924002,0.21255189929588109,4.274803104738828,1312.9862748566916,1
60.28155091289085,0.13205752304719268,5.0056254382796395,1545.744233674688,0
52.333753790173986,0.30967702081034343,5.152849453825043,1607.3979081547122,0
68.1553088118111,0.007844244483956347,4.881076297094926,1544.5538108160758,0
71.08687539265325,0.1377008387704678,4.968628948860537,1499.4336695998677,0
69.57995945169078,0.15923467977041347,4.159421443844543,1501.061740191309,0
68.8409715044169,-0.0275154931817414,5.234508884979111,1513.7823798173029,0
70.3443269668031,0.08830166958110473,6.024414909469597,1511.3323376870867,0
78.18273177240611,0.25002316100336547,4.869766654600345,1495.1438946015555,0
68.47643051256627,0.20242269092423712,4.8541706348564215,1502.0274303575081,0
65.40733938330185,0.32585088176343224,5.066400841642278,1624.401019235237,0
67.75099612089531,0.3236181156707855,5.8945638878075135,1537.7818571477226,0
74.6347740780542,0.23464371028831574,4.284221600449087,1508.411758721965,0
81.296215028346,0.22505905992005695,6.160677868585708,1552.7381517036733,0
64.97485008664657,0.20527448868631204,5.33697779154819,1552.7439189426595,0
70.79147029623107,-0.012406561430359203,5.022944556559094,1575.6798370215888,0
72.70685953548768,0.08843523893391399,5.970591069331456,1439.4470870533712,0
62.05937594616942,0.20805404024791474,4.054350340898836,1461.5577675081768,0
70.16333733770334,0.24928205669981374,5.417636428995767,1434.9154036644597,0
58.27460914126324,0.22317358497105128,5.344247651605294,1561.3378338794953,0
55.84759757008481,0.1286028025827474,4.2516359484849655,1557.429677952562,0
72.93397126313806,0.2749925025975597,5.368510498363057,1398.1405701982103,0
66.92900206935374,0.3185955223003709,5.226644143504389,1531.2670250256258,0
71.61824326096975,0.2750391680233072,4.857009504248053,1609.77870942943,0
69.8568401839332,0.2791679463672377,5.690254044184266,1481.173388902041,0
62.18879961068962,0.15526193616358314,4.542596598113868,1525.1178619141044,0
69.63796558428531,0.28607472981606397,5.216256996674695,1558.438856225954,0
60.135189559881155,0.21166069114621258,4.8946609740357445,1394.3553408481025,0
81.1277788640112,0.2409244422817604,4.508242541593866,1512.1590527192882,0
59.15223724112029,0.22923454742597674,5.4023077480950175,1601.7692951793176,0
68.43371783225135,0.19028103156476714,4.833811402120679,1452.5432946588683,0
61.66182729562201,0.13119980199021586,3.8215948330323624,1566.5972913807063,0
74.56336938688636,0.1934290669156763,3.5591471162256125,1502.1729285711294,0
67.34854902974797,0.2789409293986258,5.6312459744665615,1446.039628629306,0
65.85066624303032,0.16468193557496724,4.023519914218536,1492.2793159348469,0
76.82561236041244,0.2714677810086517,5.223507594720485,1457.9097660731015,0
70.23544473342042,0.25896565364941376,5.04396151490252,1428.9348766589708,0
74.13315556748773,0.17608500823841358,4.70517457842328,1479.6524182037513,0
62.149392507860284,0.31110400828956614,6.565334765772272,1505.4741049908898,0
58.76146444857994,0.17155626630474352,5.143739214768357,1486.7156493960906,0
70.85766369632107,0.32076374900901056,5.604506786145652,1478.7701135096927,0
67.44922915604215,0.2347301585232778,5.227852972271847,1518.079670637248,0
75.01147737963156,0.19873072652371893,4.814768461506015,1542.512477998484,0
69.36073237869961,0.12897588957298772,4.984728999811247,1408.4723813728208,0
71.64060271387704,0.1929391815891967,6.1668342125283875,1479.8083304495515,0
57.012939760470054,0.18369923892044637,5.870484234080344,1342.116727200492,1
85.10749551691406,0.09933628917992757,6.56158914535088,1487.0253312772638,1
68.68606411974375,0.18259076618258663,5.177313674378307,1512.0423236857298,0
75.58069576271359,0.13569574559223316,4.298450347439402,1545.582400973235,0
63.31126663824299,0.24687934151830254,4.64758644451215,1512.3283845197043,0
72.46407921773873,0.3045024380582563,4.0497774465611265,1543.8540515243399,0
59.57724189180204,0.10184674589638075,5.613635303100222,1505.2179985335422,0
73.61654270607737,0.33698461826935383,4.531266947138201,1445.958529745402,0
67.15220732491333,0.18971591724918963,2.5557456429443914,1410.725186528824,0
70.23352403148454,0.12199828920491887,6.971020558663945,1478.9597834169176,0
75.58379224104078,0.2606203824166547,4.543519089209347,1438.6979037274434,0
60.13967751023776,0.16428364173959617,4.538727259611353,1490.4224708295224,0
64.52406615509763,0.19346106591748047,6.337289354128293,1460.6498397210057,0
73.65859424869413,0.1676577404630337,4.033398839361988,1533.5264810051237,0
86.78577179637398,0.13466096545080802,5.909284709226533,1503.9164019565787,1
68.89534132270815,0.2579197625921523,4.530046045260783,1535.7995469005798,0
74.72908894339146,0.17709588776846502,3.9409636443225127,1535.3907778619648,0
69.14422824113215,0.08506785662566034,6.364574209102509,1485.6261565026857,0
85.53796475805039,0.24408480993727463,5.738477557650022,1490.5330924062944,1
56.02222666427795,0.10355341191809958,5.736000787612034,1540.128359065709,0
70.75696835735486,0.10773918618597932,5.2941244374310195,1695.67511445393,0
56.99564773150351,0.2954084963981853,5.479281306462144,1420.8695082451534,0
49.94742743570627,0.10429280806318306,4.014273580201565,1503.340119039157,0
72.37969642494254,0.014684411445800766,5.0892886857957285,1404.343332222077,0
71.11598236917968,0.24982891879691965,4.256989599639324,1498.327012035367,0
67.7213044980624,0.1756909256415096,3.8888475847495565,1446.0751277076502,0
69.15044727968197,0.1825875903089507,5.328762664566425,1490.4074871158273,0
94.78639547257006,0.174839968531984,5.926519644527636,1512.4248267158287,1
67.93459889574852,0.21853359512149817,4.693304940617549,1460.848711006083,0
74.0809948900006,0.13978246064775457,4.830389686132366,1357.2993059050093,0
64.80508144308895,0.31808918996526114,4.089479483933568,1614.0428541722245,0
72.36186060032483,0.08190156157524814,5.005773716870318,1567.1421583839447,0
68.09413059955506,0.23558999333416986,5.608060889910732,1489.5552616871307,0
66.71585213816216,0.25136968031012674,5.633222189382218,1428.421360143155,0
84.5511882576026,0.13922785913332977,5.436140940504746,1506.8019672226421,0
79.4174797054747,0.11810124437777454,4.505255066244372,1528.8791060033127,0
71.09397317919384,0.28137393713361253,4.479896765258279,1561.6009452607686,0
51.56630451244827,0.12073113967866282,5.636323578592746,1568.9777731520628,0
67.11192621397944,0.15146688473995468,5.649599145773385,1584.0541044249476,0
91.62422051524067,0.27098471699677973,4.862404011654486,1360.7312248404016,1
68.15470666688233,0.20277929868312194,4.6590624739474515,1475.6285428783085,0
78.82574057642927,0.05622850658967163,5.93379767475656,1579.4480656489302,0
81.5355392156208,0.3397647315642811,4.712041068149403,1426.1094637889628,0
71.7517113268478,0.15759913929760272,5.596745779619026,1597.541406174534,0
63.265426945054784,0.16777941680748662,4.890525460113521,1644.830209211062,0
50.51750134573689,0.22046274018610923,4.1619737751704,1595.3003455567327,0
75.47330566887163,0.2500061437603258,6.289849712018962,1552.9272325682573,0
63.48195197741161,0.35688834330331737,5.096051116585181,1464.1995018109722,0
71.40920361510153,0.0671945480475443,4.431404816089533,1522.5307842998297,0
60.001437283285085,0.2660761767140757,3.8873554657798364,1392.3124281023502,0
67.87809967623838,0.2594407755240062,3.9679993614105333,1437.5111468326595,0
70.26975243920843,0.18902680713007067,4.701670876724319,1443.1357213990823,0
72.14874864835438,0.26298189558529783,6.540103106826874,1504.9578059172757,0
61.08142250118068,0.27474192141092374,4.532270497060606,1468.6258187657368,0
79.57528759009082,0.08944297720103965,6.1579638658769635,1520.927996529605,0
65.22484172214423,0.3399813204704665,4.8953890651175325,1570.2261459901806,0
56.604244316374036,0.07529901974894866,4.0550796871186545,1443.2217965702991,0
69.12781264029229,0.10917469750089816,4.621431049239683,1511.888087434964,0
70.27500247221168,0.1790569861100723,3.9752096610100454,1466.7224808145652,0
71.28471546537408,0.3539952410549645,4.3152252384289165,1515.2129994925745,0
80.89705922948063,0.1753394696197291,4.291401550499266,1554.8938078569456,0
68.10840930611313,0.19744528879593515,3.476956906014987,1573.698863267377,0
69.04304300504982,0.3145662883123651,6.210236855051781,1553.624329543443,0
61.17452495013525,0.1759745485947622,5.168813624177825,1533.1188503143196,0
76.56442802310318,0.10572506296554596,4.450977275505519,1386.3829381584376,0
71.47447251262483,0.16662121318093484,5.177406197146711,1413.4987256363288,0
66.6397781816467,0.3096633467044622,4.3316156850863505,1434.0657376159606,0
54.76260245227629,0.20566919976441092,2.8631504277041953,1528.689616544602,0
81.55529756044069,0.35445266072450077,7.365353306581239,1396.7196070087568,1
60.17856028435154,0.2590347941009724,5.151679901341648,1527.0017862534287,0
65.26977592504235,0.14841528508852134,4.528789568548188,1521.157540570612,0
72.86675608860803,0.20408610435720628,3.4528681506580536,1345.1448715584252,1
60.42753657106651,0.13174255054864964,3.804680163885952,1412.9917742585958,0
58.051921773974854,0.14652535754809842,6.323593543643924,1583.51004598854,0
53.00841933839468,0.5583267400820606,6.201550839038774,1555.792731871593,1
75.76797562324509,0.2814899608027049,5.602572028799158,1431.9684802244053,0
65.63851004218942,0.2688878391205339,4.107938369272149,1417.211121166844,0
93.41816073978664,0.1501455747753549,6.207979190381608,1303.9722651937136,1
62.04515947495301,0.3255667253024863,5.359826094355482,1617.7038150177052,0
62.62839181256863,0.287953248143435,5.523939558681228,1503.2843494744836,0
65.47685623771679,0.35052970314862164,5.356936755554597,1650.697924427616,0
71.94507724110791,0.34664913187187596,3.7944102522991168,1484.6663130422194,0
66.23837328971752,0.08167285695219825,4.04147123940249,1522.6071439111668,0
74.8986577120201,0.11121284085840742,4.591825466873311,1571.3038777142876,0
62.17129288009077,0.1196969747629091,5.514911766026491,1631.1074148944729,0
58.94726625229135,0.12448474853340505,3.8956543342054832,1540.081732678754,0
55.61428208472714,0.22587618914083124,4.859722868044647,1500.1925774350634,0
52.211406656502426,0.1546557238323346,4.85871239186956,1502.236612889229,0
65.85544784419955,0.3658078832610015,5.634191751462062,1416.3331518234452,0
67.59215750085423,0.352374390566531,5.53973722848613,1469.4493706507478,0
64.94850378013453,0.19948307247367683,4.1918192567582935,1504.0975587692071,0
79.9472463774973,0.35642609729198327,6.157348935589841,1610.551510008141,0
79.82424167686509,0.3190507701792162,4.069408136999768,1465.5965445214927,0
67.32157610044399,0.16394347526581932,5.8737915535206,1585.0123716379028,0
55.64863109446429,0.039262772477955094,4.5598840813212815,1493.4529590988911,0
65.46635913555957,0.18256252920314167,5.131140762746698,1599.4846847665951,0
65.20142884866351,0.14843022951372217,5.180789968083444,1554.1377995178361,0
64.74292030177554,0.21652045001166645,5.158165952567036,1548.7356290281082,0
64.41824876881404,0.20713826294997995,5.539599358747656,1578.3061327996422,0
64.77229683420154,0.2050414127119383,5.313167598346826,1566.6527929028766,0
66.90766707281792,0.24189477931033318,5.626919303896431,1585.1050716563059,0
64.91567120947555,0.10299824423330572,5.371695968276109,1670.5411167392451,0
71.66658006900474,0.23290882220557663,3.988435792859325,1629.3515769079143,0
72.8829497272389,0.16483070775863953,5.2158392596463905,1537.3139387331971,0
62.714839302540085,0.21599857598909497,4.548904077995734,1464.6602513037078,0
80.16852260805626,0.2765927876185752,4.112590017674173,1529.313423175266,0
62.15950158527509,0.10204801814231763,4.7681280858581605,1345.9043419473182,1
57.0575950894773,0.17749650778643444,5.146588479228073,1566.3189290000819,0
73.04622457092042,0.19051726127769086,5.199740022390228,1415.197344434111,0
63.46073492468528,0.15885848227434873,5.844819796112215,1589.7985020779604,0
72.5703317660591,0.2719863596906366,6.045847295177262,1658.4231226952575,0
50.77065119119575,0.1423689312959623,5.269024664605885,1383.9252525852073,0
81.13964753186454,0.15556796804461293,5.413685101607527,1495.975648303393,0
75.37834726432322,0.14320646936383485,5.0762472265405245,1414.8469717866055,0
57.99618760669598,0.28736443291510416,5.613780370919668,1361.7352028850805,0
58.16978300922972,0.1606044710070227,5.389590511069652,1491.49426790369,0
83.37812723278022,0.23680363127068452,4.956409524913757,1550.8133629678837,0
64.10096077201634,0.35805640809840594,6.72158605360344,1560.3520343455236,0
63.326521210139006,0.19401452637195318,4.563053309246545,1512.3140650052276,0
51.87158324680574,0.2889648544026526,6.16356556536667,1366.861435470915,0
67.19377435518757,0.33370832672745027,3.91656565893845,1509.8703009962644,0
68.17824308131398,0.2821753248032331,5.650893229161164,1380.5961587003571,0
75.72394477415588,0.19865589472178077,6.14925468138147,1385.840939355371,0
58.807372574524194,0.2513686207198891,3.4742247431936644,1420.2544089394753,0
57.83770566207512,0.09700971254917237,5.1111604584440755,1583.9848953102737,0
73.60770107821182,0.13759654734800386,5.572331232995235,1543.6204276545236,0
78.05384056981651,0.1516259854694465,5.201570883302453,1525.807255830608,0
57.43078119105694,0.3792489696139426,5.30252474848557,1430.9908655330532,0
78.65211269039793,0.13499323885957865,5.10897852990133,1468.9779693158885,0
70.30033473189457,0.13380185989905363,4.124601738910727,1390.390199507435,0
78.73444271259717,0.11648632158008133,6.894436473724354,1609.1441061513676,0
69.43823710785907,0.24478494095446088,4.5971697093473605,1675.7806406056234,0
49.8217766600964,0.21140971141351064,5.347328991023124,1544.52787312585,0
68.78426094147169,0.2869407181621252,4.482528258331659,1558.5403368808288,0
78.48115054937016,0.25370077328618834,3.1793094479834414,1487.2831888630903,0
62.850031847330285,0.08956881226207462,4.260389701000825,1370.4438109073308,0
66.89628024874038,0.13541777839917035,3.841914646179889,1432.4828167498247,0
68.59093197159217,0.30922629986206573,5.873254031379592,1462.7692360853196,0
46.803888961052145,0.1837361404338556,4.514505587164436,1469.1795191589795,0
83.37078060349981,0.295007345441441,4.58872692865603,1450.7685097143774,0
62.7889945608226,0.18802552416677465,4.148535429917011,1503.8202646857253,0
74.04588345978239,0.1225874857369183,5.075228318972082,1431.9864729174387,0
69.30639091081433,0.17573913778666353,4.426833186910976,1673.4179296495702,0
80.06095245087488,0.12255601635602432,5.793883784997431,1390.7700788002999,0
73.24844897942465,0.1547557790078061,5.241631458471328,1570.984763521804,0
68.12060582783221,0.2160740565252197,4.542539371420442,1479.051623187049,0
62.85187925984576,0.24092840722952164,5.6801864414696155,1537.023847620948,0
76.38280561105711,0.07278469413965616,5.00635241841859,1540.64918937421,0
55.012469568363066,0.19861055939927216,5.01719752455196,1512.5634584096524,0
75.16712336220714,0.15307074115521982,3.8298920770144593,1409.33034019203,0
61.20764198756102,0.14812681528329502,4.943131093771749,1473.4368199703927,0
80.01826929565311,0.21061476953064615,5.257235711454399,1513.5276217759474,0
71.29039634130156,0.15596385018486306,6.066853457758676,1508.5147068227295,0
75.15299014280087,0.3105710395877339,4.398485096077342,1418.1494420174379,0
70.65591051059775,0.2950449501000848,6.822486898708409,1603.2969967233253,0
55.98098323887203,0.29454626351536317,5.4454946534631885,1300.5141259265856,1
63.114166692837294,0.16040718436077586,3.7844704991729543,1479.9900089788289,0
75.37911470089107,0.12300009320645422,4.3238415087315545,1426.2944995851506,0
71.33324653887875,0.20656239435104926,6.136799331373455,1514.5732333087353,0
79.44791924244538,0.18797213069709864,5.994583314369915,1581.3380684803542,0
73.22619650429738,0.1512941470061308,5.014474785248402,1387.4424791058336,0
62.26638487437872,0.10594124426664309,5.119934162446282,1688.2884185830756,0
63.631486898234925,0.19667856245855428,4.068311781019223,1516.147890956629,0
70.82333912418589,0.16767444397980213,6.057154192188274,1530.5379192076375,0
51.48764747199915,0.25506776296304157,4.209786330580426,1384.819653172207,0
83.38753508498388,0.25320848412171837,5.675792888898734,1496.274624933322,0
73.53397389102045,0.28806398443381737,6.081633894932111,1577.7339857214313,0
79.81627677639098,0.09925635584959695,5.038524443375607,1516.7937257774943,0
57.355168473526646,0.23208466461549063,5.774089092897759,1511.2156458981533,0
79.95652128284205,0.14180274350130623,6.478111766420556,1495.851234505729,0
87.851991288222,0.10236686313511323,5.214375039368591,1389.7599926669263,1
59.43297315698146,0.1657118210441032,4.859758546854443,1389.3033063149237,0
76.17121435923013,0.28549639841076946,4.946517713958786,1593.5461701312568,0
70.00887955749835,0.17021453171436127,4.405609677862329,1570.5829364754475,0
57.64452921401404,0.325236372796729,4.387532965810501,1582.4216937973827,0
73.94307177481495,0.2439102812416267,5.353925411060563,1434.1743964956304,0
76.66882563869879,0.16847276168155384,4.868840142280573,1487.3945791064866,0
65.19098757864923,0.2928038743125127,5.2620553414810125,1598.5440148800915,0
79.32733216204178,0.23563174176914287,3.808051080117943,1401.7075740192288,0
56.66589274568642,0.12539524892426357,4.925904939850288,1590.3905926042612,0
58.04195082840285,0.3487042108464412,5.824094280072371,1453.0784325900886,0
71.09277916471002,0.22075830584691813,4.104860578419185,1431.5813359652395,0
70.20308222377817,0.20150369535883936,5.013221131307641,1497.4466960154791,0
64.26741209260716,0.1315573864075507,3.5163125512812714,1410.6398472710562,0
76.47675548777508,0.29436306140861906,3.955630382181461,1348.2485124402353,1
74.2471545137276,0.24138203418890453,5.64612871014244,1506.0823749319165,0
76.86511256747212,0.25033905442361926,4.752572565349641,1542.7412616305112,0
69.01490851718187,0.15939749251793853,6.457658292430834,1597.2232138110044,0
74.82064214382673,0.2667280457528055,5.3459544883394505,1548.5579770537188,0
66.43479757576004,0.27294508748566415,5.424476531911459,1657.2317747866164,0
86.43054952069276,0.14649774089751022,4.138814360084081,1608.8859980589186,1
63.49963383902411,0.08664078882552073,4.691915698524437,1559.0463001349292,0
86.8423794356665,0.24650984474711393,4.41389105436191,1537.4895060284794,1
70.27910357671527,0.07413224403154084,4.147646608359532,1598.4081746458585,0
58.99591288345006,0.21216126222702236,5.5311145008769085,1322.9582310937174,1
80.94463480390881,0.16422039161701543,5.691612692614943,1461.595436698964,0
71.00721110715968,0.2974932168631137,5.319149755333959,1351.3215162431432,0
76.8089927870419,0.16857248873862343,4.33754624541921,1553.047810590888,0
79.79084734834075,0.2885818377603043,5.26458402807797,1440.578889807128,0
72.7036444331602,0.15886324445095792,3.469857278827475,1741.5722513870435,0
65.26207324149749,0.2799992804047689,6.058407414966432,1458.5659361463377,0
77.805707021354,0.3648273235069466,3.9614798594900504,1508.509053190602,0
70.00604405963676,0.11455622893070078,4.103632814049229,1467.8186772649867,0
75.48686254886735,0.22336285773847264,5.092233815656154,1460.8935009484899,0
52.770155409668305,0.4199025932728052,5.163327648193636,1400.2782492934962,1
73.57585373607881,0.20532710615223373,4.941801121238572,1397.588047204722,0
64.89131339883976,0.20494306161837186,4.111897647214162,1325.6405598181611,1
83.22647709742824,0.2630799157880816,5.906678394882634,1543.636984224275,0
74.98469878311276,0.20328646912758033,3.6512406391445995,1466.0282586777616,0
71.91886196679437,0.0634219204343558,3.8133848076412438,1654.6902580834117,0
73.89047994680178,0.29058298998711507,4.914413782436415,1400.4687852746204,0
62.012473176986255,0.039764126890784596,3.9886128145244895,1618.1051616123957,0
82.98605352422443,0.16665666790893266,5.978100221020741,1625.7807468281217,0
85.93096334733524,0.29659405993253185,4.057428291669668,1602.1634533200386,1
73.14330808438574,0.17147660570857715,6.24562172176825,1518.7837848372415,0
82.7232285485891,0.14450428060284767,5.828097732617259,1472.9435419824479,0
65.44681441061972,0.27034111241332487,5.988044588406067,1602.0854157549827,0
63.62309147020015,0.13191081705324909,6.509684786362596,1436.6829485729854,0
70.32739798983138,0.10222194243264371,5.064982339276613,1521.6566076356576,0
73.4795283069432,0.2219611189994627,4.189620323344034,1496.5001643182297,0
66.84810655005504,0.18536613612699274,4.917593699385087,1428.6866509843185,0
74.30214552294787,0.10050615086489265,4.54666751567283,1522.2437577827443,0
72.45111585658731,0.2509562031995896,4.432646981989022,1559.347060127441,0
62.01354579767156,0.2371590084461787,5.120682749445466,1425.5337432448819,0
74.15034413961376,0.17121959867154946,4.750636628633803,1536.809614969268,0
76.90822594017217,0.1766934395100043,4.398232252546403,1321.6777450080149,1
71.37175454072313,0.23763141936073254,4.803678085930193,1416.0675727151813,0
79.22118482609353,0.29522891358016534,5.439182771362964,1463.4123421697636,0
60.260769652024386,0.177376543191254,5.7651337652741566,1528.5869789572894,0
73.74360337705481,0.2523750794406516,3.717660869447208,1569.5451799707243,0
60.6377543488258,0.24521601736676796,4.757439130937167,1506.625831293107,0
61.0873491341353,0.27034458341671813,4.8869254356202365,1545.3276587591997,0
64.95255333009769,0.20314473589947724,4.053983982217894,1487.153447738446,0
62.46351853140604,0.12701395887469139,4.904235413567441,1532.3798514326638,0
65.6160334500709,0.16300006774400247,5.1183964876320225,1528.1527253302966,0
68.28679751431049,0.22742827726253184,5.4150676362247925,1459.2783499492596,0
76.69723589065107,0.34547715027052744,5.0617264205053365,1471.5696098762182,0
67.43072769035437,0.16127843014429774,4.2952404720019555,1548.0101737880975,0
57.31499434584326,0.2643829954821919,6.609624022057478,1644.9670246913122,0
79.12054277196128,0.1737554839458592,5.663301417297278,1596.5454865047457,0
63.30327893107968,0.20883750047089086,5.442175795719893,1409.670715510608,0
69.53023658316297,0.3212317399410874,5.803865005608749,1409.9534608619272,0
73.5722920555257,0.26114340651363466,5.195687337448382,1457.149492098539,0
71.59688334722226,0.10069605818072346,6.029040708417564,1507.9137070302077,0
78.7534363801718,0.15420199809507273,5.045497560228611,1503.8605005579454,0
73.83202514714208,0.3004977075553087,5.001397968219347,1599.2224221542679,0
63.10952336242313,0.21135024341027964,5.5081827830329635,1603.609064467742,0
87.42849739193329,0.10809279043073093,6.261086037032738,1500.4532467532408,1
71.55466770670587,0.13448380440210234,6.209638892231446,1481.7842738911302,0
68.82127818702796,0.25627948181689375,5.4742780786079965,1541.339714583008,0
77.71140338444457,0.2795528224974104,5.41328948686144,1585.0561056041208,0
71.99560756744057,0.20142842411857395,5.556833928877189,1544.1949447982038,0
73.19382554351462,0.3980251040748882,5.788496730669278,1465.4763357287434,0
89.9374719888055,0.2659321890764511,6.038985551530594,1451.0196910634143,1
67.79902857395963,0.18052151442936798,4.81073273279692,1411.151702522742,0
67.45791284786084,0.1347435161520525,6.054449031869913,1515.4789478076202,0
70.9326280960997,0.1220092556288767,5.274396091257045,1549.849607865575,0
78.5721274846483,0.22683370563842958,5.52074529799996,1558.7876154503565,0
57.94772775847681,0.16089783640692745,6.105559457227196,1592.140829580392,0
54.27555286818796,0.333899500318674,5.597649800072543,1618.4247680529545,0
65.30307783503882,0.31730494423342875,5.732796450522272,1390.002748185813,0
56.9286163275257,0.2506453237997782,4.6884651733740625,1532.3809946745062,0
66.6013492197949,0.10568030616344835,6.198649234999745,1535.140759150454,0
74.01999756903432,0.1462224901958076,5.5565493688609,1494.08428732656,0
62.87400909158189,0.3004542020592881,5.100852574272398,1433.7324344044578,0
58.58538738574926,0.15495470401639186,5.880859509514482,1615.5703867789416,0
70.55469729372278,0.289771338713562,7.0702643982083995,1452.9119591162053,1
76.90034787692136,0.2379683138427809,4.064860398542452,1324.594491245365,1
56.4402124918671,0.204137430785055,4.357013901661374,1501.6057828088187,0
76.56185918644788,0.14377337496516474,7.148244247068708,1480.9709066491394,1
76.53844962990661,0.1924604925180199,5.341355873843499,1648.6157818250776,0
77.63268081725302,0.21517183638999185,5.152695742905254,1539.1755163355,0
79.74784171897349,0.28260311186408976,4.907691406670268,1475.5789802535014,0
87.61611139727692,0.12914115194929965,5.966748800777152,1484.251592768554,1
67.15126361104755,0.1789746525979108,7.08899784704823,1483.32771937298,1
70.87657264062287,0.20358585055458278,4.467849167413323,1677.3706699650706,0
66.6684925340158,0.2530142686148932,4.922498618248533,1554.0387094510274,0
70.01581475804649,0.12732285299817786,4.719418297145707,1387.4271862180792,0
82.2629868450905,0.0946744165690228,5.586291981455423,1480.4448041519213,0
59.23988412855465,0.25391721213680396,5.97791475012046,1498.1094041599592,0
63.1116026226754,0.07856407080426375,6.296746228266493,1411.3945437228585,0
81.0174474920365,0.30279837718097347,5.613374626096224,1357.3635634202328,0
78.16029205521671,0.18752591220136738,7.0154662329948945,1547.6450705429475,1
67.09494682546338,0.0761975134180443,4.54019761343407,1435.6293603409677,0
76.83521600896576,0.16156638244772048,4.3323675580538366,1599.9017294847986,0
72.72972673993627,0.230329890645539,6.175475434652967,1500.6555546086267,0
82.0021968720079,0.15738391299560178,5.098265855677069,1462.0584943790611,0
70.59607675061419,0.20160237990594781,3.899247741267775,1306.6613079883523,1
78.20505691098066,0.2592062692564229,4.74714962269004,1597.7854279702347,0
91.13609528394096,0.18382477316899043,5.204526923277819,1523.482146611624,1
74.78479324037973,0.12503538588270932,4.483001409674116,1464.144422494611,0
70.39462532635875,0.17608128021025274,4.188271450324329,1428.7766889935838,0
75.77957588176784,0.31318721091674084,4.833896690779299,1627.9272967225004,0
67.07775313436892,0.3348051476266547,4.1483732637106305,1414.8624239461715,0
89.10374164419785,0.038405906084618,5.508104831184186,1470.5082033357878,1
71.44056830156785,0.28728223273531817,3.444956122485723,1545.5796081645651,0
67.8165334381959,0.2200118172828285,5.072339942372338,1616.06133120187,0
63.31448795983971,0.273918614329612,5.415607910486642,1482.6944234369776,0
78.77776153285151,0.15596093917858966,4.927567008201299,1441.2146420613967,0
76.93749930262192,0.05853891923988114,5.874578317656699,1491.4608633155744,0
66.02116502868725,0.24675910309179694,3.9035510126366915,1572.357653036587,0
74.61161076097937,0.12472181909738266,4.439128398899109,1590.351590821056,0
57.931552254297145,0.08893660548121182,4.735972282999288,1389.9872680763694,0
71.47976460058526,0.0945278894021227,5.570179655527445,1509.1952096301607,0
73.62205081661355,0.24807310259322676,5.174806068836896,1385.258767283088,0
83.65863847647378,0.21115619728233578,6.714692786193934,1570.7373736781817,0
63.83344957817049,0.2625972817499739,4.355371282420886,1533.7907120466523,0
59.77317896958141,0.25352602035970917,3.884008881135479,1426.3051495239417,0
62.83657631259967,0.16632531483329874,6.431271186346449,1622.731645604093,0
59.30745199748064,0.19436211408980356,3.8553131328540937,1526.801078400591,0
80.69325886207187,0.15908499769739684,5.546450169119236,1518.0153984373303,0
82.3891143601923,0.18317377817076075,4.217063966382424,1485.6710814123232,0
72.56173262359063,0.12261962096151473,3.344545319321851,1499.3569652532274,0
79.77035956548119,0.23123874350994683,4.700172964949415,1469.4813998861769,0
71.07166704464188,0.28600965991854055,5.719599969981728,1440.7033203026997,0
69.23910681839388,0.13467095761432107,4.022583129221541,1598.3304470084315,0
67.3356990475699,0.30250157163210745,5.460875782515865,1460.5805928267455,0
67.51687206897948,0.20908171971823536,5.610290848949162,1457.8873569814623,0
57.61758754952775,0.21928631811246507,3.982647886784557,1489.6564727880893,0
72.11403810885871,0.06404563843139854,4.817790969030104,1613.9611584683846,0
69.67732871828765,0.05541901523474127,6.261659857861731,1590.493271495785,0
75.96288579262301,0.21152930902237457,5.520474095970995,1468.412130434601,0
70.74818797150888,0.2631785699705606,4.790806028339183,1598.1428340446942,0
68.69837038744727,0.1462895645084038,5.332236385003136,1508.649613634267,0
63.03045575993895,0.3336075120466472,4.451789353223642,1432.525978559357,0
70.57722589457408,0.2587948779403452,5.89095654270802,1461.9096521597276,0
75.9058978465293,0.1273326998633612,5.890608051681712,1609.8603095426981,0
60.85328807132912,0.2024678933642806,5.096724732068844,1666.627621085529,0
70.69979002944591,0.398154330697873,5.184564925166155,1525.5853407002562,0
71.86434361223587,0.10059487977602356,4.200962499995462,1454.6770270653585,0
64.25548173105389,0.24226159511320844,3.918370858345736,1490.0066025860842,0
65.297149560736,0.1741804357821326,4.698716204846775,1439.0044654448864,0
71.84488679012972,0.256551703273481,4.930078632247057,1450.65892968614,0
60.93263185365902,0.3013818917054706,5.850101997910391,1442.7961761762544,0
72.79938972199514,0.16910103290309061,5.737942200494649,1493.6525002001074,0
62.8371650107264,0.2895129817365739,5.147866310687275,1509.6544829166342,0
78.50282954426574,0.3776962715417569,5.952431187498229,1488.1471087454568,0
88.7026219631064,0.2053019789875388,4.245211056948477,1482.2941652382744,1
63.11394558638544,0.26279109499953485,5.861869509822696,1560.8393298804556,0
74.2736628989974,0.15276473838373802,4.367657028520426,1481.6632860059642,0
64.18606476094385,0.201540744722497,5.991755624051394,1486.7987351493011,0
78.32763339038232,0.1858659925833406,4.989322828184015,1485.8751783179116,0
59.87793272731828,0.26375487405268766,3.4013706587698103,1623.4630186361014,0
73.8446940674217,0.29637407486055406,5.5841257312251535,1460.7028300139402,0
63.01608826488518,0.19122761207060326,5.647636607600624,1547.7036885553227,0
68.34412328721305,0.32268982765863385,4.634735956409134,1440.129784485003,0
61.75179779882154,0.32240379532493035,4.702992337284787,1527.995586514021,0
76.57880376716602,0.26774829945439205,4.872363776092317,1543.698655343067,0
63.30415716448331,0.15871787746226174,3.459878549898983,1586.7407429442192,0
74.41571407465462,0.15105369466080779,3.108217461523885,1469.2585464565948,0
67.24721577390133,0.13500949162479692,6.041300510504311,1410.8829948139855,0
69.0842210256091,0.2759332856190529,4.340745866071538,1437.281174139154,0
71.18204725920103,0.10305854340085087,6.484211287661092,1577.1633258509337,0
63.90540262672921,0.2541470123288806,6.096321440911131,1666.5401289989338,0
71.6829369083271,0.11351125217407097,6.253756251415791,1566.7562729610174,0
82.2426765148353,0.26588368958735786,4.479760838026277,1399.028845616932,0
63.77524171333829,0.20137756661844486,3.713279050455535,1564.052230489027,0
79.37448114619076,0.3066910849487862,4.130494154724516,1424.4967127182767,0
81.98478106790228,0.2913163662657017,4.642836218277671,1472.068590629501,0
63.470760087775645,0.31480523296016893,3.101416213719488,1514.9784861492235,0
58.35956315927558,0.31686549746312903,4.619659448700666,1528.4295084376772,0
72.41568720137411,0.21149046671905583,4.838657577991111,1505.2353675736974,0
65.62073981786502,0.10729655468603164,3.964463222730644,1451.911028236033,0
84.94882575330402,0.11579815560020973,4.167611921403334,1584.7966611739466,0
70.27846032399866,0.033052117654725016,4.823521183055359,1457.7946876082192,0
63.58240473571857,0.11330673332575253,5.285029238648241,1600.3610196289592,0
60.82272391190631,0.20550589261637195,4.287341865599805,1391.2496087368268,0
78.71923967272664,0.15522766553398704,5.233802087661015,1517.242427355554,0
65.4305282073265,0.1855891516472119,5.109476806390284,1401.9079229414774,0
70.35063039568342,0.23941723355691208,5.037508687214713,1433.273389440589,0
77.64642196089984,0.17567477935473938,4.4783887009147385,1458.9590232853266,0
66.12593318455336,0.11025369596699326,3.9332963231716938,1621.648436378478,0
69.63256937007871,0.19574130659492545,6.3571615839205915,1604.6419732881861,0
69.86745272141984,0.1281207610581724,5.50424473316594,1569.9399010045756,0
75.46659609212874,0.17833708024167497,5.804585322448591,1502.6628600173492,0
74.72595468408261,0.3074221571538403,4.933096252128863,1515.0447159497076,0
68.23909014996137,0.17835957567230604,4.868779646191889,1601.3183329465085,0
70.50919249197214,0.34167660426781965,5.39252774458031,1556.1044228965438,0
67.0257679078121,0.3145308789550376,3.532249319638203,1501.4406738696605,0
58.179100744644444,0.15365557531367657,4.108285224517484,1618.9337264013025,0
72.06080685918504,0.11111009868673796,4.361780097577301,1565.162362893081,0
85.13753408666454,0.19579566704638454,4.63634686196659,1519.3935892671213,1
62.9302468744715,0.29226622107175115,4.296243456423877,1463.2818575801216,0
63.815762323178376,0.16078472750170494,5.266245700200597,1456.060619736559,0
63.03417782685007,0.2726472238609711,5.065157787570269,1473.1059715839776,0
75.79673422978497,0.2966751991308871,6.114291751801102,1536.5592708609588,0
73.58788363357152,0.13807794797099154,6.97900732569005,1566.8626252746244,0
68.73169846066834,0.14591591293691303,3.9897198078812535,1384.4566523559172,0
62.65584750688828,0.25701296257016054,5.117844171174756,1344.2721057879016,1
70.7390143331194,0.21214780397132565,5.11642070256558,1423.8808154726294,0
57.48302298131357,0.1451150778765057,4.98864154418827,1467.3858709299723,0
71.14741253485994,0.171825564150433,4.132140343227599,1595.6757760524956,0
76.97219508870347,0.19435843578180648,4.26624204348596,1477.566546561345,0
59.99040690693057,0.07481164600356316,5.192324489532895,1520.3818679177514,0
57.73985378536269,0.26125144851861565,4.243719941354211,1533.4323609590137,0
82.63550313355887,0.1617046248848647,5.127417577733606,1418.1143311863184,0
65.10592288396332,-0.02269729790384789,4.803240172363516,1616.7911065502617,0
79.08758276755057,0.1980903225352438,5.113326322497025,1446.8155291216065,0
68.76801867841735,0.1406742992885194,4.237359623652453,1624.7833164773024,0
68.70436146446939,0.33510577538421416,5.12597539386763,1489.9059198829027,0
73.50730159597316,0.15316439832640255,4.295237933218727,1472.9997361909516,0
62.92800914602847,0.11218853091371113,5.128556486925534,1411.136865307496,0
71.05997714796517,0.24063461359696128,6.071516897951326,1515.7828232958864,0
66.94808468140725,0.14716421055939335,5.208787080012857,1680.3505915228752,0
59.436052452759746,0.13764350389982144,5.257496305906446,1533.0870632321603,0
72.69985659781119,0.24076011062595248,5.653765213998039,1521.6349497559124,0
67.89353754497667,0.11676261536883473,3.8771533244213896,1446.6717099368673,0
68.74380137244233,0.08341810734404377,6.37513725897841,1547.3586998889425,0
60.31871245268674,0.338079840167547,4.155528005910104,1512.609424569836,0
82.73120294210243,0.2463598990080516,5.70372879789515,1494.9732420206822,0
77.01371349108894,0.1788632572004508,5.597527989805059,1539.5835827462809,0
77.71324707337583,0.19972182322384513,4.278266910796192,1354.7323216944087,0
67.55644238046655,0.2404691486492925,5.80710890941341,1491.9580406083858,0
56.16653688397264,0.27786699596907366,5.398250213130647,1404.2377723905038,0
85.62333905991609,0.13952197669479907,6.511982915521806,1502.3118798655955,1
69.51121993595305,0.2292917220772546,5.154703001073035,1442.0640499493315,0
64.00960163183957,0.15946366590318092,4.913165334781922,1447.5328119551036,0
73.3344125958649,0.18488150043899007,4.5881899776654365,1393.324697377144,0
79.33696630402638,0.21285542939719237,3.605315782919061,1589.2531976997457,0
69.81559555131626,0.19946571415578623,4.745417948199072,1445.7802801385697,0
80.228601343515,0.25884535186420576,4.779281284592899,1450.0609101092996,0
78.66399950813495,0.23896692472924752,5.209646546045947,1622.4492056937934,0
61.38895050078354,0.07934646325022579,3.8615175112940276,1545.4365946213268,0
64.60967915472419,0.09137414343476463,4.808790231050497,1337.2288609590414,1
77.66029730623814,0.17042266521925659,5.461001113617693,1610.8288137377451,0
48.29909948951649,0.346290020995346,5.540407740394014,1631.8312513359442,0
68.8043544546801,0.1318726533998718,3.5121478590901383,1624.3500870605078,0
58.553350387002624,0.18334218323097978,5.565125286922579,1553.4551394408904,0
66.1875695885318,0.15709231784347827,4.802740869502807,1411.863219205519,0
67.60943928776636,0.1556764492729536,4.851991298001157,1496.0619594121447,0
67.13404497673994,0.21425917951240445,3.1083877041153296,1384.124375809357,0
65.58190998309914,0.3120621820956521,6.194856930046304,1430.7187155598344,0
61.22285080296949,0.23647747199044714,5.1414391080090365,1411.1290620829818,0
88.3352901345495,0.13571752308583263,3.7748316587818342,1449.8375635848386,1
84.9396960332908,0.4202583608642566,5.300161259933173,1513.116311216917,1
60.70347343794974,0.2062858576768901,5.27558275267762,1464.407044066759,0
82.65693401042854,0.15382232348943095,5.978035322346392,1460.9710595768017,0
66.80427607621718,0.3129677099742072,4.752248984567298,1476.7284444221225,0
71.03349978665368,0.16247435056449452,5.009596855150869,1619.9578143641506,0
69.49380832082467,0.3330330923989955,4.485753759809674,1673.1004401880643,0
64.72201086996827,0.1303485767226667,5.4783588911941905,1463.9443056144648,0
77.87081874884917,0.3144024311137096,4.3732077266599605,1526.8859361997565,0
71.00709224461326,0.21608381314253555,4.285607586335816,1432.6977629954683,0
66.18758861424607,0.3032841786161947,4.945761969776063,1561.4121043885207,0
59.56328444959622,0.35214125669612356,4.019308982956937,1461.8839950457805,0
62.85123989024704,0.1093914167582997,6.281704974831388,1443.1116109528161,0
56.86895907518323,0.3020617456606658,6.5418133821935,1660.1269812652558,0
70.09778838732136,0.08728768764596763,4.6371279316625476,1391.5144605606715,0
60.42667526172483,0.11622525158014174,3.890723994754268,1303.773811624962,1
67.87551589985166,0.13572724321660506,5.269273631121649,1558.7864196919202,0
80.96081482888297,0.2402909308942289,4.614317985624861,1470.5897271237486,0
79.59439658337268,0.20264127015478878,5.939744906022426,1448.3202736596863,0
69.74178484717906,0.18662911326697312,4.370282723576077,1718.5327200352515,0
69.3033221908548,0.21169882232178888,5.435610577942754,1558.4181258066158,0
85.03899639536806,0.24730316714347783,5.091194871513355,1495.3188721995618,1
74.1660489628697,0.25345984991530823,4.458990791509272,1443.3654688217841,0
67.37754832098781,0.2875333468492105,5.192039862793553,1535.663027906535,0
58.591855063036384,0.3456027850213952,5.7028260467798795,1361.371789664452,0
73.15098574531794,0.19829101020468184,5.0694788152443175,1458.7118848822558,0
76.6345901806629,0.1583128830295267,5.077827732101007,1497.0320824161763,0
64.94678780389084,0.24908289033481507,4.30177325771706,1517.079346535755,0
72.32962204110426,0.10845961469883039,5.915363838323309,1488.6054930564712,0
67.09141364067976,0.1457036694310711,5.835637262514547,1444.5431005016883,0
68.52774080640798,0.2799504757114232,4.671552649050803,1573.652971652923,0
50.09742353950135,0.1900697300145837,4.900569232413604,1367.8677148640702,0
68.22574877027091,0.1033446033313569,6.131376538152262,1477.7660902387925,0
77.75495441926444,0.08081575477078608,4.093143343162035,1458.5655550143208,0
64.94877955546754,0.2038973343515046,5.483430713087025,1580.9474480034132,0
70.42021094572253,0.29135172295744083,4.553108981495098,1463.2893524536507,0
63.95239434646464,0.2902836622024949,6.422462301401313,1535.0130845421847,0
72.88353341034218,0.208870440231427,5.05075738293227,1526.643743692753,0
68.26781441971062,0.3607127535276903,6.008302814512034,1353.1905326314304,0
62.486067674543946,0.191614370724763,4.390938121231097,1494.7482092072298,0
80.66041174132103,0.18891459012820716,4.0011770541405856,1360.5811342580198,0
77.43145610825772,-0.005394872779119986,4.81259243423911,1528.1028174763385,0
65.1607458885746,0.16421096406710275,5.210146766357469,1441.5742772818264,0
73.98230647534221,0.2681612027926796,4.5914146543868695,1594.9335661479518,0
74.29929602256304,0.3251169069487764,5.606645941019973,1485.538552009763,0
75.13840988008941,0.13358122930661726,4.832037145751657,1438.3954958236611,0
56.44595283203938,0.2369801863434439,3.334850270586715,1595.9887092955933,0
78.05285232826103,0.283750322585863,5.442249583354401,1430.2487868233318,0
65.44240829659415,0.20089665225567194,4.293970352682274,1571.575604907811,0
67.13737653246986,0.01733756339782158,4.710722094658785,1537.4022939214506,0
91.1030540180816,0.2197831999659402,6.242504962831484,1470.7654701920317,1
72.4149870457681,0.26091444992487145,6.4182493792968724,1393.1217755589087,0
66.9094201964226,0.1242061683985233,4.539605251925751,1599.3330033453874,0
52.35764501795275,0.17966763753004905,5.462229304505472,1540.0371245887488,0
81.11811307157085,0.10756031662969888,4.558180407661884,1438.2441583391865,0
59.23832263353118,-0.005611803886428207,4.770501616881117,1519.5684547675671,0
61.97248877200397,0.28216035294301256,4.515379668081158,1580.492951898599,0
67.34918160729721,0.19970011729585188,3.620525055682812,1508.961503535751,0
81.33129433360234,0.32781399973639863,5.076044178986968,1519.0719066122479,0
76.18591989332607,0.26858577535249417,5.230532309556933,1582.5602995043223,0
68.73729992127792,0.1716632190667641,4.463198603751089,1622.981021944254,0
72.46633650911056,0.19334554719164732,5.8702333691496875,1490.432066003056,0
65.19691445703116,0.2452941912616138,4.6511358263238245,1393.0045707737272,0
71.11722951652281,0.2773506733404595,4.490230540112788,1395.7938949139163,0
70.5866939582251,0.22581365045936092,5.421202494486485,1444.7205749728087,0
77.75015916545082,0.28844745162315877,3.7658544080219767,1425.2086778864814,0
77.7374249795116,0.1762665010660423,5.725343225362245,1365.4024883119453,0
73.95181905764515,0.1202285162571451,4.6782646740845095,1647.826000250524,0
67.10121953963119,0.1948152597151096,5.791428861115271,1542.2479409821067,0
75.93457835512102,0.2164147912588947,6.030504420663325,1458.0961922532008,0
69.26425227037562,0.10387716842085706,5.512122753885713,1497.3986526086417,0
61.344685050294935,0.09306223326827025,4.3504213658173505,1357.0880729997248,0
66.77369766471249,0.2357909037178742,3.9993346348124765,1592.5857518326993,0
70.67621587027459,0.16749145189036613,3.852741869331811,1344.0311686765028,1
77.28172626931796,0.18673272754703985,5.8823285613610485,1540.802222531541,0
68.53177462274277,0.17122458674393412,4.892159910239854,1352.926227620136,0
60.32641031008315,0.32164807214105695,4.520622564375321,1466.8793523904592,0
70.45393346637455,0.3009408928316,4.894334278768887,1599.4151097816714,0
70.90764832045242,0.10101170479686655,5.864496967163334,1369.2838326686585,0
71.48670103122203,0.15737654295356424,5.62299182828764,1488.1032879825088,0
77.35897212763544,0.26800034143756746,5.3508049245670835,1550.2216540581749,0
78.15138592071919,0.24815489896825937,5.510308845941124,1537.1335600275509,0
65.24631302094667,0.19668336301361716,5.144137884397559,1505.614879982269,0
65.07085233560845,0.10899198360286118,5.24169044583714,1539.6610809870558,0
61.67841031235621,0.14539679630771635,5.176820184920838,1451.1340835516569,0
75.59052536224381,0.15865859459629683,4.999951003497957,1654.6236684266398,0
81.59056086670172,0.22215954648952807,5.602699107065026,1371.1505717686532,0
67.47934457672861,0.336298172375779,5.289025684960316,1592.965659546302,0
68.06855548220005,0.14504958121694977,4.295427975114434,1515.1595629426813,0
81.73426045519182,0.1179171801955808,5.423099508418122,1549.368738509148,0
74.04446282572006,0.19131308185376455,5.197797653103444,1563.563681406699,0
73.48988563840844,0.2825391184411247,5.489130775132079,1544.4502882770594,0
60.47266795221019,0.08424936265914375,4.9166344691079775,1435.1182591552824,0
75.42982455423535,0.3162907320699958,5.649392251013726,1477.0984248408975,0
62.56690927592194,0.18623749103074644,4.950873159307075,1383.8728266352934,0
60.92783851252034,0.1412543998149301,5.579103749280436,1476.1203419190863,0
67.2258273858663,0.07198485705902724,4.6348227872395915,1525.8015195846754,0
65.31365821241047,0.2565216618736502,4.690196756720838,1548.5702620285363,0
68.22720244491968,0.18630630438067722,5.4816420185681,1531.3147475995409,0
58.47214692380065,0.21365643862036054,4.734581285004205,1359.5928206855892,0
77.67053045174139,0.1279350607190909,6.764626155798529,1455.0260854063417,0
79.02149035613144,0.1744723172599181,5.453155989423221,1447.0200408505978,0
54.421260206873484,0.16107350029162099,5.01993878892336,1395.1865653405314,0
77.82766244533241,0.19195255156974342,5.65592062140708,1433.1253279116993,0
63.51577096142699,0.14643581388993515,4.615455672018786,1500.1023344295609,0
76.85580429586228,0.07726552314502229,5.738411855386414,1613.1030816622742,0
69.45242805866867,0.41827997962372854,5.716188173330826,1423.7548536632803,1
70.23020451264799,0.09092766021299888,6.0028272462236405,1409.6908451995441,0
68.51921880463026,0.21451672055540313,4.647352374921138,1452.0422045084356,0
79.69703363386789,0.058237773726076636,4.021813396689804,1526.9973109668888,0
60.08329589979977,0.040236205070562026,4.5118762886379615,1597.8966312286834,0
74.86272270988007,0.2078261193481814,4.774695587221802,1493.0792873848025,0
78.8106413191164,0.21394940702146428,6.333769280681404,1384.329700323839,0
75.73072064432328,0.3009199192641907,6.756009623302199,1401.353373737596,0
88.59759131458733,0.23196374728125646,5.275729843715186,1515.0625110927956,1
65.76842589820241,0.18801514250033674,5.007512486414879,1579.6203515740845,0
77.65843858074825,0.12403198047479967,4.720073735620631,1645.2593539873026,0
69.15127491726864,0.31992096545868387,5.659752280168694,1405.407933207781,0
79.86724861082135,0.2743080996840179,6.750865113593214,1511.1819505027456,0
69.93848803422904,0.10029364178012604,6.428680712950618,1417.6123970203842,0
66.89699374510025,0.20303709825685085,5.910381290084667,1428.10986595323,0
80.44857763097303,0.21152417852211974,5.898642024891085,1421.3350614180126,0
66.06750448784857,0.17234770747154649,5.665847909003292,1473.2591068180373,0
58.69819392879555,0.2617480388645436,4.962167483433172,1429.4176731222024,0
65.86522493460937,0.2665386510678542,4.410761421967363,1698.3076845546773,0
74.95226357270826,0.18476114417559153,4.9833487285376465,1463.2259373371462,0
81.13631001269673,0.17753046033618733,5.337871681705082,1579.0222488687593,0
70.8890350023721,0.31991667701340254,3.837092881025364,1447.237786029216,0
80.54557653787221,0.274627111388979,4.877639416507033,1678.6592423894583,0
59.13460062817925,0.20578883119267077,4.339254116326981,1527.1251985135063,0
66.45389228145677,0.06966327687359572,5.8110729288545135,1566.9545383622417,0
67.69139906276719,0.22752000850440288,4.560233278274631,1452.713799231525,0
69.08352458021984,0.2558466771934135,5.26257626558479,1578.1152484081902,0
70.67275510600157,-0.020361730271869827,4.439983765651538,1526.7911220654335,0
75.52728765913754,0.22014955586544205,6.278159460768732,1469.6817963299836,0
66.44154529463607,0.16666464105634118,3.6393944507723317,1413.6086850856295,0
71.112229495625,0.18233165758963588,5.380672301475173,1480.996519122434,0
69.63901687740758,0.12740952377893436,3.9781938652480537,1474.1485217102027,0
62.5928807688708,0.18814485676770865,4.59253387961212,1569.522262126914,0
69.09066648734851,0.3113593260945065,5.1649493629476035,1481.420090752187,0
68.85072376082306,0.16428812009475877,5.20428562505347,1346.2765037372412,1
68.67935547997563,0.2772458847034547,5.18341347287633,1551.6944038802544,0
70.25407565265161,0.13549350248963118,5.1213993127804,1603.4533265550633,0
70.60538832490708,0.26070049541248314,4.486524590501246,1366.7146011977247,0
66.54163856714136,0.2001324684497561,4.868757341528951,1644.3784490716844,0
80.18171787177012,0.22816198630314247,5.025307212943132,1611.7321442522682,0
60.644154966375865,0.20057226048779903,5.156288317407106,1449.5295467893623,0
64.23223913224084,0.2513300185952967,4.9474556217544094,1410.6272314545884,0
92.23970899378844,-0.005406809434700649,5.583672336787564,1584.2381965540173,1
61.69606916008616,0.08641397492339445,5.074709576120754,1390.4280656369547,0
59.16996260232193,0.23336643984069158,5.161060774097291,1446.5327537426074,0
75.87581396000974,0.03651693168830114,4.693878121350786,1394.7896206794971,0
53.383041169809005,0.15755357154822328,4.158046458708462,1500.4726247584724,0
68.1178087202205,0.19565273271706804,5.123223144585976,1617.2148114697702,0
87.16659940061191,0.13374878899096826,5.965956835170351,1529.9933467481062,1
57.640512622772796,0.1446750877844981,5.355088984584331,1581.445959897826,0
54.1442841140903,0.2217265760122874,4.3460048470281665,1471.8558019572254,0
58.00655038433841,0.2807435964623848,5.6517920206548835,1507.7842263489476,0
77.18687654677589,0.1233240494996154,4.731906345764835,1401.8849788280377,0
78.9982137598865,0.15399534430501038,5.57172318438423,1492.2491257169347,0
65.89928962417193,0.14149912213383642,4.704963308083071,1440.3223912274766,0
75.46569923200855,0.0062896198498177125,5.282645151861896,1487.1783761298982,0
81.12204262009591,0.2113369432254007,4.585202130700523,1481.6790341905623,0
84.2987713154386,0.2747774196662794,4.605558002823733,1474.844809758879,0
68.02931775056122,0.2813314565852706,3.7469877063234085,1668.6045599944139,0
51.588226258640105,0.1303386898847409,5.409659855328928,1641.403572216954,0
63.432968620722505,0.0998641561183886,5.29613570785627,1613.2913905233395,0
66.58556644051794,0.2017284438073348,5.341154173008754,1643.6047173997806,0
67.92848962737287,0.2663418949253174,5.220264448905449,1613.5442119422294,0
68.49712479193025,0.21238803586483074,4.390199973341358,1498.2098132711862,0
78.95115678344536,0.2231443708699009,5.772719411594864,1490.007231596865,0
80.19542741350065,0.2913464742188987,5.794223440073816,1518.8320200416463,0
68.62661076860174,0.14086907526154374,4.369410027863534,1483.145206502767,0
78.78787900841455,0.18240239306615763,5.425699193079966,1416.7963694854038,0
72.86129093304872,0.33076844094089614,5.699992948294382,1523.7284204437613,0
70.51604778290057,0.18425511015218984,4.623921381325022,1374.7103133157336,0
77.25235325687972,0.09861304272267431,4.763171448604519,1511.0113312365088,0
70.57801638590333,0.14645151229997644,5.427290726569429,1420.4181691939084,0
86.46248941678209,0.12494561190230064,3.791736184468559,1493.5168903703438,1
58.49271066564353,0.22857300685610166,4.1291862227728,1515.2962754031307,0
65.87863280726386,0.1283242397128977,4.20817999370435,1471.7717222877745,0
68.9878488243684,0.22168274022889958,3.5629469081396037,1368.7591309703475,0
73.51562152366392,0.14111478251674803,5.867951819349985,1404.9584933240387,0
80.14368389682471,0.03012971692814176,3.4094945486466663,1536.659489734404,0
69.80481146211075,0.22452958295855377,5.274488530745093,1455.404624492249,0
58.622162803950346,0.2118770945237511,5.649346715804176,1544.8679802227516,0
76.74011117164004,0.24142062525670727,4.765123236469386,1500.7761033305255,0
76.03967012913571,0.14616102246677948,4.465305900215004,1484.1734487111619,0
54.46513072496475,0.13763644197124988,5.186273960589311,1527.8114870497222,0
69.9695669306336,0.23211734867852366,5.001466400475585,1446.0082342484152,0
57.27886535455762,0.3215215658024785,5.8028038899331325,1532.0315934458467,0
64.6827912199835,0.20089344076050622,2.897183087681634,1466.4394334015713,0
62.7775285842976,0.2339668076837716,4.265034019081497,1702.9028447231549,0
76.47411758593589,0.17427298524594342,5.449261507132844,1409.2851506291133,0
70.93464139337748,0.07650955825010523,5.0403579542195684,1471.4201095948765,0
59.71527199395178,0.27739435353232467,5.601627327357494,1474.6474402437957,0
77.04052770365874,0.27267313912689295,5.20961598099173,1391.8507551151304,0
58.52955340857268,0.25686192201401553,4.89221034940695,1558.0650071278822,0
72.64091032376754,0.18544436493260652,4.758169245525196,1465.7020735135534,0
63.48791464566755,0.24776448797908326,6.860044012700469,1309.6177422659894,1
67.07458333975585,0.27150094379102646,6.227957019225209,1555.6102857236267,0
74.03416598430707,0.3296126947965366,5.396404078476177,1449.1064974917715,0
74.17159519247623,0.2790820883717954,5.062771114758732,1491.6078861664187,0
80.69575258844768,0.20510569800269113,5.430506039482747,1554.1458063884686,0
69.34197040262838,0.09533973956605028,5.661467774298327,1470.8234731982309,0
72.45160690370673,0.21245266381373928,5.335061348563608,1470.168268847473,0
66.49810142076541,0.22052619166794463,4.398895901290754,1697.1761587457731,0
71.45591906098238,0.2567223820254643,6.427608614179609,1327.700340149206,1
73.51588838406809,0.30831134874587407,5.196966582203215,1397.1227610696444,0
69.213521220365,0.19238795903545766,6.6111440243118516,1412.6351252059644,0
55.569996127260026,0.36807897518504895,5.149717989501867,1643.1218192727208,0
72.65176717064716,0.059257038396753836,4.8034773182995725,1448.430935516636,0
72.91649181884365,0.23354734979693004,6.107312099237171,1519.2167099876535,0
64.55861218921639,0.13611836862527776,5.240949566462214,1462.0737437662142,0
59.724903711419884,0.047422240024895784,5.106738107607431,1548.256027386471,0
81.80703320403173,0.18385804989606733,4.039708635485924,1498.9829161830805,0
73.93156408715521,0.08342618412632348,5.528174244108662,1520.2479356959657,0
68.16735175262632,0.18708576815737465,4.605351693635273,1602.9797097042544,0
60.9037369348201,0.20278153984755656,4.6417670327408205,1535.221571747917,0
63.425481372629235,0.28948331274687594,4.607560923675862,1441.1946098034991,0
80.42072317428985,0.07939318921888501,5.351227067756242,1524.965363927086,0
71.10129552694437,0.2726756132516618,3.7716989811394477,1693.492219867831,0
65.59530346399434,0.20784643602238353,4.831323725819354,1545.1976375203005,0
74.07751384979724,0.2823079322887676,5.784223192887502,1512.1527723983202,0
63.48481450042941,0.1654599059975098,4.003464904527994,1390.355763779144,0
82.00674424224303,0.09342043305892438,5.138303168747668,1557.9534824531963,0
80.8224042791738,0.1026000539027307,4.494880463783332,1569.7781504145375,0
66.26740743037779,0.09665540370663073,4.677045504427493,1525.017851742984,0
64.97063802375311,0.23822513223365244,6.324121808311926,1509.1275295275038,0
49.05493441046176,0.31815376177717597,3.679608653163993,1726.6031744939148,0
58.14735382758906,0.15480387786758237,5.612504270537293,1568.4342199299526,0
59.28424180033795,0.25033082386062266,4.61765738497823,1599.202260947437,0
71.08152272789908,0.07812463534915041,4.577868811883466,1505.3505723537457,0
67.39013036446913,0.21442569993418392,4.1107501260093855,1489.4724465569554,0
59.23731610067807,0.25348500930697015,5.603119709818909,1550.5679262161714,0
67.75068766028355,0.08415001797785053,4.846876306972787,1489.3965710237655,0
74.0426971811788,0.18368932248161166,4.745864468964278,1495.9652812257523,0
74.22271479932469,0.25727337123884525,5.08786954336326,1537.056454549949,0
54.80263775312895,-0.034701651778358156,4.86377029940656,1458.9752123506134,0
68.97389215612935,0.3068362449361394,3.3994496961971805,1517.6327372047695,0
58.93327378422712,0.22829435007128387,4.607340653618113,1506.406731722084,0
77.2138295771222,0.2573382118173874,5.71635271275866,1577.3620509963228,0
76.27317133082799,0.16698245766441885,3.7947068287101535,1451.0948529478342,0
62.81578218940433,0.062182201474771576,4.128049680114916,1340.0054475778031,1
63.8716383807968,0.24272503650535615,4.658566883681179,1475.149206388586,0
66.30986359601354,0.19339277396667903,4.419501265090286,1531.7828818179798,0
51.97765284214928,0.20256923643458566,4.977691614286713,1577.1285965728189,0
72.68774538752461,0.2870085588159163,4.125538598657007,1444.5725597782548,0
67.81724362927895,0.26096510990900784,4.689716380952501,1543.367988771431,0
77.76140066054288,0.35369899336716903,4.961604374720532,1590.8123492494426,0
61.212726256299575,0.21230833830987994,5.519152332966377,1560.1000530484391,0
65.04701641400055,0.14470300497671063,5.995831508879677,1436.74919172434,0
57.94779793568708,0.1849266522473019,4.790762276917248,1445.3418900130105,0
61.965675492045975,0.23325306980308852,6.510448192996661,1534.8002759739716,0
60.54414403145425,0.2812685215194382,4.852876335564381,1630.0272249700079,0
77.96778943077156,0.0826372838849025,5.663100118605224,1501.1332127505937,0
64.41390520998885,0.20068300921433352,6.545206187781424,1486.773782453634,0
70.99340547795691,0.32876333256306955,5.111446727388748,1390.4306027909668,0
66.95389276910556,0.1807832903197984,3.9011787027379716,1470.857049614064,0
59.844277871897496,0.27448094838952836,5.072723085766105,1442.780947686577,0
68.65359661462686,0.23944940217728042,4.510685689436071,1502.1759499346326,0
74.79282665490875,0.2764688485219984,4.780454378422038,1378.9740805651866,0
60.337924859653185,0.1352191566720054,6.587981505996172,1473.7127636485031,0
76.47290232585102,0.13556786639475354,4.021789261420899,1419.285252339105,0
63.20223262817843,0.20162175136978305,5.2403734578446866,1575.218344467108,0
66.13612859141728,0.0774222570207751,4.29782297574262,1431.2662113698814,0
74.24546498408039,0.1784207514710674,4.753873647039269,1454.2120609880205,0
64.6925107422441,0.22023013260125338,5.595873868163587,1522.5701220763688,0
70.30059887468693,0.34277084855598183,5.254531154778419,1463.702753799686,0
67.48247336969526,0.23221745514158576,4.819974184830729,1688.756209798906,0
71.03494405363055,0.2500182776698482,4.480159739788298,1574.4412125823537,0
50.95408715581202,0.2931580677640005,5.252862553722891,1501.3765262651375,0
55.362545478335335,0.12282739288839548,6.366149373722696,1529.4481108357604,0
74.92773604837471,0.18679338701032117,4.278918445901101,1311.5661449891531,1
78.2974512451924,0.39403300734431146,6.529331108366218,1598.5380138968396,0
62.71610637174783,0.19367022220923932,5.959597960580121,1540.9517335813737,0
68.04777318263092,0.2893144599025766,6.0954826940622135,1494.1473741658062,0
72.35775402321842,0.27709903017384857,5.2467459047436815,1545.2679746203537,0
75.54574081326963,0.08175090284898487,5.936903820407916,1555.0279395074244,0
53.778581826633214,0.22483834216047469,4.192934974039499,1466.6901986131002,0
62.911678024172986,0.21173979777641808,4.465564873721191,1530.41296329294,0
67.339364961201,0.2263967030272348,5.612651051136314,1583.897963318936,0
75.6251215778884,0.1396710016167152,5.236676044179053,1536.3918194561772,0
89.98744386977197,0.11064643904702728,4.881296593201784,1479.7915210210128,1
68.17595418552226,0.1619191999983319,2.997912887514062,1523.7320609326293,0
58.74418030316809,0.19217640023326377,4.651620761569463,1610.5791250898108,0
73.21814461761038,0.2947987558080253,4.060756975761388,1562.718075281236,0
80.56796631632568,0.3453848655780486,5.394827449049202,1406.9546276582366,0
70.86411296783601,0.31172782769785423,4.847065177146211,1546.9347051369937,0
62.74681163876566,0.26881481686254755,4.497359564666796,1536.3326324153486,0
77.66395153184015,0.11965277901603283,7.114328386099443,1593.1290818969255,1
75.30836494798749,0.16728830600084038,5.830539581355388,1502.625561034384,0
61.79135324643501,0.21679408419303983,5.844697713084847,1470.4527766881051,0
73.05140494027474,0.14940487695390603,6.761772115745738,1390.5468148434447,0
77.97812454127099,0.24617645220223608,5.6417534261464874,1444.432447440697,0
79.45512034047115,0.257638888660343,4.383236792421707,1596.6356455801836,0
69.46840819752435,0.2429032050052375,4.28968291864661,1515.8365189359345,0
67.13536443056545,0.28201076836460653,5.771922207003388,1492.0169749258419,0
79.8181905766501,0.1276327029029541,3.3525165761798585,1603.6499026074043,0
60.318715976152916,0.27462629632737584,4.937776295192347,1587.168197387679,0
73.50863432736804,0.1443483639903843,3.2631004979548415,1441.1403557097592,0
59.03978698108457,0.12472512378856918,5.079074806711605,1596.0797066901068,0
78.52301017807682,0.24256929073491054,5.683256200569563,1367.3135175456691,0
67.9356358751107,0.29726988497591844,5.223532427682906,1536.763595352034,0
80.14866588517975,0.2390410789100808,5.750487487176478,1527.3046717915095,0
73.93130205084421,0.20166432190180356,6.571861553327932,1591.9825530110763,0
60.21423815950456,0.22481230608812058,4.885169250190393,1530.4809340996405,0
81.39702185661795,0.21091415344538242,7.246120626623105,1480.4351840957593,1
82.40996213142184,0.10992392830916849,5.170135964936124,1486.7549807159935,0
77.05829194079372,0.10059038840440679,5.759332050152287,1715.4599189394628,0
63.90729707971024,0.19369392964212362,4.511149828347946,1506.6112358385278,0
67.55188836514073,0.20638854686154431,6.295451183704546,1547.7660553558044,0
71.16341773924607,0.20090659026941873,5.833368158834103,1338.3070592027584,1
64.37031680534854,0.2540881290919931,6.177161042054398,1433.8114481476255,0
83.53877257970564,0.18276186270685282,5.0436035374191635,1541.50144357049,0
71.1546117738083,0.2450383345523885,3.995665948493368,1370.8381981182888,0
48.37321562314114,0.18843305861388418,5.368317951700325,1543.9519066933801,0
72.71484650204977,0.3458687169629173,3.6423841493411873,1441.9899716465811,0
67.21474082546149,0.20645709813811575,4.731051357102438,1417.291895203562,0
69.40058755105241,0.3872578089220542,5.1528643493058,1441.6930997097418,0
67.0510450737144,0.22816092728726917,6.901779434008614,1622.203108651549,0
76.4563713328535,0.18290582635294275,5.254838889553552,1526.6734337192222,0
78.95750222842705,0.12804416189922607,5.111629975266432,1427.165089779926,0
72.26442529806923,0.08456891407538453,4.9495740607717655,1562.0271881846486,0
67.28551050289472,0.12068461724830747,3.926327276187986,1566.3790675273497,0
69.66930236152663,0.12963149526688084,5.068660672010406,1469.4953519357887,0
70.15679693262102,0.23158560163297415,5.082306140909418,1576.7338900076259,0
63.580559681081304,0.15790677031518502,4.225113203637026,1580.539970847859,0
74.63142918856988,0.2149541642043598,4.050603508457308,1568.1065573877386,0
73.68033859088374,0.3025582689901349,4.614743453785813,1446.0998373408754,0
82.32352991821338,0.19297533186921173,5.051946382858154,1405.6758485779342,0
80.0427982423078,0.3663325358773444,4.633956654894833,1364.5706140639231,0
64.51460065927895,0.10593512157286418,4.159299640278783,1447.558828868196,0
76.56238699607172,0.1879533161300058,5.2314178016034445,1470.5751233304293,0
62.392372935244225,0.1568549661111217,5.431093459335383,1477.0851131105862,0
75.5674568075268,0.2749205284845606,5.097038167377788,1496.2237183398768,0
65.86708640991914,0.020816669570710322,4.549613828898453,1638.6390839368078,0
61.813974212995326,0.08455077686577511,5.475872816985807,1472.833826141474,0
72.24036274157923,0.191412254203923,4.847570168218415,1496.098070672826,0
48.60346297476687,0.3241102176807595,4.04873303412388,1354.5926528840341,0
55.99219540475818,0.21806734672298458,5.828995484001119,1678.2377171630433,0
68.58006492980573,0.0918762036588613,5.282806415413192,1394.7274079443912,0
70.65953413307874,0.10422667258478159,4.904567755443408,1443.4516236408515,0
67.04544983873448,0.33383917622759623,3.7431582361322198,1555.6577637496132,0
57.36450961025921,0.15030921609630074,4.40411177669183,1519.6953950574539,0
63.45686526289195,0.12456293020401889,6.614852569906342,1631.4549016239257,0
73.12967461789916,0.3181898048504689,3.793326350495442,1557.6010924582006,0
74.6542541650269,0.2808877604469593,4.798920576286646,1493.497275900971,0
69.87021505923246,0.30192477146134367,4.986931390117104,1583.5267095075487,0
79.25467024829591,0.12399664957873469,5.256381431529244,1592.9046356694698,0
73.17917618767387,0.07799154871885115,3.8022632513388688,1447.187299089429,0
64.0203547683343,0.21065331914901647,5.13934100512368,1577.0423508931392,0
67.75598357270707,0.22681009064589314,3.651115630022656,1482.2191069841272,0
58.77707074233716,0.22916814429638654,5.077943036956409,1491.7217673931598,0
69.13488807686866,0.31825471485112017,4.4780816647923345,1511.4346626423126,0
78.89680495377071,0.06129863279934014,4.307304586465752,1469.5375302127397,0
75.48232067768774,0.2687756041038213,5.667853726934069,1465.232708173919,0
81.21607460735298,0.11226999646821459,4.811515005308895,1578.7776678598952,0
67.57691804960805,0.2684588256688673,5.378968643926057,1377.6848875719934,0
80.76879835611406,0.16200346363828982,5.405461529102254,1415.069844363265,0
68.45356618841625,0.13488225632875908,6.015962791164082,1553.9787186488393,0
81.77268066055915,0.15120778344406383,4.03339380670318,1494.1680432672676,0
69.82514602046301,0.08435118393787501,5.735212530015805,1579.3210121618226,0
75.65785099043421,0.2032343151866774,5.013169297950437,1528.6345822498765,0
81.80089891447885,0.13818612874716343,4.697500335704325,1393.3036272765078,0
68.45257897135035,0.26290385847202224,4.080599584647774,1505.026753542207,0
71.74711190035339,0.2512044864826334,5.485272689234289,1542.7638240871374,0
80.31090740165041,0.3350525642322233,4.262220382932892,1518.7231726826656,0
68.9359746885595,0.2293061986832862,5.4142452695817145,1462.538066109804,0
59.43286173995071,0.2416542213664059,6.542264618373705,1478.084774390384,0
87.14405643667928,0.3120079849462251,5.783981632287462,1455.1931875391397,1
66.2418842853029,0.1497869843178643,6.113147460120519,1393.9842334719056,0
71.27004840750034,0.0809393429741574,4.4247961782199745,1382.9808348121812,0
79.24805335560902,0.2160075247302715,5.610186436905596,1531.2016764875495,0
65.13204877015039,0.08618932246284769,4.084628035890887,1430.2833307576877,0
61.93705669422296,0.3963150938340312,4.8132136779403085,1546.0478741961647,0
72.02989837419867,0.31643986336631547,6.393017644975296,1452.3946010038776,0
55.655388816700885,0.3731181066641265,4.5137262348588125,1394.9481130628042,0
67.69675138505664,0.20499575813305035,5.889084947338475,1467.3645091820363,0
71.96030931452324,0.24404588749612785,5.812517386399772,1667.5499977934442,0
67.84038482539869,0.1632419654437885,5.859793000176671,1492.3511376653576,0
57.65239245451402,0.2706339844469402,3.986398419102982,1551.6693334665786,0
82.7534236496321,0.10275654303591546,5.420160772812544,1513.5043047939262,0
70.8283052315934,-0.00344745515798231,4.874721147266509,1387.584157106683,0
81.44921694209393,0.13674315044091467,5.87079748602329,1615.9170596818535,0
67.91970999855644,0.08356212195061474,3.6759996802185237,1480.1742552140852,0
62.95990414647389,0.31823413889276286,5.294230311252482,1395.1589948225044,0
72.15344736204128,0.3452541964064253,5.181100162272053,1459.0213193245331,0
68.27370298937424,0.08776567420695114,3.4079066102008517,1483.5004724020641,0
60.577908336069136,0.3033372486016992,4.2916637151240185,1559.958361880098,0
81.75827407029996,0.27611079868006166,3.535878229506519,1445.5389455511777,0
65.02183821684804,0.07441786522248992,4.418915758461675,1709.6276479987146,0
55.27786892163545,0.16877859752547056,5.439373667732118,1425.0264813993115,0
80.62532843165866,0.15358690223003843,5.156292460518886,1548.9595969784823,0
65.96561587349902,0.259839631890176,5.135520064474839,1342.082180687071,1
65.13740885907501,0.1016976519275989,4.168201512854894,1490.1041066992561,0
55.87689930376021,0.19209018994724142,5.896360393208425,1529.3787423457693,0
83.92753189277593,0.14512523968403057,4.984944257310928,1410.4333396941904,0
59.6841553023225,0.23786729467081147,5.026963049806007,1619.9236384833337,0
70.46759584564519,0.18265663746496566,5.752319655156905,1534.7581320947336,0
77.30096258032353,0.1571803436847684,4.20692340184597,1474.5887628122857,0
73.37373546402478,0.18293627394943376,5.182838215897538,1533.894200130238,0
69.52276550406246,0.36288342662720896,5.338769993281136,1452.5348670450574,0
56.38667313370067,0.16664802911044888,4.5635454797649215,1600.110392192606,0
63.52220131386173,0.11671958253729704,5.521898704607821,1581.223888145774,0
71.50240270434017,0.24667468553247723,5.381698536503654,1529.871205368599,0
63.70260744010403,0.18851802644616347,4.91905863017806,1548.9353637998338,0
71.62687567999014,0.0867812855306822,4.894279287892111,1381.8243031919026,0
75.45394727052113,0.3785197068161973,5.418838126297044,1617.3556085395571,0
77.70002308640082,0.17180168435306817,5.630776832010552,1492.051374298776,0
60.19056513749853,0.1697704436830919,5.050319933925312,1582.0036519540881,0
87.57316843983163,0.2127868281526478,5.896151568325477,1559.9873778819758,1
76.13983475643305,0.33840934153670715,5.526820769944466,1580.7771814035098,0
69.98628677064748,0.06562037387848035,3.569228840218548,1416.1789639792837,0
78.71629266461312,0.22207886795364318,3.8760826419662857,1426.360052614727,0
88.92326217599978,0.3669817729434902,5.945788175217329,1679.8619815056456,1
58.490239191545044,0.21029829445917186,4.802581494823282,1378.4526341206115,0
68.19789886006917,0.10117328165572163,5.1313406582379795,1412.1911717193034,0
50.97254672101337,0.1505282517631478,5.911432414127316,1503.4595197278527,0
71.5412122611842,0.21655060238054324,4.994871026102527,1503.5983781862888,0
72.92315393540113,0.30646431325118895,5.029814087671479,1456.798553829402,0
69.68670307645793,0.17285313244671516,4.305016613766616,1549.2863097535417,0
64.76373143201351,0.26613214379459454,5.295995605782016,1572.16667500804,0
53.6038838704934,0.08517049383624888,5.469209775173459,1498.546589367296,0
72.98826946729415,0.08450253043239564,4.537694530397715,1478.5208112249284,0
81.64347587132261,0.16137594490520404,4.262382897355306,1498.2190248307884,0
65.27185235413255,0.315042297749861,7.101031404156183,1460.2111366420465,1
73.52047943218516,0.20550997116110153,4.925673224121374,1364.141044624892,0
57.45484549263959,0.22318489564532956,4.453046128312566,1524.0739549606037,0
73.65770450954011,0.22224636764588218,5.56526915623381,1561.2668570998433,0
66.85294161804275,0.2887366386069385,4.959364771817686,1487.6858177340875,0
63.90065639517668,0.1511823445969717,4.131386941390318,1318.7937454475546,1
63.917090870270954,0.2550628086790586,5.386442857321156,1454.2627963742598,0
66.85110734373592,0.1335293868915896,4.317503224739345,1572.4577657494344,0
73.05946652554029,0.3586618124736608,6.261166401724507,1384.9401189970554,0
59.502694390435856,0.13596871165626484,5.395603703801922,1555.6707217682977,0
66.82307734745717,0.12940885575371036,4.778495660379133,1464.3667097304183,0
69.66822577600682,0.243973585079044,5.087477614417691,1498.4979879460047,0
61.207686203745126,0.20638307451458593,5.722630496878555,1445.1280391372902,0
84.37332161340014,0.22614819250087476,5.148769002848639,1409.1533992305642,0
63.17203615950927,0.21818510363938545,6.697687565786839,1614.7397174616297,0
64.64450469093208,0.1127686240954049,5.90869401311642,1565.2671226057191,0
62.173536401420016,0.32906871432635876,5.390085894048897,1551.5776823601632,0
84.38784069710493,0.27148337647112875,4.250411301193212,1572.684438576153,0
74.42324182879585,0.3087159961013693,4.882489516878407,1540.2171897841997,0
62.50726395005086,0.15773352887116607,5.383099976041962,1575.5305004624188,0
78.84985247087975,0.23332188357721373,4.341710867393489,1446.8879403215667,0
71.60558955431102,0.2157894769787753,6.03474149997036,1610.2149509823237,0
72.05802736889201,0.2902402100961206,4.220674126577568,1603.0744847629865,0
67.24418232998038,0.2928198505463695,4.490219441563278,1530.4385574014352,0
64.00467210434421,0.2154440642366492,4.550160652084095,1476.960436169196,0
72.70212879243681,0.07856390945253987,5.595059568506507,1402.1176625080209,0
65.63930216003527,0.34237295096701514,4.356050906263381,1518.2926219363355,0
84.53404503660084,0.24447899469521112,3.560018743664756,1634.7932143734452,0
59.84567115805517,0.15132503668870864,5.870431068609371,1407.1330261319201,0
82.28925418283956,0.2325233710613356,4.644490971915551,1581.4460118820484,0
69.1094492096176,0.07911251612379813,4.14519389427845,1462.2848900874756,0
72.39268587216884,0.2844282453976835,4.396113157437968,1469.1121772147778,0
76.66526213303548,0.08230306045766776,6.3734101993474805,1405.9632806989705,0
64.95800563996451,0.1823332406370334,4.474365042181671,1439.8005658746422,0
76.9139870775891,0.219556355968444,4.901305515698478,1551.7425668448918,0
48.339649156950586,0.2831071769585675,4.642465310171187,1561.6902055005414,0
64.24008373422448,0.20852357411474992,4.0138699652529946,1518.8686464861285,0
62.60749754127148,0.25079702988900404,4.405825150202429,1459.934970819212,0
59.9719519010259,0.19774664732403577,3.959113274394804,1411.715423821421,0
68.2803612953684,0.1974251239244574,5.764705020544572,1504.9406773448181,0
73.08599974545356,0.2068381800278638,5.080703251690877,1470.8036556626705,0
75.62127998799444,0.18487536633181004,6.986142209739457,1516.8945137949945,0
71.92701405760326,0.06507438055348516,4.432871420007529,1474.3009840143734,0
64.67445228085163,0.13853412050426975,4.312911803083504,1476.346817065163,0
72.95213150260133,0.21958198728893588,6.227007814684263,1512.716854888997,0
70.99428555880681,0.18007031972090248,5.846381625654508,1528.1753971714977,0
77.48844934348813,0.18753527342544749,5.3078120174168175,1597.9137032078188,0
76.21549362345213,0.17413170644490278,4.109046787929382,1473.0409332740246,0
70.24381131136504,0.13091212858145457,6.395997014182347,1543.639561364182,0
62.82197595070995,0.1605520431218965,4.9423174721837215,1644.289764722566,0
64.77639875334336,0.17545346044891244,4.655459897203971,1545.766105938205,0
65.60168512289573,0.20041145124334797,5.914367789534624,1593.1400794851984,0
67.47786932866995,0.231470267557577,4.982163902997016,1450.349812858502,0
72.14440342071802,0.18555597672914087,4.067463931494494,1442.3715487721324,0
75.72139512102447,0.11762757954460645,5.032242079598865,1487.250069729205,0
69.59105045587698,0.08815343680649736,4.374920958743389,1495.764809182901,0
70.12899830320377,0.40779497659001795,2.592527085853461,1585.6659613692755,1
71.14645044000002,0.10961479757883497,4.294631846279894,1441.6252840654915,0
65.87275749494128,0.15850999989884937,4.577811543305719,1492.909767184193,0
62.59686193885635,0.24136002420111483,4.075483912565561,1585.986019761057,0
55.95649682151432,0.22886884876525448,5.46019722569123,1517.243486671894,0
64.43880513538502,0.24166925540492581,4.3780417941369745,1499.1346423756333,0
73.78516362614229,0.164582634437426,5.382740960667565,1519.0798097173545,0
64.37670849568346,0.21908464565116378,4.013344210905348,1409.795799879131,0
68.09754370059248,0.2049074931392691,5.727375136866031,1408.4997508606432,0
73.73145029929853,0.17502949059669703,3.978813978666807,1372.9428998693113,0
74.16551597138135,0.21963277934170722,3.1267756724871414,1516.5345429895683,0
61.363737182671684,0.2844292437400565,5.989810068130582,1573.5083799874412,0
77.97647485162913,0.19822398212517403,4.315284957015063,1561.2469187683096,0
79.01880071484388,0.19875622770851403,6.405543246559526,1591.490239405185,0
60.961201142251525,0.28545288279007874,5.451673520966456,1616.33777752431,0
63.40930504287077,0.27690882878550505,5.632210654705003,1511.571790759053,0
79.52872546516953,0.3267149152770787,5.836378000372858,1494.831382578116,0
68.8251718299576,0.05950158124163385,5.0901434769992555,1618.0771755873968,0
52.24177642038519,0.27240953465355117,5.099244334270831,1443.918784265833,0
58.80254796213851,0.24812640363217436,6.025072019355447,1405.7173903693401,0
68.00504299862016,0.12914780817973878,5.089086796558479,1472.8896437944718,0
60.69565879772318,0.2201270334399076,4.417458522562712,1463.5405352532628,0
66.69260983490847,0.2840897398206399,5.468606848129779,1503.8661396656817,0
70.25916970946864,0.13366728620116802,3.309085268492038,1431.9984247085504,0
81.69803683227784,0.23540499432182457,6.055647041248171,1529.5786515810667,0
67.67636867017768,0.2697082940584814,6.072351308772073,1454.4710367687612,0
78.58033439658207,0.11431843499748097,5.958533334498464,1598.2563061084697,0
81.43008129629416,0.18861714460438816,5.927817569902156,1404.4347597248234,0
81.47447735481661,0.2240774701313929,4.932659739727102,1488.8421747158318,0
72.27803674708454,0.13630947955656364,4.914654092405582,1473.2068566737992,0
54.293686817288204,0.12966774407251633,4.016287928183315,1518.4711938136375,0
73.68659892323092,0.18919643185097806,6.398433001368838,1574.1363586261366,0
78.38719910250833,0.26413117735229535,4.6119854615789775,1521.2968725111155,0
69.35146315651666,0.2514987200953688,5.2719082478015045,1489.712704131903,0
83.95667096060198,0.13108698166509264,5.203236226363822,1555.3004030212235,0
76.87866849173966,0.2521734308092549,3.9276646547166747,1567.4419815532922,0
74.54618701722228,0.13312481790667935,3.6042599807014355,1521.5359837363474,0
78.6910456896467,0.07118641616052526,5.004469296693879,1531.0073461845197,0
72.66695881008702,0.1706285143162215,4.636995105910793,1551.730843703649,0
50.05751600483717,0.2898375497268589,4.928450512605332,1368.4858619320598,0
66.00688838823707,0.2524768441713099,5.852332504162586,1471.9355830834834,0
79.57734421798283,0.19987425541014447,5.1799553204296185,1530.098714496693,0
63.539269279213634,0.16666356131271542,5.606818032611785,1476.6714012980501,0
68.21221995810448,0.16881902911068553,5.356262529740462,1476.9482488289448,0
61.641309488775434,0.2087027924688637,4.746932645408134,1529.9921234239946,0
84.27138076161415,0.11452500113233371,4.198557466245549,1531.8115979212344,0
83.45193965934412,0.17215141238389622,5.211774294490775,1537.364748365671,0
62.92904883887417,0.1827544430912185,5.067114095476873,1436.6221230623755,0
71.17838400311267,0.0919140433238802,5.732125070003798,1386.5757311556654,0
64.55604761788761,0.13292413992819402,4.879279944222006,1564.3509425882007,0
74.91955711225103,0.23284054331891052,4.762126763907582,1440.60675940092,0
74.07746461793863,0.20076094719527954,4.81640049297472,1435.077971498218,0
76.49364457290612,0.17529905670452936,4.265018691995643,1427.859877967038,0
72.6553475816631,0.1270858049969629,6.1575279558563665,1592.0824113068431,0
93.48324965110774,0.32614798604713735,5.911703003692609,1516.962144966917,1
61.77660987991409,0.13296166282565453,4.029576136833563,1527.4018718707628,0
56.31517316450788,0.220127424580939,5.643158513578039,1555.1640946581974,0
66.85527839438831,0.1609704729540964,3.5239959488541075,1496.6103575667562,0
57.45609387551786,0.20290234341106683,5.7882313864888175,1581.0150770132566,0
58.06030183995206,0.23660877935522978,4.4429196391138595,1404.2557475216354,0
61.989482766416266,0.09037947286336913,5.287920446142601,1413.1514395396796,0
62.62248875654698,0.19947070046772097,3.4563922483666625,1408.7384427467168,0
62.36305518439952,0.29525829191838765,4.0410366146576395,1533.7334798056268,0
74.1457516035633,0.3409201514793603,5.374962373799527,1540.5134156958952,0
65.9504875113173,0.18959888213958953,4.439273453293776,1462.1934370629197,0
68.56388340102016,0.20333449657735272,4.328029703702241,1481.404932096898,0
77.15386219600748,0.37690664228812265,6.116689357961678,1601.4456480636186,0
63.86941980174859,0.2907939425279359,6.7687673690183,1444.4451043237525,0
67.88363281036223,0.1506172344595825,5.749611149455586,1523.6346233002628,0
72.92607988874333,0.15048132392911018,4.1264955426119485,1445.1427303184105,0
54.467457595038226,0.2765239569429815,6.41081546625416,1587.6779459952136,0
50.92075592839534,0.11911702959634156,3.7508541922812944,1550.2740947418133,0
72.76893863038178,0.28701814010710824,4.756406836739739,1388.086285919633,0
73.93611424453519,0.22674399710008067,5.043822213589898,1479.1359176281644,0
86.51376107881929,0.2414176611221658,6.539230275070999,1333.6794567149664,1
71.26475900693448,0.17946129572159575,5.7301273100413805,1572.0364464808663,0
76.55791773806476,0.14961401566028723,4.628993844160384,1663.784716073715,0
68.4362188513122,0.3169594264694656,4.2440349833762,1325.564710399956,1
72.37781777268069,0.18026101755572202,5.8017541230426035,1385.8321047250363,0
83.33805473399627,0.16712519387409108,4.5733128342237155,1513.3856066855883,0
53.00805745499491,0.19358903456961526,5.17339207029198,1498.5232951768437,0
73.30893006057345,0.21544177061743544,3.9041788085927074,1467.1323862555903,0
87.08469384061893,0.11753398986244412,5.45540628417936,1360.9903986199092,1
72.25627375367473,0.15481028046344708,5.390956116597983,1525.8757463980103,0
83.20458370586279,0.15055743408751537,4.0067039506734625,1571.0011081557584,0
64.96630280376446,0.2676224243685479,5.825298490297312,1727.7588359003385,0
69.7436200466903,0.12912299456000886,5.443796646594225,1604.5830337709456,0
70.2681976191087,0.0595385713793557,5.592019402224079,1396.102720644701,0
52.259271365129834,0.04263243496750768,4.6970570457998955,1499.0486871070586,0
60.6545773771984,0.08236958922594263,5.143165129029154,1547.3662177158972,0
61.22499936492811,0.30892305622784894,5.05070309509226,1444.9390841981362,0
76.57652862426022,0.20129652795872413,4.881463676196615,1562.400960123431,0
76.97722484547243,0.24009992694457621,5.136402622532676,1556.2702231949547,0
72.59229154165227,0.24291901816970635,6.005154379037106,1598.9887772588665,0
76.59282317484565,0.20449471347138565,5.859960510963141,1564.1794202614014,0
68.68680469822581,0.19401749626789536,4.054511458024915,1522.8114920086207,0
79.61545335631635,0.28356211438545126,5.788321453525552,1448.965460239289,0
70.07030754105658,0.2116796731450112,5.952914698198429,1396.5537124405473,0
70.46291237941405,0.31192779834107315,4.879057861318107,1517.5212910523162,0
67.87525893390071,0.24966639562318932,5.406757683038221,1467.693272663172,0
75.47560382109143,0.15057629812151777,5.395201333842414,1475.4242209861486,0
66.6304094670967,0.1602292780904051,4.320026706660559,1589.7432392575495,0
77.81145101758455,0.14180281548365764,4.694434969977338,1609.5139211044689,0
60.942806874271945,0.2974038417560573,5.6006481910812855,1401.1706706997356,0
61.20866996217445,0.16759592376435578,4.603342210534839,1483.165551526785,0
75.49941404101203,0.1361221762560294,5.780399647409846,1465.3435863762747,0
69.2916462833359,0.22558224329014562,6.043977952679809,1525.1926913602138,0
66.36886867077497,0.19222663149019975,5.914937473584377,1318.697784881907,1
77.12046185980368,0.22356548100601312,6.583843682535566,1383.1329611965775,0
65.14190868731133,0.3511851123115075,4.92741417416711,1490.6004053569275,0
68.39838996559705,0.2730456644743088,5.141760859175251,1562.8892163444252,0
81.19382360056927,0.20216084434415252,5.256530438210112,1506.023258996286,0
82.3131387664852,0.08732612926351932,4.951681660007409,1553.7205658446162,0
82.57918568216262,0.16000300022330916,5.433743179281316,1515.7846702149589,0
67.74299378452871,0.2568836882036243,3.631036776790409,1602.1031658995291,0
79.84562323987576,0.10631671682705471,5.163924310954015,1618.8710039065745,0
62.40837737785058,0.37127762370642836,3.898050680093683,1439.1629690267605,0
62.744777002223515,0.2011533250108439,4.229901377913937,1570.6916271830041,0
51.196353179005115,0.2039078714567588,5.5863118488239305,1540.6495638773645,0
83.38294561518823,0.1466683845633618,4.840707009240784,1700.3734516066777,0
63.08816120739137,0.23973902054205748,5.558091579772645,1436.1731984788707,0
68.98773936202352,0.10735985547822145,4.823378717119096,1490.6611575174545,0
62.71740526457373,0.3731914071281166,5.885125053112924,1417.4181093347306,0
75.56132198664112,0.3053881043721609,4.808735435502958,1422.16510143184,0
66.99493071426127,0.27874371561576367,3.4360652083495014,1530.845121731608,0
59.561464876536405,0.08876567953681526,5.180314065609017,1516.443473643129,0
73.53330051348848,0.21643306163662007,3.2649121234379592,1543.3160875126543,0
58.530159801518174,0.2967269118411204,3.837823277974074,1541.5802981959253,0
63.30075419747607,0.24744843194861915,4.293642776801144,1481.148899774047,0
53.14488708299135,0.11983127162929802,4.19383241778385,1480.596874504147,0
58.60833510241915,0.14799249957530758,4.563959356466972,1422.3361014022469,0
71.42823335776383,0.16384510895952076,4.166345741175116,1443.9076556572325,0
54.283711695176606,0.15172497324091141,3.8752378691314617,1495.4558578753647,0
58.15083420302628,0.3223023068568246,6.233468595872619,1515.7623713473665,0
69.98104867093754,0.04631894889413951,4.4574843628864835,1556.8630313270871,0
65.65114483125558,0.25247353117270693,3.215385877482082,1548.708852783374,0
85.93629308767447,0.09661573000572392,4.7112653015925945,1624.5661412452587,1
84.671172368195,0.12309988100391459,4.100215153577957,1422.1849526001945,0
63.05662029799077,0.03922133065050262,4.292025898165749,1481.3931671484745,0
74.45710094722786,0.15607564550729075,5.568273985081988,1429.1756355041782,0
75.99426045503562,0.3208585321231371,4.641473904971826,1602.1829655489655,0
65.22016913580477,0.22118593939718226,4.0779227190256915,1459.8020889442862,0
58.03566770801437,0.10413107624007226,5.357002807965796,1592.402196195571,0
69.90161240553554,0.281371813950345,5.919952664487269,1616.2228906980847,0
68.61723460148711,0.29850434108549484,5.429497730111876,1533.0749570768626,0
66.51388402423504,0.20832371848312686,3.0371555426796597,1523.4447062180025,0
73.53853494531589,0.3627799326522072,4.108008398082388,1503.0916116387664,0
63.99416314395521,0.26572512996996916,5.037958824508964,1474.6315171066863,0
60.78401961936686,0.25461220058340706,4.804560475788787,1465.0092188937547,0
70.87266376279865,0.1357297034266968,4.738179876848643,1488.2066621028555,0
73.087760740551,0.2501918788497073,4.213794645727333,1645.950271238328,0
60.58684044879958,0.21734330220835948,3.875532733538048,1416.6515828027057,0
77.42472488792865,0.24158632021368215,6.606225374250416,1516.3687379020791,0
55.83615089779138,0.14523315046869356,5.021688762511129,1556.904477134992,0
65.37509233027485,0.21024791074871896,5.513697431093934,1477.2499326926115,0
67.93593171041913,0.13465107998280335,5.005000938867047,1533.2865896993262,0
64.91021029878456,0.028229432002717464,5.037078958910391,1379.6318549853247,0
65.47951621159046,0.2798643654862707,4.95031728015257,1606.0034517052143,0
84.96859585846491,0.07980888146483862,4.103643312740454,1590.4918969152873,0
63.19292728768881,0.2085749171825933,3.788408433572602,1492.125928050108,0
89.52977377977531,0.2266401703559232,5.30898029899599,1429.6131307755945,1
73.49701423784842,0.2261250412690444,5.150273925816933,1563.4318518069526,0
70.73644109849593,0.17735367411213998,5.7506247187677655,1408.150442695835,0
73.80992282710133,0.22169691802239788,5.588288661313621,1419.6300747272319,0
90.23942199401561,0.237677365582813,4.353190245800263,1495.7112407145053,1
62.05125596854842,0.2587971852601588,5.906073047137498,1621.4433253590412,0
61.03665664850889,0.338675307150741,5.612021756123614,1551.2465484748254,0
63.96107042742463,0.21873553211985644,5.5526732558858685,1448.2403864008572,0
70.25714517571649,0.20512390760141616,6.799461433583047,1365.4321646787598,0
56.19383100149941,0.1274616827719925,6.63516701000655,1503.3216330905452,0
70.17871391454887,0.23487570591194698,5.551931013243909,1520.113742872128,0
83.54837706730937,0.2533906482512455,5.452157764670024,1494.1775934728958,0
71.21125912499822,0.18461574525746982,5.8653241454157445,1644.511334418534,0
67.65851632819779,0.24356900033472298,4.532836984263703,1489.4458488313244,0
65.05471641053099,0.17659870451605267,4.54413659392716,1317.4303700659384,1
77.18809363641252,0.2536794121671139,5.5387371256735305,1467.428835345889,0
63.39333781409562,0.2730081851223795,4.314819128697942,1536.3715662837944,0
84.77116736479398,0.27189022933843887,5.474215588418604,1530.9517847001578,0
85.46687798171486,0.20942754609130407,5.125465733228952,1485.8657371011975,1
72.0540063892943,0.1168025478706359,4.315047916326305,1472.6225451141743,0
69.90787929538683,0.15104695578865435,5.0206932082306395,1340.0301692161413,1
78.24527846593247,0.24761258591077828,6.044065273710733,1506.8616604977228,0
78.7583880178186,0.3959049844592182,5.06589636052307,1472.910177913683,0
63.55206615152468,0.17274233827743346,5.069238118094382,1519.9399905634768,0
65.78755893490639,0.2364670142710512,5.263188223123677,1539.3031419216231,0
59.42122052253364,0.15551579540164773,5.367350818313287,1599.2854697635712,0
73.27251950667245,0.12208263646007195,4.735327627135046,1423.5547918948905,0
75.33302306765512,0.145894730913811,5.280208838373638,1396.4814276387428,0
59.200594897109816,0.03340224186378629,4.160743712327413,1454.082661510048,0
66.35840876147073,0.30827480503262006,4.36074315453289,1441.1525403954954,0
59.22196865934921,0.02158957976683093,4.463080713539502,1433.9672340226978,0
62.8096015180493,0.17889374156794938,5.375810151707286,1615.5925152694601,0
74.4081364818104,0.10574976837199565,5.128186262045022,1511.8732697230635,0
64.13214346657377,0.12924958277102366,4.892512338204837,1657.7914770102466,0
67.59339235174161,0.31012181277909345,5.55261599166823,1499.754366158019,0
56.981506176421476,0.21608535920251137,5.303089666193869,1406.249884074723,0
71.49592167779731,0.12276830726546396,4.768018576013702,1435.3460332641785,0
69.64581344124281,0.15283862940027915,4.17181532574415,1581.9564277635166,0
64.1683259997347,0.13876150236463317,4.344232959018598,1409.2918610431582,0
68.4878856185402,0.19651634623368958,3.8265524276856864,1544.6301315411104,0
71.44235904402755,0.21383133478301541,5.11245564012066,1471.4597976677871,0
63.48105480872525,0.3516459818582848,4.3102889740370625,1425.6139541868192,0
58.18989964798577,0.04669593872018346,4.603741614412903,1610.921578571858,0
84.44459546149452,0.19721501481936382,4.897927455496909,1452.9147170943984,0
64.93381836231782,0.17475458459723825,5.835196153064548,1433.7943180319705,0
69.22591917450488,0.2757238822173426,5.743032478653456,1493.688553635774,0
78.08671788016251,0.22838544945427147,4.95623322299682,1459.3409845726508,0
98.23244150056388,0.24722897664919566,6.012402791520239,1677.1988720479894,1
60.04410840088907,0.2276068948812066,3.3901211925433112,1584.8285834700464,0
73.59861770981207,0.12544070997731685,6.50177643981321,1452.744606203587,0
64.33958171764715,0.29690123971944105,5.553999771443668,1461.9730310993255,0
65.68967756338631,0.26388039236925354,5.082242628015944,1338.4441379945808,1
64.23830383194569,0.27324238333797946,4.28691225539835,1510.9922920873155,0
60.99476025759532,0.3011240136405732,4.649546107095628,1440.2352525648955,0
69.6696691057227,0.23341400805215679,5.487480716462433,1507.0409105727947,0
58.20397850361412,0.3184793923293994,5.505663506825131,1342.6980724076616,1
77.57446053209496,0.2302111657429313,5.53471469647263,1497.8594931208847,0
70.440023488267,0.18247531295803132,4.4172026125068315,1635.8937044986797,0
73.37947978321152,0.19947168716133085,4.2561218295878325,1504.331292898586,0
66.27049110443022,0.1980924985491107,5.156164195482005,1438.0254250359567,0
67.06236852630602,0.15844869423275657,5.615883166217179,1498.3626620072139,0
72.30051124133863,0.33055110786961767,5.0025478796038865,1494.860101105113,0
60.6875949407534,0.2237036292402934,6.185187397508134,1675.3466512605032,0
67.13607652469331,0.20757907806663253,5.026509969752089,1473.3726456623451,0
63.12309188897237,0.2310619403941147,4.999433084933611,1403.7365357421713,0
62.87544951527188,0.43838836133897174,5.536447992954136,1501.7166539381951,1
53.121294074994864,0.10946206491202726,5.975384110073631,1515.642659027144,0
80.71461271583999,0.13239691906269796,3.920595792156364,1544.9836773083325,0
64.50768997476985,0.0895543186042403,4.105590633571522,1560.4609480185109,0
79.3070084413084,0.18139206092516114,4.74939084980477,1656.4420868407838,0
78.55033857115434,0.21964147546618884,7.527153427670931,1452.346903866197,1
59.71200234786805,0.16277419853271383,4.7908251499672545,1445.0760204657452,0
61.292710114617236,0.1568218561478584,4.902573645591545,1351.6690818276281,0
90.48402367484547,0.2113923893302506,5.494681543846334,1552.932301337258,1
84.00740753541714,0.1598313740136242,5.781543122250779,1429.0148507648685,0
69.74785189337517,0.22481406617462707,5.135828093163805,1571.3411423931695,0
72.05898485133879,0.28913874773940834,5.931477996032205,1460.6692069131323,0
64.95322877642249,0.25416243758406454,4.044823053579264,1638.0766377408295,0
73.45882171360272,0.2704810677732162,4.387129260205819,1385.3194488815946,0
64.26254479422023,0.28687347292053755,5.929989560463712,1581.8340402682156,0
53.74116988561292,0.22262625280949624,5.008754491826779,1572.307405025023,0
59.42755370791159,0.18730871791655193,3.990039515993068,1542.1261150771375,0
70.1687419828047,0.13821975432934436,3.941969654706234,1410.6189040809968,0
60.9514621159793,0.16870574690914233,4.351247355724237,1542.4920656246843,0
69.46178028069173,0.15810515738584846,5.001700433726333,1510.1499792637364,0
61.402711684537095,0.2585337861296729,5.373903655781431,1353.5795031669868,0
63.74116861998405,0.2277426043675357,4.736752000044689,1624.6618391787729,0
76.82532245130554,0.2557406290171441,5.307999351391615,1472.3510867266407,0
71.97984438112084,0.10717305151198789,4.650346810645108,1618.4974156819508,0
69.92268462949322,0.3145399587392863,5.979136161293534,1494.5870839918414,0
77.0317117845652,0.165841570279459,7.041472075657884,1578.5860850638992,1
73.84486874677877,0.111998668634027,4.685909814332461,1431.2379910607774,0
81.57250633001094,0.16486257881425498,5.383946248639156,1517.1547963462788,0
66.32112590147888,0.3987012794070007,5.31872865932009,1511.5153594502142,0
66.56292017177994,0.1689826506806746,5.11095634100794,1474.1119178085894,0
59.59112586886924,0.17399228228232597,5.522600756273033,1430.4621748868267,0
66.56815426102064,0.18463162554962592,5.383056951183862,1254.6559415328454,1
77.71815915441957,0.18811036932548358,4.623157143692084,1432.339247320513,0
80.39989897809707,0.13748191473589966,6.0532366180981505,1556.0407290860587,0
77.68244134469334,0.21145704665649045,5.161332997989421,1388.381636088787,0
55.64646506760451,0.28604759265586643,4.692159664135709,1404.9493088137106,0
78.66516170128588,0.2251431452382966,6.954562019077921,1385.2109753308234,0
55.29185101382343,0.11110677608800117,4.90702929827552,1516.7110493048444,0
77.18493859297878,0.17245232760530332,5.203955073138999,1428.5274731925394,0
67.05772378743156,0.15587780799186962,5.140352275664269,1597.6274381760109,0
75.62026651147085,0.2042351574587841,4.896084311239034,1558.7695765695419,0
59.34041321684347,0.30643613372498535,5.358931764035212,1516.009925116077,0
79.36934106164918,0.18808937631832937,4.3240000727267,1524.3159733260682,0
58.28020203116089,0.19294761049036874,5.477234709218446,1438.964154188024,0
64.65236071317457,0.34221158550555436,3.593316777286056,1438.9845899204206,0
62.01524297784772,0.2700964793337328,3.9615441989942966,1556.882123726561,0
55.96572117742001,0.24592650256852283,6.460579637734813,1573.0713618909633,0
70.75622054070774,0.3566505292241421,3.995055978622571,1556.1809897530836,0
84.44871294269569,0.23918490038352105,3.4320329183705116,1462.3533874861282,0
91.33524177856007,0.04107782864179821,4.01486706474705,1468.6942337983774,1
70.77724629668998,0.2666132606304289,6.392045815357387,1425.4594574555977,0
78.93345020054018,0.072639323430508,3.5665106077818276,1561.4603069806308,0
71.8567571034283,0.23616042948659582,4.235348653926759,1343.083555036776,1
73.9910655581457,0.06290051406966082,3.8334460125464105,1323.661095611437,1
67.26281079098209,0.16265156716800644,4.780696642327993,1339.6112502039325,1
71.56061540338082,0.1708972376312103,4.651183281455411,1328.5848573844537,1
74.29982963685143,0.13839047142145974,4.615394794618373,1608.5712721198515,0
65.37232216898934,0.172091840224704,6.484907039524109,1562.944429085622,0
69.38004560085609,0.2826049376288442,4.040739745889962,1404.1122718653558,0
69.53255904802009,0.14288376702723574,4.918249776226311,1491.5253674650044,0
76.6112265386442,0.2436112703608433,5.2708809970565875,1617.2632299078691,0
61.47174262697855,0.12274802883141599,4.215832590342285,1540.0158896729938,0
69.58766233113879,0.18484003388862968,5.389271984997282,1669.1501014376645,0
85.29604375242158,0.22590714130619605,4.680151604357354,1490.8587092725745,1
79.3124812206875,0.12027772667051523,5.299447252951885,1447.5872842901947,0
80.79343239110965,0.09506236536714481,4.913600598779477,1413.511266665031,0
70.19545472142427,0.23935025204631105,3.3595750195469565,1501.8915724639555,0
72.56798050948818,0.2898464319472511,6.044878970212594,1574.8851513269574,0
78.0178893336234,0.19367479844101024,6.656366652283257,1507.9300026615433,0
82.48204423624745,0.16341496747546366,4.858596654452149,1471.3444000285588,0
54.387176696936905,0.21245403101507096,4.281638358506717,1600.521634825377,0
59.47646954360123,0.20443839350123044,6.20481017694055,1542.3113676906403,0
80.47555281122118,0.21943220325690013,6.512306322293977,1490.9250802704073,0
67.78488515384957,-0.002259608025097143,4.864963670728002,1438.672698124393,0
64.62623368593538,0.11447165670672295,4.825055507823588,1479.6445766774564,0
59.96671210403517,0.1323815915650517,4.936071121862801,1537.8197778205524,0
65.55986638764712,0.21206941028092502,3.6603608886037557,1437.5720899107928,0
58.7810457326094,0.2148702306897813,4.767099297045418,1401.3077648986007,0
86.72875418185981,0.25089443909472287,6.371953510039396,1461.5878994718655,1
69.82051158415541,0.22060653993683496,4.8650490713835515,1496.063224633781,0
69.53639566589825,0.09594119436901315,4.1679723777022355,1609.063213213262,0
74.70461340134266,0.31576036940680485,5.397348495443584,1407.1970104109985,0
77.69876135413256,0.3017534642737893,4.4662409612047105,1518.139847754628,0
77.56710525243712,0.09934421679784594,4.946838301065658,1477.7942821354216,0
78.58897555126057,0.22661642354993464,3.9849209755621766,1481.764737126182,0
64.95323559367316,0.15236604918055874,4.170700671050614,1623.1493042307404,0
67.61706556034511,0.21110911913604388,5.590127403890874,1506.4969709860295,0
76.1522532435382,0.28426482237134965,5.0926934235208705,1426.9156070627378,0
65.78088750688303,0.3704083413056767,4.379154090525747,1571.0997377236483,0
69.9591469437822,0.26010221641140885,5.095628104243922,1565.219254664549,0
73.19011011539851,0.2235947788088109,4.514282633018193,1419.906311046271,0
76.281480658483,0.17281430653533625,4.372991864503865,1404.5650616250364,0
55.77855230103839,0.21457078968089413,5.931227517798645,1532.8415779765655,0
75.71796519911156,0.3087817514662651,5.626302042551018,1497.3624865006702,0
68.1302075371862,0.19642329945923317,4.9829817202951245,1462.3533836232857,0
75.65966168691504,0.129110987892188,5.115469869799763,1584.5038806390696,0
76.21545353883863,0.07042481075866988,4.993281586132525,1452.6175443171394,0
82.86332048895326,0.24104382939282007,5.389607407338831,1533.725032200271,0
80.82762918096962,0.21978305005021914,4.360398673235444,1593.971549436063,0
80.77257330088237,0.14832734613901627,5.6900037866949145,1472.8695311881452,0
81.5493625533299,0.2820811300565838,5.28285267031265,1353.6721012216622,0
72.33103187852757,0.16625785084898959,4.789554929688359,1467.754577328412,0
70.25748069629472,0.1892284726540164,4.609777574793166,1515.142699326035,0
76.98253666542668,0.19866686933616454,5.672904753413446,1580.2404754210247,0
75.85664761146418,0.17192378062895297,4.879610947079915,1458.307144781128,0
67.52747010609392,0.21886920525996567,4.44088552333613,1637.847475717057,0
73.23858727046614,0.2921212116746401,4.6923441864205415,1396.0942097013008,0
69.71922826572325,0.10860144815052618,5.615363719111328,1513.1314931637858,0
63.16853673231955,0.2390816110779207,3.711557439003168,1480.8669573032637,0
80.3236859310108,0.2137726935685153,4.715672875535622,1607.7672714511984,0
70.44159394024071,0.21230110636357652,5.856466135740611,1382.1082255374447,0
86.3896660615908,0.2697475655899273,4.865426582317394,1534.0507806508738,1
56.99606183840134,0.2039437940173727,5.218253385822273,1480.461469448423,0
65.54576981725307,0.23841834095245623,5.869415171629756,1622.3312759748792,0
70.26111069352697,0.2572691703656918,5.713863722717736,1433.7153055021934,0
79.09904878103131,0.15965078396955149,4.6479529815680625,1533.225460999555,0
73.19575498081748,0.22393467686510388,4.8956851582369305,1432.9446767649722,0
72.483782033446,0.17993699142314945,5.723811121383211,1515.044974193828,0
60.981889659566825,0.18938545762240838,5.7515755898271195,1470.4508101815381,0
60.74446882216423,0.17423508828173345,4.929559899748047,1469.181619579406,0
72.58003728231924,0.23768643232775094,4.957163478166058,1341.0051756183482,1
59.08715204945313,0.2065315767214603,5.214146955627081,1533.1667251486479,0
65.74497799768537,0.23156352274533396,6.0935205520138345,1413.420869043852,0
74.00733863268687,0.19859861096834014,5.854052896526365,1410.6656307958488,0
62.141405821785796,0.07167031900237403,5.554709363039215,1375.577327555298,0
82.84284769889445,0.2025094732879767,4.137064579148887,1415.516051328081,0
79.79149075390312,0.20508303641254538,4.780133274761394,1540.038381306335,0
57.428640013293595,0.21940767497227684,4.8221706610480775,1536.0938630789128,0
62.5410300545441,0.15250166450514066,6.134788026082778,1553.0968768432983,0
51.7137820440404,0.10436242266675905,4.80890848705629,1417.8415285724152,0
63.73926909961494,0.24996853159154225,6.00275425846209,1517.1825300458179,0
76.13110781257919,0.1781114754772665,4.543441063575132,1450.7693173596704,0
66.68884046180115,0.21369952381479967,4.6072928338713925,1576.3783750670652,0
73.68637794892774,0.17748319360893636,5.385163284650512,1534.0811163875442,0
57.82132545374605,0.19951505393811242,6.2545173644574055,1447.478533862911,0
76.38380203665524,0.16405717216513535,4.830578296585698,1583.246042825459,0
65.5591261765732,0.12255331286769376,2.9497857105110414,1540.587547251306,0
70.09735745826325,0.2378985328614926,3.7486532781288906,1389.039773846894,0
69.25700398885557,0.1517503929419104,5.238369244931565,1366.2782254934739,0
59.82761183286173,0.21311611847158485,3.8201631785745853,1392.1851343578705,0
60.77532534608174,0.23283681775216625,4.30754973888287,1631.934537322131,0
77.74235575202741,0.15305498275175347,5.009873560510606,1418.7629899170856,0
73.19193726001356,0.10368914925016122,3.040506203402831,1650.0912166145456,0
78.40039233242742,0.3940868491082442,4.696219368539636,1414.6145133556486,0
72.59726588402015,0.15777824992436593,4.068153153711784,1406.0907955778125,0
71.14392507847373,0.24987337268809268,3.8006562256793996,1570.396198485061,0
56.19191505066587,0.35515708396560997,4.358252448625552,1574.041864872195,0
67.83706642591065,0.2631926197483115,4.144632859944455,1544.4660138906895,0
69.78092543677005,0.1759645752937959,5.375584174393842,1554.0888235033315,0
85.6248575861806,0.1946306889971911,5.957221429346307,1435.8702579713333,1
75.49565305678942,0.13339142242089214,4.70845851871115,1566.640255638452,0
82.28848945367622,0.27053571415661937,4.523099376762531,1519.199733737488,0
74.78030164715783,0.24530165664469508,4.668635999073681,1470.7779688332887,0
64.30957418440417,0.15884593453906054,4.1134503136492295,1507.5695918227814,0
70.9369937291988,0.11662601543212445,3.9690064835042573,1584.8516654519422,0
71.88978917011386,0.09430130098690469,3.68355643768533,1531.3480482366253,0
62.486755441834546,0.2789211203043361,3.9363832333454614,1327.3758325839722,1
66.92490098725663,0.20962985031644488,6.305592805690104,1571.2982297033502,0
68.35386405058263,0.21719876290662013,4.447663171709234,1565.1710970770039,0
82.84495866052094,0.1341641099310114,2.6466972225889895,1469.6748256287556,0
53.35407579687217,0.08291975173564752,4.530354449215195,1509.3398634575299,0
79.64654736572834,0.27700908597693064,3.727668370591343,1509.0191800927466,0
62.50563812032494,0.20336312295977846,5.0475879519977305,1341.6432339218586,1
59.023366501843086,0.2725787728046096,4.961317075810396,1467.8663752724713,0
79.43953704030771,0.16912534987875488,5.044708510153644,1470.9618337642473,0
75.85518455387505,0.18105457255705135,4.967419137003852,1487.3018504917363,0
80.03614961904952,0.2570638541296506,4.701831756304201,1457.9321788905884,0
76.40561558036461,0.25858784637204196,3.8352831027680105,1553.0273415378706,0
86.47876001389922,0.26380524981487635,4.940276742422861,1435.2696881148274,1
74.46979069555589,0.1763838997517843,5.815139671308556,1572.8061732818842,0
68.74818099101473,0.24916377901206943,6.450938467036163,1549.259366671768,0
72.74341101857074,0.2887279572381375,4.809606938155195,1608.8334710241274,0
79.94775302676771,0.19161823906547726,4.896312043773052,1638.7039227309642,0
63.76499739791906,0.1589209308980757,5.400341743271115,1639.2361457132447,0
64.78489133974895,0.30741980826534127,6.194593247577684,1405.1505628505577,0
67.52831988321674,0.14764434131589543,4.610962711596362,1527.5348668476101,0
53.163337609877345,0.25035811976915817,5.55412105356027,1442.5770994949273,0
71.10462726734038,0.19532621515841112,4.341744587580489,1762.4239671751293,0
54.91097036839179,0.05267475068123517,5.263879192212402,1549.1257087187832,0
70.42447450346096,0.2902875253982864,5.776483341294696,1613.3049591755034,0
76.922318049082,-0.020628290363789437,3.9673115147617626,1534.8295602798792,0
66.18498831484932,0.04126975465939128,4.5798842223854255,1289.1645531437491,1
83.41692696149497,0.24218640635845373,5.763826477356002,1437.3147974707022,0
58.3159928046521,0.24216569589424924,5.492928984411836,1445.1533647450954,0
79.53008545305465,0.14899361136979716,5.828756912251884,1468.7891777949098,0
75.40109645125537,0.2118257672242596,5.678751717163253,1528.7654640202743,0
56.27173401351449,-0.002514403662240372,4.727117177666636,1540.1066179531492,0
91.68635439232426,0.25655803715764797,6.759352118715753,1289.8130848226729,1
69.49003771596827,0.21997803896428778,5.1095279926027155,1481.046434865915,0
62.980127822754945,0.19634857173329637,2.5554328406846394,1461.1299102891473,0
58.74330244172786,0.20166731857102177,4.774122902098161,1610.4830658961994,0
68.23985577872261,0.23946033409544257,4.624662994400538,1547.3795683264345,0
68.98074502088032,0.19768787812017113,5.636199333893822,1485.3537982076957,0
70.82116422831731,0.05007555978150238,4.639051747841496,1517.8944659090146,0
67.61763075020832,0.3757065787618018,5.87917599665531,1365.0381569825017,0
75.06580248092075,0.2960640655542761,5.446479497925366,1552.9081635865446,0
66.89896133869402,0.09720442704361376,4.199927630823952,1468.3568863525782,0
54.520287062076235,0.17238902156187277,4.88770133151086,1435.4096981790594,0
68.80510803480287,0.18111726478751675,4.37957324457968,1605.1385471869005,0
51.060178773013774,0.2863079653207171,5.147806917482936,1521.8864658142074,0
72.83016504713112,0.02725848517441859,4.374807306211903,1446.7655255855443,0
62.16559815773892,0.16007933884561687,5.05954818440725,1451.6485483000415,0
71.3068828393264,0.05914908453299972,4.782155399207671,1529.2725071712396,0
80.51259985219683,0.17719235873373293,4.878221396256141,1523.053703717917,0
62.410010437856,0.16219992855320767,6.640752303838479,1502.3540041139556,0
78.49005006809695,0.206375525390617,4.711611818634236,1403.7314889123236,0
66.53288346651077,0.15161004807926534,3.452453529906248,1415.5628783912591,0
84.02555841652469,0.13991812868875808,5.812660915787478,1440.1348817466994,0
67.07877909441429,0.24957253534105184,5.806364721441606,1484.308285539781,0
63.27605611594647,0.23637381927540646,3.4168478609625392,1496.6951149513727,0
75.4979076031623,0.24411186742225938,4.439280303033546,1487.2023179412095,0
66.51368216301091,0.1858479927607326,5.3486484454772185,1490.8604031143614,0
63.26840388696793,0.15426091342198486,5.419362608973653,1650.4996478336857,0
66.17728119436967,0.19049180143833835,4.996220989237823,1567.9400069274536,0
69.64314774253599,0.2400929656054762,5.014260303146628,1595.057340523859,0
80.73744104995883,0.025857623922252132,4.249129701533453,1537.1411193251183,0
54.52729803632339,0.23152895442966864,3.0801210292354506,1505.7922137852997,0
70.18464527160337,0.22473105498678383,6.639605854546829,1532.796659169137,0
74.99922875723234,0.20497207248685817,4.225066177834629,1518.0656138092352,0
71.54758859993437,0.18805492625026599,5.141204552051586,1564.6382566889242,0
80.47892135546827,-0.005289550874593096,4.872921603472531,1421.9887626681252,0
69.40523736193181,0.16481173895196755,5.717758041818836,1557.9797675693142,0
68.52358846251244,0.34315509688618984,5.091917770785726,1513.364693502184,0
74.73863637610674,0.20103210364546448,5.1227527624736,1355.4330369880688,0
70.7945105196108,0.17541681290602257,2.8925454015928564,1506.8577349304874,0
66.87673009375624,0.20135249564720903,4.333328741966198,1395.5025759288653,0
74.12915231669103,0.2283818294902407,5.595706437279198,1457.200186129116,0
64.77977365426683,0.25270561957515714,5.5237345800575435,1487.2647472196047,0
65.11058278384539,0.18168958694736467,4.238677741106231,1379.4318504926662,0
65.7760478258751,0.2339935681914947,3.7375771338231023,1495.7007053675022,0
80.82455328133126,0.3341320642209088,5.101263445378344,1505.4774461656407,0
44.23186915211429,0.28050006395461724,2.674580760963348,1560.4058985437507,0
73.16479067810354,0.3872240172685584,4.08106059812979,1463.6987719772637,0
70.27417451360178,0.1474583713318627,6.408128860124249,1521.9580003455592,0
56.55303632609504,0.3340951606001612,6.1560538630990145,1492.3669800708951,0
72.47781423308801,0.13674610880619242,5.389799487012116,1466.5383411038686,0
73.80601593465225,0.2282852917392371,5.2458690515850055,1366.3538163887704,0
74.7171138508592,0.25859812233904794,3.439863372380481,1491.07197541364,0
48.78537549564041,0.1591378246476422,4.407466210680707,1559.5609997922002,0
80.93111529483551,0.20703714219794206,4.763865121627379,1425.3026567531906,0
64.09810636252128,0.2728368881961473,4.424469000399049,1482.5772910961382,0
75.49254197402541,0.14317832813504738,4.719805332073708,1494.3610138857891,0
75.92859024545828,0.3335506767638118,6.039379539477036,1588.195250542541,0
62.986423315045656,0.0892322700218121,4.566541550982942,1502.4086259084831,0
75.2836796188124,0.35517531541827074,4.727248655554588,1523.0469900250473,0
66.91605407270113,0.28010609078396737,5.591625029347001,1499.3075162349169,0
53.428982565294746,0.1928219538937777,3.8644194251177573,1460.6155340021219,0
79.34193540422223,0.1677865431010615,4.327836336928923,1409.242086595399,0
63.799640295870084,0.15943773897671812,4.409821929794526,1477.1942322076306,0
63.16405229809557,0.18913634877943883,5.044473717241398,1531.4687443567366,0
66.77547305570623,0.19612033107609392,4.724030346005067,1509.846109439966,0
72.17789380261911,0.30041809973076655,4.749327272522293,1618.3613543771323,0
69.54183671342318,0.3574923280307667,4.468116810318004,1575.6681629293744,0
74.38453539765736,0.21595039365232063,4.143335791828196,1599.244632041718,0
59.28408506777073,0.13234972096084768,5.487314339368462,1337.4178712278972,1
64.06090903655412,0.1563419167491045,4.729756704830196,1626.3467401907164,0
69.07202342142773,0.18535273723109724,5.495215184117899,1521.3449276261717,0
85.18309834126964,0.11759023157625798,4.110698135615082,1532.714036993744,1
69.08949969268994,0.1056846878314097,4.467806273800286,1571.6821876528945,0
78.68177810929305,0.36777017698984216,4.823053577722587,1501.70538467309,0
70.30844135027453,0.22420908207570034,4.897706370547032,1414.3695561997347,0
66.13073090049946,0.13334934930557227,5.603494980745768,1615.7926106503737,0
68.02620460708448,0.26532828562861704,4.655592568326113,1438.542235190089,0
68.65264230376896,0.10573231001545236,5.5973937942487,1421.142609641399,0
74.8291659116859,0.11231903617031573,5.299955206847756,1481.255926799533,0
80.99689014061244,0.1357566079148604,4.914517911933641,1469.1196852362773,0
72.87744678149056,0.3323610624692027,4.238960962802784,1500.30454673825,0
79.49662142993404,0.1797695947377301,5.605500212370656,1492.1433376288912,0
62.28168209896251,0.004663441047801059,4.25893002614908,1607.7703814055394,0
66.68295592948776,0.2968052746540475,4.982975695874177,1536.745807924177,0
64.20557972633867,0.1754894908670114,4.956847645651136,1431.3762416693658,0
72.51555672699882,0.052047359529727555,4.834323885906174,1442.3596593233924,0
67.1283329185647,0.17466532096292722,4.688544221611749,1468.9449081873536,0
75.83818349627356,0.24168031172839227,4.342338644030663,1469.2639196183607,0
62.55198630694047,0.23232393332263757,3.7064508501039373,1458.8204690549235,0
70.34424778657025,0.3438731983331855,6.123043786272282,1411.8606385565124,0
75.49486328809805,0.13177857099440557,4.6066212285942,1523.2321709948922,0
53.47757779967512,0.2037376096211978,4.897510323906024,1463.551639796895,0
86.97305045864162,0.14403445771372625,4.892618092852848,1423.8558832763965,1
67.73478492096099,0.07662456846502218,5.876483469782999,1538.8380156074152,0
53.79968069059062,0.2708421897844764,6.546555377214112,1567.8257599018632,0
71.26475118861428,0.23706156553180163,5.127877935670949,1480.3490321759818,0
70.2675477437852,0.22269427597590824,4.8743978652344655,1642.5189091614811,0
69.34484496342006,0.23414321546069158,4.1012343942724705,1677.241655922494,0
77.92952890341333,0.1451621717849264,3.845129240469788,1539.751212268902,0
75.97955977141645,0.11954439301454454,3.580820056284719,1462.4951424644519,0
72.38300952819075,0.20301178977354883,4.363324032381225,1521.5162843501407,0
73.60124507157317,0.2928969121929291,3.3273161621495078,1402.0445547802183,0
69.16513240449531,0.3286461708362838,5.86306396299209,1430.2509113947738,0
84.20392679392039,0.26363461654459464,5.33847699519474,1365.384868927928,0
58.166431853137865,0.2023339541414477,4.798687588252176,1449.7228013998829,0
71.11721339372717,0.2215827143519949,5.887507184608632,1401.398379984702,0
70.52019704951024,0.20092750874602971,4.14307513807738,1549.924538553255,0
76.50624324851674,0.11792453282404576,4.344015155708356,1440.0673179527753,0
63.24916898060081,0.20197179025684345,3.452965375758604,1522.1297033213264,0
56.05061918082771,0.09321385459292056,5.61948295601617,1559.8325152578745,0
71.25458412878555,0.19007382191175684,4.351726970952581,1593.7073929206817,0
72.24984393774884,0.33088840884770554,5.012556490620659,1471.7260366951175,0
81.9167952755812,0.26582873782266814,5.802061120459742,1524.8509999151836,0
59.83710362939931,0.12615046526107765,6.096680604399537,1527.4001200450805,0
79.23755013373376,0.19420567442861736,4.976682918807544,1601.7673105217746,0
88.93931491221697,0.13324989505962098,5.307389949017085,1562.6846463267157,1
66.97788089982018,0.1949988985458232,4.276919803165072,1604.2675991029369,0
59.67246224405421,0.2832886253219651,6.346698674406027,1366.8278833375507,0
66.74420506901303,0.25224063506479233,4.867079551760507,1446.8583191942519,0
70.11203973897105,0.3987315264596269,5.064227961494496,1582.545346737914,0
74.51030300005532,0.2953981922006057,4.674517542189419,1546.456146951826,0
65.26884216129562,0.21632003048621534,5.959399198731005,1489.9963563421977,0
82.44158827317874,0.2541719979306635,5.159675138466552,1462.076009331199,0
61.083741479935505,0.18380454606533314,5.6087476619309,1563.0947635703144,0
56.0863587826176,0.10979966023308031,5.283166511983105,1341.6338342848703,1
78.85368339429854,0.3044621262630017,4.823672493427196,1563.3752948250187,0
51.8030317503504,0.2807193181545318,5.743574849039673,1507.2550612832651,0
68.36696184901827,0.18071566283248286,5.276252955660305,1460.8928385926188,0
94.94144903366438,0.22191485895450708,4.231216751322213,1540.1952721522516,1
69.90365157632054,0.2992751349907845,4.208630892952495,1469.1160734171906,0
61.03385879443,0.26770811409648165,5.119061383225307,1502.3214987780696,0
69.54082028970565,0.0829518999000241,5.725966321910102,1496.3003359287713,0
69.59359369104374,0.21948960171918597,6.311536438805123,1559.5623939186771,0
71.28519952282494,0.1865894779609309,3.5782292339353576,1512.734545694661,0
75.29810385727696,0.2890400559310945,5.020527879278977,1347.270427910938,1
61.687110653058085,0.28248341910261293,5.391718129739997,1388.6324957997422,0
83.50038444189435,0.3054886262542436,5.23653530799581,1413.2667037440858,0
71.96091427498094,0.1105684529023834,5.8074616840269675,1536.5235733422865,0
75.81435237121443,0.13727107727550092,5.524427181193202,1544.5481937218203,0
64.97480480195486,0.2891265948908351,4.211599853135728,1633.6285747803363,0
80.29105709596426,0.15266833477260436,4.188166649047415,1418.845567122595,0
67.94358072949548,0.07828536152685542,5.24996388492138,1604.7402375910253,0
72.22042010794826,0.24260771900912523,5.79240433953802,1344.9697068018577,1
62.53515138250312,0.15622252477872217,5.114734042362157,1501.4206365992898,0
62.02454698878299,0.34318326162467205,3.7376535443453776,1519.6162720035754,0
75.50564245162306,0.2236947643190771,4.162262867746982,1519.3272205255544,0
66.45114535834091,0.21282074293133324,5.553212684692265,1475.2323585794363,0
63.16941529996498,0.17046048867073946,4.721083927266294,1509.431647348836,0
64.85453326378375,0.32726682671415774,5.09436584256263,1401.182434349176,0
75.59162457373937,0.22868435679118568,5.852334431321406,1569.2129189437137,0
64.96769711037112,0.1673200385475035,4.038232761904036,1519.9832346762753,0
69.05876054718269,0.13647330347156425,4.668605875278437,1528.9786730785495,0
70.12022200229677,0.19412215563486257,4.581701749300845,1477.6786830756735,0
54.66120891191761,0.12178825302761556,5.284322029222293,1473.7616300200932,0
58.23098875701186,0.28231019533431556,5.618310542617594,1541.9784715332214,0
72.6902231139805,0.05533263567806129,3.8157860344809746,1627.1979079965927,0
64.10376511077843,0.18883887773335434,4.9955709126669845,1388.5095127520617,0
78.45379929024335,0.24881068360703476,5.695463283236969,1384.4743860164888,0
77.73445683400436,0.2273695536087726,3.5161708388313313,1521.2964249911138,0
75.75334933084349,0.14261736215874649,4.9484860468483145,1473.4239930916547,0
84.55817429850077,0.25282069653652395,4.027372447373418,1509.9284617337994,0
69.33528537805454,0.1291168489291274,4.486746477160374,1498.096854832053,0
75.1910554072307,0.1982092274802552,2.995972328414782,1549.7607494282954,0
65.32479218723175,0.25214732575842846,6.1141872950040215,1477.1069255824045,0
89.61895930294979,0.23703302235944906,4.71533669807719,1403.3430568080585,1
85.86906921948815,0.14599687908644257,4.3542465087712685,1436.8116831126422,1
70.09504347614234,0.29579956132514906,5.26261363636572,1487.1638676084403,0
73.09268983924154,0.20693556571884272,4.166151813850201,1399.6023624902882,0
80.87438079491845,0.2594396328751321,4.090204376894965,1497.0516874599214,0
68.82288396148715,0.3223280805338598,6.208263335850982,1504.86037245716,0
64.74700743360236,0.28940164390196854,6.446930422661439,1471.3757120103082,0
76.99191800805507,0.28961035250648354,4.526349062174014,1516.7377707033436,0
70.62751396866936,0.21541439438795779,5.853883767932944,1370.8577135310152,0
71.46395559716208,0.2635148096728408,5.284832355190469,1423.745252914941,0
63.32582925545628,0.2170877259651453,3.8689349666317203,1408.5840890957115,0
56.25862281309283,0.10325404257772694,4.257494484920172,1570.3885390357939,0
71.8891392790328,0.2242195034004034,6.240879839357548,1684.4931202064508,0
77.2396963319536,0.22050887869907726,3.8585639737406585,1429.534433602218,0
68.19354600739166,0.24669834892174555,6.824799470459887,1481.180621042605,0
81.49143615647094,0.1897602419829284,4.542910259270577,1444.5256605907616,0
64.36866939667564,0.13908355545889195,6.2646519250345865,1517.6980192646354,0
61.56236436027264,0.25252048665401816,4.7555489642857305,1451.3273080463875,0
69.46215754243094,0.09493821701982016,5.639922873200921,1522.622390139775,0
69.33925939718968,0.31670553086851755,6.116026512096552,1553.202129337727,0
76.15974985068178,0.18148655510360062,6.111963054144808,1402.0940049687395,0
63.800297407488124,0.21964225376449348,4.532507575365623,1521.7211452419974,0
80.94475389451918,0.24468465226252578,4.3140895200806995,1356.4755181424762,0
85.73533570006603,0.24725504358753528,4.935030392199092,1479.4772828447637,1
69.68684778425326,0.08728125600386122,3.959616303172817,1474.1055659615383,0
79.99768336147454,0.2659269264435411,5.191411340488447,1481.6690359587926,0
61.548023434997916,0.22425230627010187,4.3433626781779875,1475.0351634887027,0
78.60177232945533,0.1491790892353113,5.866167818834333,1460.405830354689,0
78.3782112684757,0.1400266439243269,4.5439100670254895,1478.737425728409,0
76.90749824151902,0.17327575343545237,3.6061928244159835,1519.051015342148,0
69.87549528903764,0.09610066507116065,6.120731820935437,1521.30057659102,0
46.36600847006375,0.33778139127896206,5.14669440266549,1509.2159475759706,0
64.86618285078296,0.31889210601146756,5.023307912336058,1454.112206108282,0
64.99267185852318,0.23613601607807516,5.875515827956968,1586.4269318603826,0
62.173960495516184,0.18212812669263273,5.697261201838526,1622.028406692656,0
70.97794403637653,0.1842313609650084,4.390517164791659,1396.9268547963798,0
66.64829243583013,0.26064525649391745,4.6401747151790715,1513.1415324759937,0
63.403103921879826,0.34062615196015605,4.10963579995253,1462.5486453980407,0
61.52959881401744,0.15436826083226055,3.828438355900148,1574.0478442316,0
64.27589611611818,0.11059311659013407,5.462874027932312,1498.9924639033193,0
78.97199369479942,0.3238112618876217,5.313747448033346,1504.254235832251,0
64.71179956298005,0.05702891299324389,5.6086633692180135,1539.5974258713154,0
65.88049034853383,0.11931753533978831,6.025284353196755,1476.1968833175795,0
66.34641907981403,0.1802513685991318,5.619579835940538,1634.19848619184,0
72.71194811047536,0.07516532257559752,5.690767581044207,1540.779178265324,0
73.64999590822826,0.28897192502452784,3.33763099346229,1574.5285995979864,0
45.642747686054705,0.26855242164040805,4.754411806460005,1482.3555523228695,0
78.17308171062086,0.15401654182277463,5.77166119573599,1490.171547073125,0
81.49094427395003,0.30236912953421985,4.065433011035827,1564.9299887651205,0
61.59850770110664,0.3159433942723061,5.073337106270211,1556.8945814607669,0
62.221614042121324,0.19094634813679492,5.415571552490805,1400.1065174133898,0
66.39797289777383,0.16394654579455942,5.354282795070789,1510.2106077186256,0
63.95196784434716,0.38076816221939824,5.29503704636664,1537.9070356453142,0
71.79141499157285,0.2576929457667324,5.4791301752364605,1489.5759500002641,0
54.42779770912909,0.22050597223750829,5.144595115942575,1530.3142052546661,0
61.05657913570608,0.309083675731169,3.8296574340871894,1492.9604601723443,0
82.31357760139926,0.2241544508002417,5.405564428322795,1320.2599244835485,1
62.574240261215856,0.15955035312646493,5.227797248442995,1395.1286848022266,0
79.9474262248234,0.2064127808390043,3.840201239315637,1577.9987547354256,0
72.8427055647211,0.28309234298557884,6.103788168869257,1480.4495799662134,0
55.525858283293935,0.04062515469206293,5.427070159798432,1515.1752796193946,0
75.08263356172965,0.17695754084486232,3.895721343218033,1499.7074557607043,0
69.05866158245718,0.31064459188652843,4.3462198688222795,1433.9761360937089,0
66.35626355000207,0.1590505279125186,4.548758366603057,1462.6337222541554,0
71.95965674537604,0.3236886848345128,4.548189248959481,1526.3159581470534,0
73.79706788453434,0.31317950554878504,5.234440151054754,1534.4796908557744,0
75.66073457579695,0.1947576707608839,4.21891859915339,1675.0727576384252,0
79.42602278038402,0.15451685560887995,5.902509397697548,1461.780625697791,0
73.26508730222685,0.17701129006802924,5.836642761094393,1633.6511326660714,0
58.9949272897091,0.4131691593601148,5.495453847679672,1431.166809367957,1
66.21083633879047,0.3499539557546595,5.0353934203150805,1539.0880154996287,0
93.54438668214897,0.21003127774453909,5.74995801212123,1514.2298095625467,1
75.79592848305381,0.15134771587036727,4.779241821756793,1489.930755905985,0
88.95429840649197,0.20936328284650108,4.420408910893433,1499.5473238509835,1
81.16347265759349,0.21950615412934119,5.952087716495793,1450.1908006475287,0
71.93441657244598,0.10053130099125168,5.254034205615207,1572.3123644371076,0
72.41125655824894,0.20640330153722083,4.452753887534887,1432.5907967528874,0
69.70735968098523,0.30579234598493843,4.665806106366737,1525.4020736251916,0
56.097563073228,0.05605146550268214,4.410857612987786,1560.4686666861903,0
70.1443780197458,0.26612671721097986,6.617739887062884,1610.7362474710176,0
79.68539642033758,0.3099838376043824,5.00327874996042,1577.7415575118382,0
65.20288004143038,0.15515541239245056,5.126217049002935,1545.7943557118178,0
73.29562399249447,0.3355340606552845,5.5769752382895525,1448.9814429480004,0
76.81272836714558,0.14477303500413238,4.027711213914396,1437.137987815487,0
62.7225564855002,0.2352866129488323,5.877237813028978,1408.9136891896255,0
66.38957708525068,0.1754581852269096,4.513723095369718,1401.2587544458604,0
61.85670807618273,0.17544029142699172,6.464013028892119,1499.8876769484525,0
63.42267514648474,0.15061607441935637,4.749873015988325,1441.8066638106782,0
59.69915773077551,0.2558860384689616,5.830112011810549,1595.938050759168,0
62.79641230897579,0.26790443661851593,3.0025615063047306,1453.6830726751657,0
81.35564544638271,0.19484622403382493,4.059893539131224,1507.5404669897346,0
62.676183767277664,0.09120254290621807,4.765114272801899,1478.8284985247863,0
71.01167375248552,0.2322536133307512,3.375373601500087,1387.691405009268,0
65.97704997063235,0.23376114875285553,5.480707559073124,1587.1552665264255,0
79.43092749629551,0.1826627990890858,5.250366500348999,1555.6385667715995,0
80.48929837282893,0.3493785029744647,4.207337880112098,1564.8417671138438,0
76.91255985711157,0.0748856588079477,4.987233096108401,1547.5957328199163,0
72.44907642482204,0.022617303179714554,5.6451817839385,1439.2411972003904,0
68.15152370527281,0.14153320802418634,3.317560386504021,1440.7960827810577,0
60.46500236647,0.25683396272731596,3.9812087870122745,1536.1590112954493,0
85.54823104897758,0.11553242900529274,4.731929360621325,1623.433565278736,1
63.92261585797957,0.12152232651791399,5.018978901305981,1530.878311827456,0
75.30917077626273,0.2760817068942524,4.953110862718765,1578.277334148078,0
78.47652458098717,0.23700383382381998,5.711435828348568,1457.930213416167,0
65.55775602475737,0.230164872770272,5.381768996524317,1587.8280727975985,0
78.3041002185277,0.26251431355724225,5.557307872456848,1466.442528629218,0
76.11370562671084,0.16598456373816928,3.8880994137565077,1519.212741699696,0
83.82371068305412,0.1696812740753447,5.115859083839504,1470.7071123696949,0
66.24522826858632,0.264782341804914,4.7542859926096455,1571.1324938941516,0
59.71308786176228,0.09240905753750404,6.169657505335014,1572.2209591428111,0
65.95608195644391,0.028582412288116282,5.13951650990232,1381.8575135885465,0
71.67082834027465,0.16533726610977167,4.464756852227177,1606.0238267377745,0
70.46570181668045,0.27446986312525534,5.682001020764032,1690.1127354207356,0
66.8524968298036,0.22044477591894426,5.450638236691718,1471.5733853574968,0
54.72642032818206,0.2685833203298412,4.342718661887616,1489.8558742669422,0
73.76386396903285,0.03869645516614678,4.72120823778466,1599.1543835392122,0
85.7787558326576,0.22523974466587934,4.734842832313311,1505.3413964244573,1
73.71400990498402,0.25230916037139023,5.98196887382363,1499.6820551973524,0
74.8730841524281,0.09193620619114523,5.162593499102754,1651.757498710993,0
74.57956244924081,0.2689646072437236,5.581425982848137,1391.6562270873578,0
73.1763733590592,0.19107848827953658,4.605382623095934,1436.8829495893017,0
77.45332773494476,0.44570693612848017,5.267840232911553,1533.4258394844687,1
73.16298944948532,0.02582111448826116,6.042688722343726,1370.4364324899439,0
67.4985826427738,0.3095291494139801,4.711138587799482,1470.1592653277548,0
63.63208871992997,0.1684673522779141,5.092123843070221,1469.4267495939819,0
68.0082107577546,0.07062786284479652,3.909354995009914,1576.9419056177853,0
72.51303597160533,0.15784358851480065,4.387553528071978,1555.4282427601536,0
67.47133631101622,0.22219833930699728,4.732445686401742,1365.3418200936542,0
72.51470946505144,0.28299733356520346,4.151328552838623,1444.550132665236,0
73.51320106960334,0.337757143050574,6.057578942017478,1444.795497272512,0
76.66543545016145,0.3137514470963474,4.329594383806789,1482.6739298599728,0
80.26235975071184,0.12276943834364046,5.629438873693797,1412.1962248312523,0
70.62405934783087,0.29041317538128936,5.1494689900251815,1536.1318353577333,0
59.537787478818714,0.2313027965696699,5.02468155880837,1444.4650344557006,0
67.23916722544648,0.14763175832568098,6.188930915972126,1547.0897548802977,0
70.3525005392528,0.18304715252180154,3.1915197624579363,1499.7716604934642,0
55.313849950583275,0.1432125872444221,4.843036082541516,1422.1539888791688,0
81.10931616081986,0.20296738735491648,4.1356957307476465,1611.0621842196397,0
71.13902330008374,0.1416273694164704,3.4308636726935697,1613.4181307426434,0
73.05082267664228,0.11776047414260489,4.044214612993847,1523.2276252167824,0
80.92421170021012,0.23832953022262177,5.0137900280024565,1480.8635029724785,0
64.95885735886122,0.250298443860771,4.419722296634844,1415.4965749300177,0
74.59233544707224,0.18499223999267106,5.7172908718601185,1585.6890695897944,0
69.12108701518451,0.3094121043148778,4.828923321646935,1565.8111628018505,0
68.52730506387265,0.17916555308039095,4.740209316223246,1434.880324398958,0
63.822460897564966,0.17577803638995695,4.743775239595126,1445.0549813055347,0
83.32482570949222,0.2528391185876558,4.921204475096369,1536.553637134057,0
66.99599967939544,0.18940595320453307,4.665217172045797,1405.9645002119066,0
75.59571397516562,0.20678381832209147,4.31899704194867,1449.9450861000487,0
54.99994090022451,-0.0016350776495251962,5.791347907180829,1416.7547468021894,0
79.4399082375183,0.201336590779038,4.500723959688843,1419.3332792292517,0
78.41768924765647,0.053824325002299195,4.693178706923051,1442.394840464184,0
70.77947288237843,0.10232395432009037,5.343524064072248,1572.4803323604433,0
68.18446027089661,0.09317419689955961,5.254992996925802,1359.6362815727703,0
73.20000004490853,0.11659334771729392,4.28524955012316,1534.6787423983176,0
88.31032528704232,0.15609169122941977,5.603985555288597,1520.6357866248159,1
55.89410640877212,0.1610805907563612,5.430136271870723,1577.4675011267943,0
76.25621910059301,0.25314201634057004,5.142379867349804,1520.56391897044,0
62.70706158276878,0.21779102513077578,4.654946519534806,1469.6928540267093,0
69.84065282960215,0.04791404569456115,4.674615447582873,1434.7752219648107,0
68.01695904737069,0.20666357100374463,4.838562317598712,1579.2329339127562,0
66.57345393761796,0.2254604197266742,4.0145344470977875,1539.7558467404235,0
69.91627896757817,0.17371467869976337,4.968585241122435,1460.5491472947028,0
60.92663083777768,0.1951291218474638,5.713681632357599,1572.7129379333328,0
78.23344348902374,0.21522481003176455,5.7010969518672185,1464.329742783511,0
55.6468519104112,0.26116796781084645,4.695318582978838,1499.9246507604803,0
74.31811610262673,0.07400960100298123,5.851266618180429,1451.6413033164297,0
67.38771317972343,0.1804546369088281,6.524723643623556,1542.7073523520182,0
60.63260084954037,0.32066688784461833,4.7470339717897385,1420.4646919848096,0
71.61906696478957,0.3133329046638365,5.5532117651457344,1476.1129049547078,0
57.544391306348174,0.2680749542220624,3.189752029847366,1447.6356973399108,0
70.31771057375708,0.24294597471645407,3.993482617454407,1521.0969569329613,0
58.616984737507565,0.3323707798721671,5.072896823466816,1531.0790334592825,0
73.69017667454266,0.35342784012853323,4.19461354998529,1411.667125832666,0
62.605141330957,0.18967360095625183,6.631361635777958,1532.5145111059796,0
66.39204786376553,0.1224454045369344,5.478303749837242,1381.8621293047172,0
72.35159510354529,0.1783766145900404,5.772665317486505,1675.3578537151168,0
63.819663105262116,0.4477356411017643,4.97677887507153,1459.0821544575922,1
69.53628800265358,0.07445149258198447,4.197433584109078,1583.9408531975155,0
57.88935599004117,0.16235686883764663,4.584951774260095,1516.0933114052666,0
75.04700482876925,0.0869847078005895,5.2035043837010875,1519.3436400815337,0
84.11931044440617,0.20998110903019085,4.489667729272791,1406.7140859322994,0
92.33767094327969,0.1037847176884106,5.53695359338176,1567.475268726531,1
70.72934517333151,0.19129991817331057,5.56913197536371,1503.891770553152,0
76.3056331263775,0.043992387198499294,5.003985043151671,1537.6111750947512,0
55.754994616740085,0.24940965320677205,3.5394919303864003,1492.7428541723907,0
82.02187461044471,0.297787620517438,6.371827946932767,1510.40344503333,0
76.20982803779285,0.1692845102349233,4.829861714648386,1429.0262724614586,0
66.12853244039013,0.18918959943394384,7.167421318776829,1487.768713853542,1
79.89744640231207,0.18692742154149503,5.5220285570817556,1466.4088633344525,0
67.96419138683727,0.21447285401800203,4.8320359386143545,1443.5543041795108,0
66.33579853588355,0.19694643304268575,5.358257501198404,1510.762059175593,0
73.80267940341993,0.26144935619445553,3.3845715863371106,1529.0709564654812,0
61.49316400135745,0.2986431306760757,5.820913922588773,1520.0617607783877,0
78.17299811519959,0.13487430220062538,7.053552990023581,1491.8191364130828,1
61.55208150458525,0.17525372057805627,3.3286132209252965,1532.8887244024204,0
61.599561681414514,0.2721295559139796,4.770072792139434,1519.373136958542,0
62.722481692733325,0.08626647615527742,4.915729501766779,1507.8021763595982,0
76.07600030012898,0.042342297452354405,5.700182903330451,1513.2920815975167,0
65.06579710784234,0.2181052762318783,6.684780539332429,1594.640239181435,0
59.21603372506265,0.23970771288563938,5.306305698076452,1403.594115087788,0
65.15456000051361,0.14221598496371263,6.713433459372422,1474.5123064145685,0
69.74366103455611,0.1537079156703636,5.13634598150773,1527.0539686898298,0
60.552220130684915,0.1391846142607281,5.3611390550369835,1373.3811278013868,0
60.786551127725254,0.13064598085244525,5.262588452928204,1610.6067586660856,0
86.89037067279668,0.255479665648368,5.976239826404069,1520.3854300579585,1
63.11547676948891,0.10556012104018891,4.662143153511837,1576.5521411538991,0
67.41566104981595,0.1787581710853321,5.654629407009207,1589.5809502843906,0
67.06210399360572,0.12757310659881183,4.0153627149948585,1532.9962343128523,0
66.62914553783646,0.08357688192790276,4.772396716278872,1321.392503564476,1
74.97077391975282,0.2696142539797417,4.490605101648954,1511.8155377384169,0
77.5851436037764,0.1584139822261169,5.070369246894354,1516.950953082288,0
67.55236454774726,0.21507520643366057,4.747136200476975,1413.0506595542877,0
60.10817370726121,0.0793539296159192,5.90570695396558,1356.8261234597746,0
80.19552182279122,0.14064484369948194,4.2970655238626865,1536.9335442241083,0
69.23727127042653,0.26048703045560045,3.6149472513511895,1400.064773022565,0
83.84257451885735,0.4069817164676248,3.914172944230754,1664.9133767173428,1
52.0353128194787,0.04190271484877506,5.795334437041055,1521.0509825450524,0
71.56322577026656,0.1839113763768459,4.2243541253470225,1608.1209374003927,0
85.34885067100966,0.23298244785148,5.318275532416567,1502.4930719494225,1
67.17388691649474,0.1507119877408573,4.764169997401536,1560.1231062381025,0
68.1960526133229,0.26796175895952995,5.659395243802604,1504.2611144983775,0
72.3640935327227,0.13066138634717495,4.815387435906712,1580.4458344300538,0
65.52963344892034,0.21230781281733133,7.211478812893709,1336.9334478771723,1
67.50342454357813,0.15823424764013122,6.518493612654804,1571.0518275111538,0
67.29747924646878,0.29755448663638184,4.747831855675446,1553.5011328747373,0
64.98063412458902,0.14589083975715156,4.638292328724011,1487.6678673533584,0
79.83085240160447,0.17185009629707873,7.50586092064677,1467.2668892268166,1
73.68862425837148,0.2756551229997724,4.136919230937128,1476.0718199592184,0
72.00502585682642,0.11775690727257092,4.955981161665321,1522.6213574705598,0
76.46856805512094,0.2055000045410858,5.017959135764342,1597.1231491724773,0
67.88515333437226,0.054197252505071875,4.998129681748341,1457.264863377799,0
63.8063694531768,0.11296532330967403,3.6090306235755785,1363.8586327072953,0
65.17900556308354,0.23057050207126428,5.397281927740752,1698.7664787396052,0
70.01426432883687,0.12074419923710142,4.2237199268861465,1553.7259651610952,0
61.526306333016784,0.15643416545409666,6.148791299335257,1468.7030708766413,0
65.9979118673066,0.239446912163835,3.8352279660523028,1595.1077375197638,0
65.87106686502852,0.1536651087082456,5.047572741900381,1574.6955121452083,0
86.99644983863212,0.26582736585730865,3.2271034824384897,1539.382589893592,1
47.80948048052866,0.21725302299888516,3.276493034927421,1461.8358646404404,0
68.56304222875494,0.23485464895396024,4.328518433365894,1553.385801518747,0
83.80555034251816,0.2992772478990826,4.441431934130377,1587.1647058954168,0
70.97475571305964,0.22558584500912526,6.172581130391548,1362.3941814167324,0
76.02733978736875,0.3231077832375475,4.967526530990481,1517.959598557769,0
70.79861052079815,0.27290098264302587,6.033925520729243,1523.8540562221974,0
64.66133295026816,0.15812380561324346,4.696170724258659,1521.2861329143097,0
52.06467252392869,0.3034518460017017,5.484868146304265,1503.6946893212942,0
71.64364549629042,0.22110928167223565,4.419619746464879,1594.8858460283122,0
63.79514716318087,0.16842562330715974,4.365221544721119,1483.094645353827,0
63.59731675067757,0.22227085562567062,3.5433198888656845,1499.7771640568824,0
66.00810195216711,0.2889861459512211,5.2686031950810195,1525.2532254462765,0
83.95889125298795,0.23640360753937775,5.2096667317601195,1485.7544378156147,0
89.23870033803178,0.34579142660411183,5.621850309828682,1389.1198994599076,1
71.73766350022721,0.28692244463190575,5.171934629713117,1517.1304034951147,0
66.28186220870617,0.24185280267217302,6.620956781755174,1518.0365101897166,0
60.582188660390315,0.1179145533807074,5.1408221093420075,1470.786793486764,0
73.74832129236856,0.18562139887919035,5.793461371470497,1489.4148066776559,0
84.26324480052115,0.2057331311800681,4.740712733600718,1245.6103808288017,1
68.02127690379875,0.25573052009741976,4.273223972558889,1596.6724839467308,0
50.96803167397421,0.25098664330177545,5.574156136149309,1572.082414068848,0
75.36039737452418,0.2135632328174629,4.928681609743728,1392.9735055613985,0
77.8831976916004,0.2096279932301737,5.665634436743697,1445.962620397795,0
57.31323487691322,0.25763655160608556,5.2823492334757445,1615.8817088833273,0
71.41187346930363,0.13131310194960114,4.365589338567875,1407.611945814324,0
73.60980812908879,0.3356412655399885,5.859470302141623,1538.2766951388908,0
69.41514158392849,0.03622664918692231,4.303048036972266,1460.6386615135643,0
63.67383264731717,0.31643275857376235,5.500261010636404,1532.8113565348133,0
78.12749778850845,0.19638515772598705,6.025288889220683,1504.0110420125652,0
66.77296203225053,0.2802063851417275,4.692324129267874,1477.3414536578327,0
58.11851069840054,0.22910723474340902,5.924795562937852,1531.0817498601164,0
53.604204114642556,0.22768275287286416,5.318093467242554,1460.5562251321242,0
80.08679615999448,0.24434035808212168,5.681555022717011,1357.261370163562,0
74.93331181176895,0.2647243431270223,4.330595447117931,1425.7822184997012,0
70.70378837703335,0.1736935338730208,5.171440185642998,1416.1713100095244,0
66.47780290519357,0.28278393044209893,3.873534951980397,1371.6704673663303,0
65.76801268637499,0.11324235011369732,6.369040412248371,1529.5520053078164,0
61.39410681246711,0.19957355413391004,3.3888013427323944,1486.1786647511594,0
66.54835484352093,0.2668775939417822,4.71619854429692,1528.3152852647856,0
53.03930227903861,0.27960140636927117,4.254633124640302,1541.66010844827,0
64.11149077225188,0.23686310786091208,5.53976033216179,1560.5175069408194,0
67.51249986919125,0.16852860496354116,6.539156756743935,1532.5537392919025,0
74.87904037752335,0.2717366222694963,5.52393207895002,1421.6313122564625,0
69.68058829301309,0.14645070087049974,7.369026957561081,1546.362042020078,1
76.35938491100447,0.3401127258999129,3.897647858752928,1517.7443791366165,0
80.79308084090744,0.1932263282000269,3.9590526939771475,1675.208382329986,0
78.46536075059281,0.07682994446352316,4.2855086147076795,1500.6334671898405,0
73.76407877902845,0.10442532255867586,5.0969957562367245,1530.6319828586345,0
70.09490143344627,0.203491490950367,4.1784620997734,1492.413951294856,0
62.15369593269153,0.21118602170608428,4.398669796555979,1503.9116680557238,0
75.91955241103453,0.35757253479608764,5.49638681914183,1498.5109316733524,0
83.43797905777224,0.1169200529908619,4.008662493508946,1465.2301139039478,0
72.73684831720334,0.20315697594431448,4.093443189623919,1514.1882926203932,0
85.33807318740898,0.11524628743343547,4.6811689976079425,1549.7408353698488,1
57.79542633551133,0.16058761174292774,4.756445543328543,1466.4394656503473,0
60.76669292176367,0.33471776240554707,5.808012573777052,1566.8458630808182,0
76.8416120619861,0.10909310214752074,4.279488201617504,1557.1448263679836,0
72.114321681226,0.2469633939254267,4.423776012703282,1429.5790198538682,0
80.51025741257446,0.23143258872115136,5.465336093023205,1422.9048219505485,0
69.87622687418609,0.1980662858913433,5.641115459026706,1535.852272008554,0
63.056196619773345,0.24155492985533902,6.142979573701271,1452.9971372016682,0
68.29125406235966,0.10719836944453692,5.375296283891803,1416.3431482184405,0
57.73852823261013,0.3325058006242846,5.104291247969461,1637.3517956922722,0
60.97127461522372,0.35398763960988167,5.460030725396924,1422.6937948561051,0
77.77955198334408,0.20376837582074508,4.786069755289162,1378.112364147261,0
76.98229931575688,0.3938484904490843,4.780185924499617,1437.304528926311,0
72.90403427844862,0.1680777654760064,3.580711750176997,1518.531855497805,0
56.23137983231624,0.23203455950850244,5.714732765351467,1505.884166186737,0
67.1327713958969,0.3145511251019611,5.169167156041397,1650.9770744131865,0
60.20000089071959,0.16327964318216726,5.6216314130946445,1438.5285641781788,0
79.41226603030212,0.08947607528964494,2.7473516044181645,1518.8925125590338,0
65.3302229314992,0.07106263475049168,4.962318633685163,1590.2791110711319,0
61.3140183137476,0.3648661251122127,4.315294794897894,1447.2787321205321,0
70.2383693209714,0.1576780279488978,6.201090003856187,1556.2979366455177,0
64.8787643453231,0.1851410589265201,5.491373532387064,1353.426311931282,0
81.86995128162965,0.11097887373431566,5.187388328648448,1640.7003631528592,0
64.12151281972648,0.2758671423463351,4.65445362452718,1579.5806209205773,0
58.80617392620295,0.13747521126203321,5.317766648105318,1445.5460002232824,0
52.776691873939875,0.16069895778709425,4.2574514964975165,1566.3854222266973,0
69.75370798069268,0.22396163355329285,4.920219721851387,1605.0546319567948,0
65.50455908913659,0.11487632582035422,4.537309290410064,1396.9065132946616,0
58.56876314790618,0.185713418438862,6.813191723985353,1452.0097680820174,0
79.51381169004628,0.3121767671602616,6.175958204952672,1607.6866731074347,0
75.33796117943393,0.23426035180134908,5.850437987186265,1505.397831155197,0
69.77425696850216,0.21044338339426868,3.8077511822766734,1534.8932932559587,0
80.91460995336693,0.21718917675710922,5.691325689827243,1505.6157782885032,0
75.3002882671889,0.16886919232187492,5.15013334011355,1571.319107493265,0
63.417152787852544,0.35969218558039406,5.978768111612917,1541.0345312438426,0
61.68623868807387,0.13502742955727462,5.2579160761015515,1508.4973811137602,0
76.54385235563089,0.2168740929571144,4.994625867169357,1331.8645881746145,1
73.1709356517388,0.2092020453074246,5.187027437069247,1551.2008504411954,0
71.3579821437653,0.28070100057065084,3.555493366701964,1558.3392781327368,0
63.22801757704874,0.2882539151034912,4.386077382265762,1400.836890179438,0
74.86358053604603,0.19743849564103436,5.298668430962618,1406.2720873411517,0
63.956008934928406,0.22325331944904397,5.911510686725266,1541.4078876535677,0
69.18410676325058,0.22628278031311588,4.559605506950305,1515.5460054507416,0
81.57555317109583,0.01822866755435143,4.967354496108853,1342.0165134462673,1
64.71332611351883,0.07288083180177798,3.7192060442596877,1434.2382636683537,0
57.416085943417116,0.15159490474224235,6.167448650683008,1525.1074479121628,0
61.579622465039115,0.1550721058898505,5.890993385786497,1554.1341495335093,0
77.95439061350099,0.10405740624286942,5.521682094853759,1453.254462413936,0
72.03784909904168,0.2599666057098904,5.325444950104712,1488.203480920131,0
68.96898097048997,0.2001694736813978,6.242039252117438,1429.6518315444303,0
65.92724955750745,0.18282443620905303,4.355991206948226,1605.9138939329225,0
73.88287926042553,0.09950757803940907,4.2694707549386735,1513.9670622020808,0
63.20716119207821,0.19643641086041694,5.849215829005143,1446.5849373748204,0
72.44532454914076,-0.010134780479888944,5.7954507053665,1407.4958854260146,0
64.14996344949634,0.18696349513553273,4.045203531128678,1398.6490104960826,0
62.81872491779957,0.2050546935046205,4.574912094738507,1644.9243775401865,0
64.9001005213999,0.2193531987457199,6.3512745048619115,1486.1190524643907,0
66.9967404281283,0.0748718589216576,5.329333862572723,1468.0383127857401,0
69.60936131253037,0.217985338935318,5.629729214414538,1482.9404948374638,0
71.88364636088892,0.11668549841083661,4.072762765976515,1449.5832171090542,0
40.49307766857245,0.1350024134166133,5.525315619629742,1491.439160553714,0
63.53879553802588,0.2574345108658132,3.8643667633832957,1502.7942722883975,0
66.8674401811517,0.36112909786877956,3.416142907519452,1501.200282571375,0
82.04049630886664,0.2041087007042144,5.581459168144694,1398.9921761058836,0
61.35997913294294,0.13463236330878142,6.147556135707592,1571.3944784038554,0
71.3023729447993,0.2150936358007999,4.796971139400666,1455.7632453487547,0
81.9602424778867,0.2751223325999317,4.562759454516433,1447.306932223135,0
59.49625176042181,0.24967980526981884,6.368678924997097,1443.6939186773966,0
73.15180180691522,0.41944902979709964,4.844173304708314,1415.8022645495123,1
63.581825328523834,0.14277299447242667,4.947385021154192,1521.423813222985,0
65.96293006168612,0.22017851839354385,6.355165781152269,1571.5985577872,0
63.57511332837348,0.32391343627345626,4.717132149577432,1442.160862509295,0
64.14514153267291,0.31889273896148257,4.476777912524107,1352.5499371694582,0
91.77529718325195,0.04399376587804957,5.6524065793096705,1417.8308321913262,1
76.75564697657333,0.19973139039680152,4.430515076496707,1464.1371240564758,0
78.81390289428967,0.31876166126789596,4.884318769502254,1401.4851750854998,0
73.93594789469196,0.431251439231931,3.9446731186302406,1452.1014648798343,1
57.149945692784335,0.2563036707000655,5.148317670701211,1455.8778540575413,0
73.15966376258646,0.17057093650428132,5.054477989762474,1498.7607982306458,0
78.58343691605877,0.11926374780500881,5.774416219778515,1383.6036426998166,0
63.17280420768711,0.37749946860246797,5.685805229329385,1546.4090698393845,0
77.72261333728902,0.25829932691726076,5.441214406775666,1632.8751054959832,0
75.63468967883263,0.1321546458491666,5.31540455422481,1614.3293764384082,0
84.81632035850936,0.18374749069329752,4.941396708998127,1453.2764682161394,0
66.65773589989105,0.22481492134629633,5.487644775196642,1553.4924128926687,0
61.219112141794184,0.24350453231104943,4.11013426106481,1544.020304472161,0
67.10697512501963,0.1280305073963368,3.1208271425165526,1496.5179869656615,0
81.48456794530898,0.1508647665499606,5.9295341369703145,1514.1604512940098,0
55.372752953264296,0.06776523501016321,5.539328369798331,1554.6435037487236,0
53.45299427655174,0.2831809831683826,4.898410852576069,1570.6700643498752,0
70.71516223145291,0.17267052265837474,5.859646886756789,1435.0662189278619,0
66.45928565780675,0.23730573193466337,4.414802066442778,1559.8153111986146,0
70.06182314540548,0.31378068068610615,4.4356059743334795,1633.3170018788355,0
77.56249416988692,0.21758961138991567,4.324689821044666,1570.5745313614032,0
65.57944523104918,0.19096236192407456,5.454097580092708,1622.9170332231888,0
55.01595335255504,0.21551371815071474,3.7336335382281973,1293.3184514523973,1
86.35585245759955,0.20505548830801815,4.386430714574367,1547.6567250102476,1
62.02217370048979,0.29969319983023557,5.2317720185889085,1521.1401015926565,0
61.52770302390322,0.2248670718031032,4.036679139261911,1582.1667757778853,0
78.82976010978078,0.156447918433687,4.471751675471052,1409.949907393728,0
66.92408703166785,0.28382792455118006,3.230745938308349,1459.5087126582625,0
69.49288118372151,0.2984387485086682,5.4846453195212295,1572.042938638452,0
73.86232099248254,0.09293354985436292,4.449731845326177,1415.2265154033735,0
78.66866482487997,0.32262271078144844,4.120574999887077,1519.3851405961104,0
67.33231445454582,0.22917694185667886,3.9639818192331395,1498.644913367556,0
82.15961604731439,0.22266159601172789,4.66542919023592,1484.325546650719,0
52.913601210121556,0.2805299705277212,3.7358755304868483,1545.8158913677512,0
76.07829789562462,0.1546418887196577,6.553903741718934,1410.7599370096507,0
63.28377953585874,0.27633316113527395,3.0922043062648115,1437.59065746959,0
80.97817053286393,0.1698579624209716,4.639504680170808,1488.8600963642432,0
71.13635583064436,0.08200394562317295,5.085525543433004,1403.905410786327,0
64.61675734392479,0.12017949767144527,4.379696796690756,1598.4737441866434,0
75.30272874417307,0.24536174663225813,5.169705389834492,1436.0986290055966,0
77.14550677765801,0.12436253280042736,4.360318740043071,1562.9063680032716,0
75.1351529828691,0.32880608985517196,6.22407557093852,1429.9597354442149,0
61.762430082935516,0.29514267627517143,4.104898388712178,1556.3357764914201,0
66.12786301102332,0.3066751332826372,3.1190208469213445,1371.2921060442484,0
69.96741730302853,0.20998228637419297,3.9612001196373425,1612.6892320835607,0
69.66992277879952,0.22062892938359677,5.30919581985097,1590.8106404085306,0
75.99796380350678,0.10450305166045781,4.905660496360908,1455.7933193501958,0
53.88079013994714,0.27966268081259926,5.601706326385694,1433.9487494338293,0
72.67461643642802,0.23038667640296684,5.401395693368773,1536.6242010000096,0
67.68014916450689,0.24538445002338083,4.490975720219837,1377.9115022557,0
63.29199506892838,0.33506494491623057,4.6087332049635625,1502.78016694354,0
64.0601057778432,0.1515229612841992,4.691736979477419,1435.3929252065727,0
68.28369868385629,0.18990867600981456,6.507476866797322,1479.655190777762,0
41.19131916432386,0.22613367372337342,5.5526578517498955,1448.4920983141064,0
64.3896834336676,0.12516516756330348,6.513349519342804,1436.1305093684975,0
62.99348140282965,0.18499209429785282,5.6726234978734515,1636.383532609967,0
74.26226567458099,0.23943598483735756,4.949133284062759,1562.4434786669578,0
63.555786539915836,0.17396629829017352,4.184510810411468,1381.6109614262284,0
68.27908959863608,0.304719152778329,5.1612157369189955,1429.9349276186074,0
82.33821302129041,0.07912603505464048,4.951304662227016,1568.595922346793,0
77.95481215852338,0.28982169921866735,4.925082171729429,1577.4949475043607,0
77.21817119954763,0.2528948379852804,4.8327207384806,1389.1933843477723,0
66.00102055671319,0.15449371299547274,3.358029833939022,1555.8883878953043,0
74.34425823431722,0.12604731454160018,6.008671853227725,1521.2023292906417,0
68.12881759637125,0.03357739062060386,4.959637208626146,1344.6664027947518,1
68.43125431458449,0.1363859990068933,3.8685975071770864,1467.7441825285352,0
73.27748274997239,0.28377413240023974,5.385410167258916,1489.1069346919599,0
65.22405129263254,0.19551314189770608,4.315331065114777,1503.8793444293879,0
81.94402483554563,0.29303847043134734,5.449712498376626,1394.3533770143981,0
68.7189588832165,0.15041031435003585,5.705325168409969,1438.9587596652234,0
74.94688453007731,0.256568492808525,5.815709192535454,1450.164500908127,0
81.64480383405838,0.14260011183324628,4.8712666186761435,1457.14594266722,0
78.25323019660141,0.12275399950321289,4.668977817585186,1458.4802042197748,0
58.7286471784758,0.19142982262634592,4.499569311788264,1489.3893671268413,0
73.55916716007907,0.14680267909440028,4.421955129231603,1524.7709292088334,0
76.80575515568518,0.07657422807702301,4.9862159486312665,1641.9380579611664,0
77.13490417728599,0.18541482394264056,4.832525550086609,1569.6711002837253,0
61.09364132708295,0.20851483331450313,4.339756947342267,1605.3490711607803,0
64.74371810386141,0.3014686889196854,4.084972196957676,1461.5395451981053,0
77.95646588593297,0.27494445417064484,4.912995126193134,1419.6861479805657,0
63.90591703453883,0.2975954559386265,4.652641905644935,1564.1140220437865,0
67.60243154668548,0.2576285998714807,4.086906421374508,1498.7031248092192,0
82.60700647601575,0.226609020715998,5.664456810737126,1558.425424010363,0
69.61760599692168,0.1016844074822486,6.4176742006601994,1429.4159820331965,0
64.18580689732926,0.21198977583482198,5.77007057118738,1551.8861679014115,0
62.97906114509676,0.24774350218646515,4.423849590659165,1485.9800410872087,0
72.66175463668151,0.3165950359496349,4.959816252328051,1463.1279212425384,0
59.33481593218233,0.2549030833385451,6.232343161349968,1470.659538747999,0
68.02131228882865,0.29923067476843374,4.061040285778006,1539.2346733798302,0
72.66584427992018,0.11744016869078089,5.626076101348181,1561.9313053075512,0
80.39319856438134,0.1738865899081524,3.841533433484808,1470.6868673823315,0
75.34038464295996,0.23434805709290168,6.347230101945064,1527.5447862738663,0
64.28747905614257,0.29287621525940494,4.655748380199208,1527.2653115466542,0
79.42735454050975,0.18838170833288645,6.78323497961905,1559.06694880253,0
67.60387969962018,0.19340432326806772,6.382451038913464,1578.9532154626522,0
60.11437582360473,0.2549712244802383,4.91485559233489,1644.897710981817,0
68.62366912587622,0.10993033382839007,4.424475701511671,1462.786369078159,0
81.50535360916561,0.3285923639858743,5.155820377512731,1616.8007919728147,0
71.3219204005194,0.12966911255138522,4.855872826682749,1509.3659500049073,0
70.10017491463829,0.046512846115255774,4.678746429131526,1412.415903567064,0
83.09769315762283,0.20080536068180646,3.673509396337362,1447.9612411162182,0
58.54916122356458,0.33587669619004523,4.588357133076331,1537.2768096172972,0
59.715207087577824,0.24691625042668883,4.111616702595008,1557.9008569540379,0
57.07322823226534,0.26008724344029066,5.441318165140189,1418.6985714617736,0
72.98118549184044,0.20331086098456916,5.79285705327794,1438.8892594705417,0
71.331945016921,0.18780980021830584,5.592547203138878,1457.3506674512869,0
82.34189093823821,0.07640725043255077,5.2739000717020055,1430.930558248155,0
71.94780061709416,0.019249099367665112,4.317674346287278,1349.5932007802012,1
66.76674272416558,0.21570178707526907,5.164320618081528,1322.4549029629356,1
70.01435898302486,0.3050039355472181,5.634212114915501,1469.4554307601302,0
70.94165934768766,0.22753069638624523,4.531011540480216,1520.1663431701093,0
56.62590981337466,0.2498879621641611,5.095189137116005,1552.4468485406921,0
91.68265315467914,0.3266974036511632,4.883630728584062,1391.0132740820445,1
74.15896814481529,0.22630134811528466,6.3298933356883875,1392.3728706085842,0
71.68006646418071,0.19018759197539045,5.68123850821162,1457.7657117516515,0
74.92131187422865,0.1345180155479948,5.487327689398713,1500.2673962310857,0
75.67528784469285,0.3617770050377669,3.6266450128276517,1580.702528031744,0
68.87557211598055,0.24212382233229443,5.1382698614140665,1557.4177655352175,0
64.9500709100744,0.12451186272645354,4.875989256860344,1470.573746308235,0
74.79560549057364,0.10630658657590106,4.869074311544102,1528.8124243694213,0
73.08568672425162,0.300245098154313,3.7492692218066876,1432.5168608695863,0
63.520879207284736,0.11700466428733397,4.129785102161945,1505.947660451986,0
81.35228489093811,0.3483067326001777,4.945586009675374,1495.0061365573165,0
72.34681629058386,-0.020517023767256892,5.891484622552369,1612.344183186239,0
75.83855489814104,0.31380761582319816,4.527580344128461,1539.4844067060367,0
81.13536710143936,0.23895158489295715,4.680049018316586,1438.3371963197837,0
70.17511056931868,0.20948755384454992,6.4248735962289665,1439.1556139349855,0
72.53561605587292,0.18596332519665898,4.762542088665731,1473.352677368416,0
76.48021790804893,0.3512583878875224,4.896968380917135,1374.8427196445539,0
64.20111132959958,0.2565647086720963,4.907804174358607,1481.5983697482568,0
70.43241330276801,0.1277437112883639,3.9235958828763913,1488.507263228131,0
71.00438869320918,0.062487203517689494,5.457438498732092,1537.3221503173097,0
62.35153158653284,0.21418377705178468,4.477699105132529,1548.970028171908,0
88.54109430939103,0.19991430931700688,4.97594350636821,1507.9133127510431,1
58.74165245206078,0.07841055700995928,5.355498371534238,1369.600585068835,0
59.615168770502734,0.19556851796141317,6.5540460712283135,1402.3162775081812,0
80.51381260562863,0.154085229354064,3.945783964363005,1451.5916061120465,0
75.70613000637233,0.20074320546453558,5.691985748052979,1552.1833158907912,0
61.792281460153774,0.25807388893187216,5.694978604939174,1549.4819176859726,0
74.85831212081354,0.31940879579712284,4.4894281817765815,1480.0449381524186,0
81.74280355997848,0.272711122909543,5.479603078441585,1688.7784327813497,0
69.75789553922411,0.14228474001358357,6.314748921033513,1624.9254068052553,0
90.79058320059666,0.22951321030633556,4.388023032630047,1599.1935518281523,1
56.207505513055715,0.20504856971936192,5.193175837708124,1556.0526523674107,0
75.55058763087281,0.09342968362952793,5.323841091151828,1536.6833403073372,0
79.33222668976802,0.2318586227753818,5.42734308396284,1530.8460828888858,0
77.13075121284197,0.3485337870334171,5.615433408572811,1355.5976697310027,0
68.36515418683481,0.20259412833496032,5.133043862601739,1415.8972514564234,0
67.67646814391081,0.07246538562196797,5.4107489490784015,1482.2290570601122,0
73.55316136869806,0.20242149368868953,4.2708210799010216,1510.2297996328725,0
76.52603589321656,0.10290302408213998,5.131202794911646,1490.0434781725926,0
74.8197874902589,0.26908844055090303,4.6189269874555885,1521.78214249688,0
78.32046312634711,0.24198919933801033,4.01613687587673,1331.735956020589,1
61.849040343466115,0.18632719572202056,4.5926843604504795,1540.4531442255466,0
68.17783216701092,0.17350685873153432,5.215565113758447,1504.9710044649596,0
62.47987254300997,0.18302125587075627,5.348637821096155,1485.0040032993356,0
66.91109779131087,0.20066195954738564,3.985232703261783,1574.184962762154,0
78.12176713451444,0.13822119829267665,4.249858626620103,1416.3573293304355,0
70.86387136580183,0.08897975351988506,5.579725023754577,1481.0484117897606,0
90.85487330519815,0.29109591573557186,5.406518474092691,1522.753472911879,1
71.54725093751773,0.16916792188024335,5.709682129637082,1431.7590953112287,0
70.47753504463789,0.21336344833353155,6.0942643417412485,1339.7324817534272,1
70.84946335552173,0.22282255609339954,5.430309687672479,1407.7567911723681,0
64.89753045712051,0.22576163837241714,4.668153898263302,1494.8223530204887,0
69.53730710097925,0.10609456023212607,5.091879566465534,1480.0784205069701,0
79.02230421689316,0.06593278683585219,6.327917680741906,1498.5387160666633,0
70.91176534502218,0.15290459802464065,7.21155919822831,1447.2578524701232,1
63.65232216093223,0.23165692259335627,5.370477092593887,1395.0188933957497,0
62.599323036170915,0.14176401060205496,5.428443311049045,1510.9606606566342,0
66.39838486667325,0.17160629170406133,5.580566693597933,1486.678160441089,0
70.59090747528704,0.3701837930999655,5.01903427665549,1551.026790620933,0
79.5486922838101,0.05236608921563715,5.931083121874099,1440.185217365777,0
59.276090869068504,0.13959728032716012,5.806436234186281,1338.3318407323745,1
67.44138977688995,0.35172832548591426,5.283501157719053,1291.6432017239906,1
71.15448015548063,0.19643210624038213,4.745584075195508,1467.8824628415136,0
55.33035385896452,0.14352118676008718,3.78344289009829,1510.2327329694238,0
63.33121373626875,0.29350151336088964,5.5859308380914,1481.4149982430536,0
64.56089168211051,0.2044184349184889,5.1702866521808835,1454.7879638143002,0
63.63223700919601,0.17213532839647952,4.409785815476719,1372.6894069473524,0
71.53511636017318,0.2153895141630009,4.096063788004298,1348.8510236234226,1
68.71552312398562,0.14735129524937873,5.529146279506602,1529.381982479568,0
65.55771117919171,0.11860071496895373,3.719010942706428,1481.7919016168412,0
73.42370101242108,0.19091224578922014,5.239712949955044,1470.9185348191952,0
83.78459774117,0.11912024319391944,5.674840327335115,1376.6599236066304,0
83.11405213393402,0.20085546494371845,5.439914309133298,1422.6994720071991,0
54.617825823501306,0.22835252539794712,4.6874081805132475,1503.6083479607792,0
74.61657747068112,0.2682448364841289,4.0005004124200685,1522.7692762772044,0
68.57581367948929,0.2902339988413462,5.469615391836152,1486.860789433987,0
71.24124274292285,0.16754107986941988,5.960418473562736,1610.3399540929913,0
66.8137357316596,0.23995316863512556,4.541813316205568,1453.960488331496,0
70.94070903909761,0.23940187569650853,5.4055265602342875,1602.9497537207842,0
71.21125916857615,0.2262254972652787,6.265212094985447,1517.34934090336,0
65.36838594120862,0.16164324712396333,5.271077677153288,1508.6506753829972,0
62.829059617398556,0.11775457500287115,4.6824958840977695,1574.6018173183518,0
66.41043453904413,0.2401601511253248,5.832682832050526,1450.0698122012654,0
71.87407411565412,0.063450995024556,4.40995122067375,1473.663723266003,0
74.79197073347412,0.1785728453945351,3.961446387957581,1402.1166747166515,0
76.82679181872118,-0.0042904812518878566,5.6498569529167835,1574.8170017204322,0
66.04647981546469,0.09308780613133893,4.675070189213149,1526.8404352988105,0
72.27075653842189,0.12982928492420603,4.746783188797052,1587.8234681523695,0
77.70002073562638,0.28773793661034275,4.498447491559143,1516.3890722517367,0
79.32475916115303,0.2550486419523415,4.621746083556733,1588.2433772153054,0
69.52933716694783,0.15568522529262063,6.122426742021492,1440.2168700576174,0
68.2325462004831,0.2583495836103801,6.329999012626934,1578.9791725576388,0
71.52899387069114,0.27100983707043175,6.435982908915688,1468.1748058037088,0
60.80234021682075,0.1871468121300223,5.87209649694201,1500.2025549080195,0
68.45112391171594,0.08924974846290479,5.37301700781859,1558.2684410661611,0
75.95669118778504,0.18336701519471088,3.8541715264535092,1686.2272994358289,0
75.1355770355496,0.1921686075862291,4.84998023767972,1565.604229896884,0
67.83785916508889,0.10140364873358193,6.72540359089895,1573.1476907962058,0
71.74174560869733,0.22936374343439744,4.651502736997877,1456.3697636372044,0
63.4027972776745,0.22238494834418843,6.21131557981782,1512.559839276767,0
75.62793718580019,0.23560341599153495,5.0440286552244356,1492.3306186132106,0
69.37742851090822,0.2223138477733955,2.857486091317483,1612.61329076429,0
67.7923883864309,0.2583874428091987,5.512388450935171,1488.325264383633,0
67.10620931125291,0.1856537577701575,6.013003756942649,1606.2833481879488,0
69.49684906480114,0.21614280858967627,4.960803225087565,1395.8682634624488,0
66.41697884054433,0.16818077726035746,5.986440803588331,1611.9021860039873,0
75.26514428802051,0.153240062750244,3.66573798846633,1431.087932278545,0
66.83773161587055,0.30705997046096606,3.8915485888805046,1568.3107325936642,0
82.74371276821905,0.036498503877880284,5.16389144646855,1430.8535630024635,0
81.72168402785104,0.2701407991323411,5.381691782254025,1549.4677805864535,0
62.86765208116396,0.15035672996434715,6.085263094873823,1422.9930271586163,0
70.55763415543424,0.13999694578855032,5.511139573398848,1582.9184753138618,0
64.79474702931044,0.2209261987252326,4.045096728507966,1567.6196372749703,0
67.3868194944911,0.08083123101191979,5.170436497659509,1451.94500605876,0
86.01941974115837,0.13471815424430378,5.48058195623052,1546.2467607191609,1
67.53942866307361,0.13206882827896066,3.5006128010422968,1575.7946118657967,0
72.88180829661943,0.18228813934519242,4.965093224209588,1426.134475710107,0
74.33057035206623,0.1356689849471449,4.731533964849421,1417.2797724593227,0
61.994965020134075,0.3280894948511415,4.476245541003404,1414.2956215224897,0
63.15923620472636,0.34376132131983633,5.399021641402138,1402.9597839699522,0
60.351821028735046,0.03824051818015495,4.080254778753661,1413.912572318913,0
62.912234128817786,0.2435458163812589,5.33350360960292,1573.9830567322656,0
47.19975912546254,0.268693075126206,5.4475929033671155,1544.6279857011195,0
74.35665920634902,0.24343881619128843,5.867010648208779,1364.319825024671,0
86.43355073004855,0.14735092055266444,4.101264589765917,1459.1866411674998,1
71.18256591229222,0.18047235502731668,3.795812625316362,1407.3730729021372,0
58.66984912527514,0.14013802761778438,5.223122885871209,1568.9224157207077,0
64.85778893680042,0.16637887750729372,4.770983012905838,1464.0283411051134,0
66.32898523980002,0.10320279770662592,7.322120209994977,1376.445806174356,1
61.859321782292994,0.19081689426923598,5.366798780994346,1513.6132054216464,0
76.88146110716126,0.07977586309559442,5.046529369363345,1548.5193686505093,0
76.48208035500267,0.183989235661749,4.8617376354588675,1423.7041253409252,0
60.75638564945872,0.10011346487201885,4.025550523648441,1478.8067266654864,0
75.80064835558007,0.2165453089433123,5.451105242363678,1427.8083612287805,0
82.21450130861813,0.14564643512456876,4.936683978983361,1599.5237913695025,0
85.22046564183648,0.223246427829963,4.937349053256452,1465.4913490502454,1
92.9216961846877,0.28652645826918255,5.075554660398924,1442.252944219008,1
62.78405880445442,0.32715575488837667,5.176970023933796,1495.8939604920686,0
92.59376341116163,-0.0022403671216392196,3.6085954832659826,1483.3960536026473,1
67.16634889192969,0.13326447249009737,5.669618405096745,1555.0794715092802,0
65.26027635695588,0.1757531138310389,4.322844500147262,1597.283778074311,0
72.61657899902276,0.23682622547051865,4.889574242025098,1597.8898600818,0
65.3435093272559,0.06797163966763767,6.028723936532232,1469.447411152602,0
73.1923531251722,0.12143260745598276,6.423558873816091,1524.4090906518124,0
59.43938249810159,0.2104285762125688,3.6396044490988864,1619.079992823236,0
68.08997918349253,0.20679105932213337,5.024195862139719,1622.1599046700005,0
80.28465787489344,0.23020947251360746,5.218330548132829,1429.9275076245171,0
69.54350966855075,0.2354940581510493,3.793975979046843,1547.3796173314677,0
71.13276629391906,0.22708755464926902,5.642073091534532,1533.856445821746,0
73.80206883773849,0.21549242533051943,5.093010141931338,1574.111003555576,0
79.36529303454128,0.20445918186610945,5.155327676555998,1599.489405427023,0
56.758202302484534,0.25318104717794904,4.265957665326452,1416.7219192564635,0
74.67619241469947,0.020854186674861996,5.330309314705079,1444.745735597234,0
67.8548868860659,0.3235466789576988,5.67057916511195,1572.6087005046074,0
71.33310316249471,0.0236414359295741,5.101838306980747,1511.842460387999,0
78.47960135809902,0.11366705464764064,4.588851279229557,1321.8207033955348,1
60.44650678870525,0.18185913626798844,4.651144545562908,1366.697404628336,0
61.89884446845528,0.2538090312871874,5.176316565700772,1553.0058513039182,0
54.51656032228955,-0.03962135126396929,5.039037902704504,1567.1288738057322,0
65.60672846588979,0.19775005408465327,5.723857695295516,1392.0409836575789,0
80.64345875503054,0.26339160315325877,4.6157933699806675,1587.9334049702275,0
69.03530249221224,0.27956144928227816,4.02529551780734,1484.228213512668,0
59.27900083476172,0.14421362732020332,5.287508861856402,1418.2020696169575,0
66.11457004339962,0.17593317704359743,4.617976117601037,1455.176328796118,0
58.09710637207502,0.15070814968858978,5.626945559229093,1402.1805419160958,0
60.99851118615071,0.16858602771791326,5.006030904366081,1450.727121329515,0
73.11055128210971,0.11745387594172521,5.523850563491858,1350.4881623289102,0
60.60901338955177,0.12885982700232657,4.188546362615369,1494.0933640801506,0
78.90107444162642,0.23475015376226946,5.114709010583857,1546.96949503424,0
69.43103767335731,0.21052922986181935,4.440589434092867,1392.2060026033046,0
70.68475763155621,0.2393269206072379,4.023701077539024,1501.3616216498358,0
67.77301625913685,0.21712115117606695,4.311113697543187,1435.6278377458866,0
76.18278270834979,0.2563470880918077,4.564418326579313,1553.504066829139,0
76.26527910221608,0.2702571198523996,5.9957556216190815,1314.8474326960877,1
72.68043481529737,0.06066267041071169,4.543247680405872,1556.9511078439198,0
74.51831284726119,0.131655227966851,3.982767799777421,1354.5794722037583,0
68.3032826406366,0.1814899234007969,5.105181937997335,1483.2047723021285,0
74.33762405527239,0.19818579796101274,5.02334452854214,1443.2865506813841,0
67.29697779620955,0.14639275409455732,4.606357590391841,1471.1437658552911,0
70.01785297729921,0.2729618936790645,4.871021227323099,1377.6487394578053,0
67.80285000506962,0.35839586946324786,5.780981668797256,1632.8110112411025,0
66.34225168544643,0.21489295644653872,5.536564612319341,1397.0749537911731,0
64.48710561822568,0.20674728257585692,5.467384165498985,1403.387711521942,0
73.74152083087108,0.2679565004083465,4.053056972383816,1643.5856468068414,0
80.4848473025077,0.050732819583725136,7.309238449372259,1525.816130886053,1
79.36881577335647,0.20227751523507284,5.841001768219377,1399.6594781231522,0
59.94747731243652,0.27832286603740136,5.413622850552698,1489.6969859276924,0
80.31362441125499,0.14854768022391107,4.068550580482232,1481.1416424571362,0
67.45473198705658,0.10187515360784277,5.758184090187286,1364.9879329940295,0
74.80586412116473,0.18513555119201774,4.599097191760538,1439.3389924785417,0
62.750277343622315,0.19514516534384635,4.844583356291228,1497.8895430499758,0
71.13583931099204,0.12730781744676334,3.6553765791525734,1601.313432467004,0
72.50978546317526,0.3676929020840761,4.006813531247593,1484.8936125419177,0
58.12316166464278,0.16170428951936436,5.350837199061708,1490.9083833908794,0
74.86613733075352,0.10770725188587452,5.804987740216392,1434.7866663231841,0
80.76748006270653,0.19251029447435108,5.547923535836028,1587.6712624966588,0
68.60281643454698,0.2726288510163593,5.520655197394359,1572.1857401200762,0
80.8813450466241,0.2013931399198585,4.948186834432235,1563.1467818385213,0
68.48245205238074,0.2388475136035202,4.67463438770703,1508.9471092055664,0
76.79667624837293,0.13027915245334742,5.231116114852314,1372.1141150477058,0
52.25144027239121,0.3190150757122811,5.65712665848022,1586.9335919074429,0
89.35022223450771,0.24493688223347548,5.003889803946873,1504.5863798350226,1
81.96366596194366,0.2838161255102088,5.968201615930724,1475.3126782810925,0
67.72299596597057,0.22921285059801355,4.827944588947194,1535.8767249514106,0
54.223287786849454,0.26599072301830273,4.2157768517631595,1517.9351763062414,0
72.30422694644392,0.13015579522582182,4.991710206367199,1414.464160515048,0
58.44859562340994,0.160687166664835,5.084777822607655,1474.3361710811164,0
73.55882830045991,0.3077184476444824,4.934375946178872,1347.672576606747,1
73.29252575331425,0.3247793557827171,6.024524448705809,1506.8821307679166,0
62.4687746479838,0.10823475202247386,5.644241584579231,1606.4102213840913,0
78.96773618891503,0.219978885429105,3.8552472091026324,1356.350789002522,0
76.4445976224494,0.16552449596118182,6.2274936113586286,1510.290245584918,0
77.80658669830851,0.14423748245081108,2.806866351336662,1553.478282703562,0
70.07086162935116,0.222787175628436,6.7208194982819975,1565.3085586979573,0
58.67580746469035,0.29127703458923265,4.770155589154499,1440.3048191343298,0
77.8229781776891,0.2361329978627355,4.8483458106788,1411.8215416267997,0
67.83702880691366,0.17443900400647722,4.951987008821088,1453.0358427901974,0
58.881758854458646,0.2411888943948128,5.308164346272145,1595.2696823967563,0
80.81631492779461,0.17120190611352792,4.999789438986525,1363.235548374083,0
86.79526016402008,0.23296914405844815,4.893283848930186,1402.7226403958553,1
69.67001496816637,0.31171725603645867,6.047134647484948,1463.2984412379374,0
87.27296923682633,0.03382722725593379,5.45247686380068,1421.946302567029,1
70.7305178288908,0.2637801838832027,4.232956916503391,1496.6661811668769,0
66.95635276666918,0.07687560627436253,5.5925391314685795,1613.1620751543003,0
64.95633236651618,0.2982662168435569,5.419285602546672,1403.6945242553404,0
83.09665926394194,0.14903795121017116,4.563781019535025,1488.2907058801786,0
63.75884894889783,0.10258628979148128,5.633710741089729,1499.339922447962,0
75.8821544797999,0.2556215381670998,4.8739419190215685,1473.233100114563,0
65.52668931952633,0.22913360505139288,4.82266122229992,1373.7260019135024,0
66.31754589940509,0.12006504776306735,4.800869506053653,1448.9739582258487,0
78.24199755175654,0.09976001942652851,3.0575055544380803,1449.2130918760163,0
66.95970522968517,0.18500148100069744,4.578640533652319,1550.6803164510063,0
66.76163696463766,0.10367304398630428,5.570538593700481,1533.5663438158804,0
79.06243757739846,0.1150821621661098,4.98207100567699,1375.8483400375362,0
82.77917834577299,0.2092496632337147,3.9718508561154002,1469.0290913586578,0
75.15751842627387,0.12273026925959227,5.77170500415363,1459.9795833452995,0
64.76184179500841,0.23412314320212343,4.761119872365284,1656.3756226973796,0
65.91513200561937,0.31921148767067814,4.022739607470782,1523.3850544241297,0
70.6393221099203,0.1881155668079534,6.764809969336812,1413.8049264775573,0
72.56744049540526,0.21041208495884678,4.1574619244097955,1437.856166191868,0
62.097072718881826,0.361447738626839,5.703593209028568,1469.716368064369,0
75.78430351663891,0.10499191060981226,4.384548719316316,1528.9894060313234,0
70.6841066371168,0.29529881561445936,5.108661467659058,1538.7936756929791,0
56.274333450894964,0.2856686078329986,4.27825522930546,1516.0386114153157,0
62.568588140314155,0.26834538713390266,4.0085566549810725,1483.2187803490988,0
65.96697061078669,0.3033398280586105,5.417762035737128,1489.1199740647726,0
69.41713848927157,0.2224459972766895,5.32423243610752,1489.6824618868704,0
85.11423036403197,0.15336564035205863,5.915719555375252,1357.3672082171292,1
71.90537044911703,0.28756586329764544,4.97249445576331,1495.0966702685055,0
63.273824880811,0.2906273769370316,6.776281435301193,1453.8196755364502,0
71.7650464344573,0.28842511211946303,5.214677333949629,1367.7735823372216,0
67.18329802036895,0.20356016658553894,5.45341974498977,1693.4306062429187,0
72.59806591626834,0.14270443891093387,3.913256603914217,1524.9042884789694,0
74.64454149628492,0.2153089803289289,4.5087325479019755,1501.0482606622638,0
79.6738451777915,0.27537840140542685,5.415743760412782,1470.3097607523368,0
69.80570803463979,0.28194814318879724,4.932617790069133,1558.4177966918949,0
83.11168422079867,0.16562590983403241,5.150146508027709,1407.0159792634388,0
77.26418130028954,0.22522983169019123,4.346804995428645,1474.983656644575,0
64.3404836415025,0.09529773564112352,5.097557578777297,1423.8263293860741,0
87.67884532598771,0.27879600824046813,5.094836713273389,1557.7250282937082,1
72.61595610616078,0.13733529946199494,4.055651984091809,1433.8607083317877,0
63.31900396822212,0.2628204287657238,5.514039875744473,1588.1062249306958,0
83.22330440984338,0.10805563380878706,3.6399480424656248,1492.057968991697,0
86.62222068158755,0.28251327251472064,5.147390464478147,1561.9592077461646,1
69.73579789024352,0.22574681520182166,6.4124741550604005,1531.98871074967,0
65.97079791699522,0.1374913843506443,5.544440430255266,1584.7395867196415,0
68.6210003403707,0.25530851048644204,5.539439396829684,1425.1858723177181,0
75.7178538201416,0.15277106465557355,4.282058660041052,1572.4498547957312,0
80.2228532402441,0.2599644029956103,6.415249642522289,1350.9929077416589,0
74.56389864690858,0.1780710819695423,6.101374475681831,1503.450140969095,0
70.81378566777416,0.06231622994962699,4.325127981683546,1456.3262454157589,0
81.98409416243543,0.12140670076152504,4.620189406548098,1387.6366892803971,0
67.49730821558782,0.16556682330501726,6.00372483594135,1428.5182300005329,0
78.24735470693525,0.3094551218998862,6.4369179026534065,1448.7475418976533,0
67.69549761318977,0.272091490442338,3.9882511719277693,1484.2758654316908,0
73.44818366408714,0.3299089129857714,4.197031384220338,1458.0120278520646,0
69.0914994816764,0.33229081728238863,4.884970594862264,1506.4020778831723,0
69.55318253877752,0.15721993563272682,3.263124776445988,1433.5873347529143,0
66.98090786030232,0.18492105121929367,5.015236128167539,1461.8513839198934,0
80.75883224944556,0.16709760605355695,5.9485948112239875,1476.874714796731,0
64.13659169513171,0.1462791515759139,3.8490903870114,1514.5676977864605,0
64.07814197961034,0.052680423253083336,5.10168557198007,1567.907782547005,0
86.96794852676088,0.1988201825586526,4.534583436003749,1568.2930405652303,1
77.82278051723465,0.09715475250311116,6.3119567590031345,1518.9987193441732,0
50.91909041045571,0.19726624947725382,4.544166510293559,1534.420241328448,0
65.47793008631677,0.36926166476503874,6.215194470198867,1524.9493532676381,0
55.504085299503565,0.15925239229354332,4.522035943351018,1474.8286259309164,0
62.39447445267796,0.21558192045024538,5.616940644267304,1572.0466402094303,0
44.891882670127686,0.2725318708647427,5.201556494690159,1426.841512601299,0
68.90408337844846,0.22242330335727256,4.8893818667885585,1336.1483625356923,1
60.86446544670951,0.22339873503538368,4.36757714475682,1416.6808490596516,0
70.47924205437151,0.1710078053049536,5.258476337054314,1612.249665208343,0
56.999029928939805,0.1814497619951014,4.64757179001207,1476.3653489201856,0
70.66329482537633,0.12319915822497375,4.448187020153489,1521.9303204947014,0
66.68066977503739,0.2676836007111526,6.178178193100576,1478.0839986743836,0
82.01562372150876,0.060680667470872335,5.438024181994582,1544.9332263061087,0
81.290854893965,0.2776870670705762,5.514911161525762,1505.6570132805102,0
76.28276482408226,0.08770412922038061,4.68672118511019,1494.5126392614197,0
67.3870897547103,0.2770085819261322,4.851217322333357,1549.1022668040357,0
85.88304316208234,0.17169459790302552,4.801138666119111,1462.745764910494,1
57.57571777728143,0.10145050494935359,5.269791130000781,1529.766222615764,0
58.7715309634907,0.24634389160637093,5.513442761474004,1486.0222671137747,0
69.32973520088748,0.27430140280606197,4.975798903750743,1491.4058997429686,0
88.03230487136895,0.16495370815171706,4.365884004655487,1434.512200054138,1
68.3812887450393,0.25764884389431464,5.6084563656212385,1482.723548049098,0
68.53403805432575,0.017193240426451983,5.026723094566669,1456.7005959802254,0
58.464717151105525,0.09435229682027198,3.847330896983215,1590.3936143008875,0
77.56743668216302,0.3033927144374983,3.2917641999362495,1365.274266891299,0
77.62541003463483,0.18210645806416673,5.2383177403683785,1571.140791315557,0
76.31260161119928,0.05102293388409221,4.336420960897836,1360.4593855448813,0
64.9662346172211,0.14409070556464051,5.344849703517163,1542.9772510087969,0
64.34634585301595,0.12612796219799355,4.379505352908852,1432.9815812630059,0
59.65502199676024,0.18672306148216603,5.106548617996006,1545.3057811334672,0
70.67098001408746,0.17033992129538822,4.697278777630327,1490.2912793587068,0
61.35674136577199,0.21431453831505287,6.401536648218644,1385.4117315288968,0
60.58066795800569,0.19444271587099404,5.760252526254916,1608.6894831875054,0
66.6104742647146,0.3087791404029615,6.077837520150264,1562.1317047884515,0
66.08675059852627,0.23396388797757353,5.019238215295252,1540.2540365599084,0
65.69617176942435,0.2366137288954869,5.657888751291905,1448.7704204489708,0
73.7315567747221,0.29321256991156175,5.073320062080914,1564.8867690761972,0
70.63238241720224,0.16889849996563347,6.1756730939469815,1397.3398702721406,0
67.69475175591106,0.0990498045313212,4.9419503477949815,1321.7883101994134,1
71.46410342649186,0.29655762597057994,3.882008527711365,1375.0139304646239,0
62.06778367116294,0.210867339848649,3.401102779796849,1426.240957093887,0
70.84222899127742,0.21114809663191428,6.334648895651612,1439.6130492727573,0
71.20481994275707,0.1493336062775811,5.382803579320687,1465.212514492313,0
57.975625125140155,0.1506515733517138,5.435405480033394,1468.765341230429,0
77.9655500349629,0.2677377871016675,6.191718273833265,1448.0129374167175,0
62.94853035818404,0.27877246385100884,3.6786120450192357,1330.6948182267058,1
70.72247839365149,0.2627058724597327,4.713119027814554,1515.3698694088519,0
79.31529392428216,0.26343692843563804,4.811144136307973,1478.8260197238933,0
77.40541406171096,0.24552236298078073,5.593820186565612,1444.2925132362093,0
70.27466710855069,0.21052181840625253,4.445887819919294,1611.8417033098156,0
67.10000797694344,0.18596962525432156,4.038901005188168,1480.6267708355708,0
77.58009526860454,0.29682590799532427,4.031721079202314,1504.682538596494,0
75.39755982246896,0.17010233036076533,5.919534461017617,1563.6680121426507,0
65.05307983964695,0.22959833711045977,4.405974324957506,1380.8111326218004,0
63.640850823986476,0.1356789601636603,4.558386012542551,1498.191195706568,0
53.42115854643201,0.14725607705196397,5.507598520582324,1563.4038283213301,0
71.2322547334687,0.1811076345714219,4.44084367341208,1492.693687784087,0
69.33841803985281,0.13568492986182693,3.6360412617954863,1395.7325930651527,0
79.08953099714034,0.26382814603826404,3.734639061020081,1461.401964404378,0
72.87244074784293,0.09215725987639765,4.9545540826276335,1515.1189316594919,0
80.67383355338153,0.20793836987048583,5.397862744292177,1331.4497687880694,1
64.42108617667063,0.2106006477473745,4.838203804919664,1391.7871203919005,0
79.10520264774095,0.05513603373442555,5.344354163047255,1657.8829516748087,0
65.76866896716275,0.1647180943581113,3.7097299791938916,1538.767218214793,0
76.22076849433817,0.22045596304385143,3.7637571672255135,1618.6776448573025,0
58.32993285975445,0.23429823946352546,6.803148733035393,1569.3054161206305,0
71.8810823949295,0.18365542331198675,5.986227417709344,1531.5186914539304,0
54.12249646843272,0.25415105635845725,5.615177513518814,1475.2736608845196,0
67.86290011246597,0.19125469942111675,4.472220263412448,1530.4971099507854,0
73.5228319510233,0.20109223296600454,4.809595047415639,1615.9971352689884,0
65.83225159015123,0.22013230951892432,4.99865814629312,1566.0431138533943,0
61.596498969952265,0.2741599702987335,6.051476890973219,1513.3448243877424,0
76.76894775436747,0.14594255980675747,5.322226213156073,1486.2122344640286,0
69.1722976812246,0.1610542501985362,5.420731041030241,1539.8658869976691,0
66.08343482375463,0.14648828066166283,4.8658760519060005,1457.4365914167543,0
70.33516736923421,0.17342418270864535,5.634132053472068,1539.877952833156,0
91.09335313556471,0.3140987406463812,5.241858197945018,1444.1635607203161,1
79.22802279825235,0.2458180255463858,5.035218186196544,1471.686329001166,0
79.30058934550271,0.10951282038649265,4.405532662250983,1417.78356270268,0
73.48437055193891,0.15196424275290604,4.909142606318694,1464.8189564724537,0
71.33188218061717,0.2298213779421122,4.136373836976036,1445.3017873211004,0
50.83134169335667,0.12747937752537836,4.9678887952104365,1635.3532312887287,0
64.56815722829495,0.14197279673481947,5.071129086371919,1428.440339421777,0
66.15540469438021,0.3075967732939319,3.076385292314949,1530.7868236486313,0
55.00086348761974,0.15092994972214507,4.815728368719597,1424.2494144517134,0
60.74067367827653,0.27637334528235097,4.059295836316326,1503.7516829340893,0
54.153308232618926,0.3004258551624751,5.3989114604133555,1523.193232156351,0
69.69340931442102,0.14132303270648286,5.509727794840796,1351.911706086104,0
76.55012776679052,0.1288029954754287,4.658928145867746,1388.183880934224,0
78.85419614899463,0.1779094330815068,5.439217669697532,1423.6261447009613,0
73.31827569663393,0.11290978234611,5.4728535490680486,1395.741050076117,0
62.292829270411445,0.2096827102802194,4.816227328470585,1506.7268161556412,0
54.543478731840324,0.1835478470517291,6.2274295802429265,1519.4064167003892,0
55.945050404787985,0.22884640127090414,4.419940050394799,1414.954243570597,0
59.84813938196401,0.31175547649862567,6.1770925626025335,1509.9358749546043,0
62.8891224157146,0.26539879846162556,4.819840456653435,1466.0737108982894,0
68.72201201606731,0.2391391820329885,4.325338917419226,1492.041917314489,0
61.886686254984255,0.04271612696256655,4.7187612193564945,1449.7261368315267,0
72.71180714934609,0.23547007856819002,4.120488617816541,1539.0125385969716,0
68.14181197760422,0.3378102128563639,5.627646293911362,1630.7943405550143,0
70.0843656939282,-0.04084180130508133,3.717784817539779,1561.9467372494862,0
79.12200442136964,0.25515060343805,6.111686843015061,1611.4712678943295,0
60.55814612639704,0.18725131401948286,4.251306238602831,1387.7740173514967,0
73.34963662633895,0.13201639975816443,5.669322697476764,1445.9432718181486,0
69.88821417219141,0.2640902867129563,5.019380688848375,1545.2188666238412,0
67.33210975224245,0.33677647204858646,5.216652226439677,1620.6635339906754,0
77.08205056692768,0.2620184583070203,4.527965302978109,1552.0352341525258,0
77.03211323645606,0.1703046438990779,5.282246400266506,1417.902073170091,0
62.42807363209258,0.1245224140473475,5.107979430840691,1465.2274132144896,0
68.54271532913661,0.2115702107031635,3.833671145464538,1526.6723549270512,0
72.24969346067252,0.2698535433905271,4.229999997653394,1486.8272382695402,0
67.81594601581932,0.1690357579013018,4.567270311192155,1436.0982033825303,0
74.68017065830239,0.17676936066793628,4.39600278549884,1476.7796445324457,0
72.2495361432822,0.4257600199870719,6.002248756306921,1498.8451184992336,1
84.6604899228481,0.28629215567677807,5.005611347077999,1413.2062955617937,0
57.7577669125617,0.2920102942714906,4.377062921888094,1578.7607258029389,0
69.02051208202082,0.08317712751529505,4.607384140797568,1464.8308141952768,0
62.73197990790247,0.14342490565652316,4.596429533162347,1494.1939018951364,0
74.83285964351235,0.20597453115633912,4.769560422395948,1582.8042162979189,0
57.06262487963564,0.11990899536918805,4.1397364762243205,1490.0001067115236,0
72.77050168179909,0.3280317839111435,4.348855111522145,1578.4287062753272,0
64.95961254921328,0.31282498452725166,5.613285528931368,1417.663931126662,0
64.12670507103189,0.1573163730092757,5.148274482693531,1534.6364731693027,0
58.4280143716745,0.3427134885285988,4.87812996276784,1567.1457884571164,0
66.27939243039195,0.19965983226240464,5.00209825385208,1433.6105601216761,0
78.67600424232741,0.40715117739112394,4.963551394739672,1485.7304326106876,1
69.79849053176416,0.21157489044200292,4.832695116214685,1487.3859532295535,0
75.0214433429958,0.24609542002627377,5.413683870965983,1516.7711373719765,0
83.3171345757302,0.31199227529356466,5.354527988678341,1537.9841293871814,0
72.1100446785806,0.30221066798462476,3.7425896214182277,1427.1035041102152,0
65.52960342350127,0.2408585652908715,4.8947502512726055,1495.1956113358947,0
73.73801772146231,0.18870877444449313,3.7953444805273877,1627.3054538859665,0
65.64563082948567,0.24113061599944954,5.508461762764565,1584.3101433299844,0
65.96461853362264,0.1347052662499108,5.614133245480227,1563.507507619507,0
57.84085760304812,0.21217069750912929,4.511376881886643,1484.5776321652295,0
77.41005992867514,0.11125539740016042,4.906592835732227,1670.3064659781699,0
66.91197939480449,0.0575294687935759,3.3108477623022035,1582.3851350805007,0
71.4567859665269,0.20403414113115545,5.778231851273621,1502.9935094343546,0
61.71230457114689,0.3009822312537338,5.567738992201122,1517.6328572472562,0
73.48758103772379,0.27406437132768474,5.9200682093900205,1463.2920276208768,0
63.90447009491933,0.19344701634195136,6.18923531226968,1531.4697352926644,0
68.8663302263854,0.3397591758540397,4.02071256561858,1547.446002698153,0
77.022608249913,0.1544750887322741,5.710435361310753,1556.2086467637678,0
76.32607449786023,0.046573387056158155,6.183443555534768,1485.5452886247642,0
69.82375941986447,0.025431896463923048,3.804337703176611,1382.1040529897862,0
55.85495173834625,0.10550472475234264,4.863031030523429,1519.343067694386,0
93.94248456048513,0.2653299794609783,4.7092784134164605,1556.5434804744484,1
83.9668717621851,0.1492157853226091,5.684369491353198,1421.715732771584,0
75.78139859910638,0.2368766913485842,3.0848471469247363,1492.7333937603703,0
63.974369747272235,0.3317026706867182,6.4527661569857555,1607.3172660192315,0
69.09126270638428,0.11199224299377553,4.909970348644325,1403.7219953543963,0
65.65263656178786,0.2382799785436712,5.732875521613717,1477.301252016923,0
80.1108475127711,0.2431170458124578,4.951810209846728,1618.971131835068,0
72.10002312681468,0.13114096092215174,5.393700040783739,1512.6172283291016,0
63.72668913312134,0.30833687401960663,3.14286539310708,1457.9190537407808,0
66.23395920700175,0.17698343555604187,4.692094101759432,1499.4374725511675,0
78.96950514055924,0.16929976152695927,5.678208969074943,1566.0733705822624,0
82.80078277456383,0.36892905747343785,5.230985877370956,1483.7195571852994,0
82.22665250788997,0.24182133938933748,3.690527125818594,1547.806569195126,0
76.05625652043182,0.27402324397483985,5.04913991510129,1518.7992126940596,0
67.97900104957891,0.3083914345217471,4.345006139310796,1525.3662728278912,0
44.06788939736704,0.14796208004326267,4.275664599061249,1552.9233208806506,0
72.37728019046577,0.29998568776429435,3.7834445813466258,1476.4137533621365,0
69.9853699292472,0.1598484708001864,5.494962097525704,1424.439139770217,0
71.11985677057083,0.15643012885293622,5.890411555148508,1537.9516484357684,0
70.43117877626565,0.1782400022153491,6.696114507330276,1489.4076709778585,0
59.389902704406744,0.15023481320440363,3.8207612866056575,1464.1511019269292,0
74.45926845480949,0.265772514612573,5.613897728981181,1542.1108231446437,0
75.0577305122548,0.22137685241160446,5.666537096336727,1602.1877664954957,0
75.45871025647727,0.160702046830631,4.535596258225594,1487.6337293584972,0
77.57261602858709,0.25396040265238573,4.265937291672535,1500.6759630846489,0
74.83241315937299,0.17798540500909232,4.131406143226456,1405.4586224698896,0
66.71976470768871,0.1737543703708259,4.578117405231827,1482.1844313270503,0
69.43330521667127,0.2038947107921235,5.16209727668476,1517.703235748068,0
70.72899893802702,0.2370768284532974,6.0880896084054505,1498.364472104981,0
70.86159559285295,0.23118781195019358,5.884270670408093,1471.0275333716718,0
77.98574124777383,0.17094006541977358,3.7076664445850698,1558.0673336106854,0
75.14935002417992,0.2677688965951522,4.36892540111959,1504.6406142862631,0
86.61874751655962,0.18220846791362752,6.039712299447577,1707.104249470532,1
87.65175183907738,0.1476012409113025,4.415125733923945,1516.6175411884883,1
70.6371966609114,0.0825582680986119,4.954468669271859,1280.2797717847643,1
39.30675561232505,0.27865427847992175,3.6357688523087317,1411.0374713011884,0
79.89465972901813,0.20099120609552062,5.922426732410359,1542.5695423415764,0
65.67698928810357,0.2168697886808412,3.4698014353188897,1448.5352160047096,0
63.58812862535194,0.28366423325596124,3.685751535370705,1453.5015785736364,0
66.81243780008506,0.16180750147217474,5.840653648669363,1400.8616124837818,0
66.42685562548314,0.09004806012206973,6.536049343653246,1461.8614023479736,0
74.89815848084314,0.2055824561772175,4.7675111322200685,1515.5142204699428,0
57.5245137669902,0.22463692416642364,4.96250975050974,1530.8668571510336,0
61.378234033667184,0.1789720747071702,5.726623647826391,1418.408347880178,0
72.74526843357933,0.3178990062460935,5.231558251757906,1564.4324890653188,0
74.98355224330646,0.0011066745822914947,4.701425456498669,1404.6904728156062,0
75.1323331594881,0.28960453103198264,4.611637102891446,1535.0364887192998,0
63.70370976853361,0.26329229202913806,3.7465616340120134,1526.9637419709359,0
62.17387480587008,0.23654166221603676,5.186353417696176,1425.2513451972409,0
65.94692132969665,-0.06687212395752767,4.926466542344419,1415.7347579132834,0
71.9189820182778,0.3027111026616215,4.649723056709855,1530.5832352483906,0
81.8838189541804,0.1178852711491292,4.198548163550089,1455.2093985117847,0
53.620502513834,0.15938464172932906,4.279575317365255,1484.7600523752083,0
68.23416994433306,0.1863525868167945,5.49470153640536,1554.9868654331833,0
59.33857247179837,0.23259344277215804,5.705330918727237,1538.3309728984782,0
56.78205858117208,0.251154243375404,4.738307074967507,1426.7244387924343,0
77.73565316275854,0.2714272443455437,4.6540163414028966,1495.7136647762538,0
74.35699659599472,0.2652682808062813,4.317081562708637,1425.222783848573,0
73.5954681275781,0.22023417633705009,5.749456034859406,1569.595115996507,0
77.36820671784795,0.2332738127246073,5.024796615724726,1622.921349142536,0
66.16224882587092,0.11273970273422029,5.294320783461812,1432.3923747845286,0
66.53889986933177,0.13991785545447824,5.286776104074771,1497.506631682691,0
87.4858449337806,0.2716368178939866,4.753838703572851,1573.3968809064888,1
68.02743156592341,0.26697675893829453,4.067711920125262,1501.9368806662642,0
75.88105690443273,0.2579039533155537,4.203093475451265,1544.9204229904342,0
70.05105232770651,0.1588466590674778,5.902308426117961,1504.1285065208754,0
55.21393175937268,0.2728393705554957,4.419452548119542,1415.4557033690312,0
53.642967969589854,0.10710044380157137,4.671710144201319,1509.5140013742298,0
65.36812624048076,0.28618878478898185,4.092487571703032,1590.182691138644,0
78.44881001335992,0.17913033590032879,4.027146784858875,1525.1433655846063,0
76.30633325308803,0.33473363250725063,4.384668002377022,1629.8939427031355,0
77.31261731379227,0.07828463263476121,6.350725747395567,1358.2796912782858,0
62.10363056850948,0.3410723236734817,5.526429912953943,1530.3237959712164,0
82.92697992097851,0.17108285366692305,4.578568902861101,1448.1593611853457,0
62.280853598508926,0.16964165951906046,5.866301435641597,1429.9495071099382,0
71.70259518935976,0.21558710551884777,4.878160901362842,1606.7534886857384,0
69.91718168073811,0.14423368697594427,6.083472037593471,1479.5996017848497,0
68.60900943748331,0.19421367989581545,6.76938428031697,1471.8763790933358,0
80.70873710636485,0.14098989877833165,5.822529391412953,1527.4860708095107,0
64.35911583867231,0.14391491752166505,5.075640764178062,1327.798523756296,1
59.20315795430457,0.23895087602404574,5.5594478988130875,1608.3892751906935,0
70.15996388965135,0.1278747603757187,5.01205697542577,1652.3544251291307,0
66.8013861257078,0.13854446119956143,3.531201308819966,1573.2090756017785,0
97.01906335266116,0.09017670002028728,4.476299668630364,1532.9591792457118,1
75.4120598115198,0.15968554560309284,4.238726723477426,1482.6739658286826,0
66.725275398251,0.30492816237791376,4.4585671665353015,1413.9830144974255,0
61.55110744650331,0.13232530879176252,6.434937146111555,1595.5251052586211,0
54.957692715449724,0.14146933878502072,5.897719794283727,1573.3073298615097,0
61.798247314100536,0.21551375571852285,5.352707841153318,1536.0093003933907,0
70.91953417407305,0.1703362852960379,5.649874360361086,1526.6903111558674,0
81.41862921275816,0.378252354667972,3.486309211275315,1524.0473931092245,0
78.97351313910335,0.18699776282589947,5.582546970471624,1457.9250624168537,0
71.83275865317104,0.22681746769738975,5.751699452961734,1700.093506234545,0
67.41465867438012,0.2755015027839458,3.2082022498501734,1477.1501167582144,0
72.15049885129723,0.2739662292690281,5.612189403023519,1465.8636645217248,0
65.85089602012339,0.21866300652459036,3.860741085866332,1589.648504963612,0
83.746911966111,0.1871098010651199,3.4239957148431746,1497.6635382060522,0
68.48647854979936,0.36192228291034056,6.061054573487663,1498.4804387797728,0
69.30929713402618,0.19201917797485868,4.194360761910126,1613.1655497663844,0
52.27342059983465,0.16466479164572156,4.427242608492498,1554.28921964403,0
68.43652122781789,0.14833208093647854,5.791683634205876,1558.3534837419434,0
76.69187310371953,0.06185574378345954,4.755809382198079,1386.5831604645825,0
61.45821938369164,0.2657292601789731,4.855867701016734,1532.0432142887237,0
63.994237324057494,0.012154528231933887,4.8383304748496565,1419.5513651524097,0
76.34168814186931,0.19954217272760635,5.278079016779828,1463.6004794604062,0
58.186742211855574,0.1836111492582892,4.818932466887459,1514.0513015650256,0
78.46240806033535,0.3791972153785158,5.091300859487281,1497.1032158339533,0
65.74284887861518,0.05346790170290991,4.597153499669835,1552.3374644823018,0
66.89145423607037,0.12791173704125144,5.2814556719034895,1561.6559721473288,0
61.00897275899525,0.18911228330546806,5.251074425523654,1567.6507071426097,0
73.02437008342307,0.18419765300246654,6.518308670147346,1392.463924548787,0
89.67897588023504,0.15603643273519643,4.694999240261038,1689.0126609629501,1
76.25197791568506,0.1935209672478266,4.852667585756016,1498.0336904979301,0
63.085717904475715,0.0992349816904207,5.191059460749633,1597.0346682933769,0
79.08496468393182,0.22857543031959512,5.771548515451776,1298.854972177392,1
67.466563632526,0.014281172633793748,4.126731877458239,1478.7736960189036,0
80.99587985142047,0.19793845152981945,5.082861217420055,1383.1454321863246,0
76.45341121731491,0.15197146445891413,2.9937391711559465,1431.0907704032786,0
46.454867476226134,0.28130303542053087,4.782774466622084,1504.0444601267054,0
61.96736293635978,0.3404248856506644,5.858181624079489,1473.2200449183313,0
77.55508178268312,0.17351582649997138,4.419086050922146,1605.1213605704866,0
71.21325817716014,0.31125807433131447,5.14147009222825,1641.5193597578682,0
61.8099524183372,0.17471069754956714,4.576875540493118,1422.6532629814374,0
64.93128387604949,0.1227098781496728,4.312478241813054,1460.978786770571,0
54.750107039284956,0.3396722905748496,5.777188798614481,1417.5129409414333,0
69.29301369978883,0.24166211557872055,4.163793048123477,1592.4720143533964,0
87.68551780812612,0.20035508180878517,5.234372235090475,1512.7234883779,1
76.4394671258586,0.2549741980078919,5.246681296612927,1502.5864935969878,0
87.52333600950739,0.2219372028104134,4.318560386369101,1524.997312858187,1
77.05917671831985,0.19446244736467858,5.124548205566103,1475.106328716055,0
78.21983474682153,0.09388521381536029,4.252041730025618,1431.4823979330777,0
85.79262950196019,0.17835706102709867,5.417433499927326,1504.0843803032637,1
73.01810607473782,0.24986043387667783,3.948043428285685,1478.6393307970052,0
68.50218142794496,0.19017828594505518,4.728315597446527,1527.7619261819746,0
78.2612601329761,0.2721860608904309,4.79778267227368,1369.441714518382,0
81.63072189697507,0.23069240190934312,5.890364270568536,1514.9086866170633,0
66.16028285830232,0.12974909455316747,5.112034457369513,1444.86031953573,0
64.22744734127977,0.09446624337343011,5.764010792089648,1512.1043949930845,0
71.11084825944704,0.18742572000558658,5.443752838791903,1572.40716874966,0
76.6519909354533,0.158061724151633,5.438642400716607,1455.5001799107838,0
76.38472838929249,0.2269057447697349,4.7344534478159455,1595.7376412616145,0
58.60665919849921,0.14254898729898163,5.816724706819909,1360.7389931992318,0
85.29284853650657,0.15076861393960983,4.715063672558398,1623.5063064417109,1
64.8706805648252,0.284245577407593,3.616139616055914,1599.0795241878332,0
67.87948002489136,0.21185623749023183,4.828170265226485,1429.072829127163,0
62.77876512009744,0.14378183476581657,5.362781123715255,1429.7419670307952,0
91.5866306874967,0.2014113446988016,3.7146994250297496,1380.4035237528626,1
71.93656536230374,0.3103128994401346,4.291918113023692,1573.7103033696512,0
63.19219935454748,0.22350293506197783,4.015529247858115,1473.5671349854242,0
76.91138839969956,0.24743606475401037,5.629373683767171,1467.6984079952956,0
76.15308623448027,0.1398212370778046,6.338290109609996,1410.1748029809128,0
68.49818381136093,0.28211355017076806,4.832240676629427,1644.9579115548343,0
76.72485370226707,0.3854481808371042,5.425224290454607,1422.17912562801,0
63.39766431335308,0.13668258859897173,5.404415492719779,1501.933291098019,0
66.05665380040598,0.10544848205024086,6.243037557151969,1517.2775767780556,0
53.91826676347149,0.21404337950681188,4.477957676837915,1468.1063053726155,0
59.408391326243496,0.27004040398755286,4.8240968281933405,1451.928742749993,0
84.46104644536548,0.1926888262359791,4.727385080460754,1470.459084450123,0
83.13142902177852,0.11574348831658698,5.06029379203221,1545.2266666202397,0
70.5263091891917,0.19131326705756882,7.003453441693447,1472.2354275990501,1
83.3034515775187,0.24784738182219637,5.024648892157851,1630.0436549839624,0
68.71940410713356,0.16743745384431527,4.316231477914352,1437.8369051357124,0
68.05271757945674,0.24858040142039373,4.076402218485505,1560.3285402136273,0
70.45208518772445,0.2931768628191928,6.0021160058504375,1359.4881030532351,0
69.00062723741148,0.21921845006163582,4.312596396817536,1437.8459972131209,0
68.27842941151856,0.1977641782977366,5.530869567359276,1434.696626713663,0
79.14718485719642,0.2663475140181025,4.4562469365930975,1411.6869173469072,0
71.20108523164963,0.13151193380502157,3.9866458107334624,1522.6778005804483,0
75.69985411547043,0.1236232133045662,5.484159680241457,1491.1850245126284,0
78.25104420221865,0.1786742172056812,4.4954041065891746,1317.6937825717675,1
73.10548636523787,0.16064964361484263,5.340340511391115,1659.642835140201,0
62.23782939273409,0.135732641976762,5.399426352676835,1514.081295547501,0
59.17707288828769,0.346437477999902,5.437012196009975,1500.0941883612595,0
71.19024507845845,0.3737594567595433,4.7854810528454506,1604.8095078877589,0
68.62994956140052,0.17170359661955342,5.548946845203766,1579.10887115132,0
70.69913143136097,0.20733751597986924,4.261962937241534,1476.1461364881202,0
69.8715676860113,0.18497257439489673,3.036727799148693,1343.7989552239067,1
90.66858928133254,0.2885999392094525,5.565513738496087,1545.1508516228373,1
59.358189954869296,0.3044516449472038,5.132472403869976,1422.9723060201077,0
54.080429841431,0.057818896104828266,4.511937404788823,1599.1411566871539,0
72.65901466815687,0.23808086400525005,3.8230777904199638,1437.9069069921845,0
66.98861956329444,0.09545429270710813,3.3707373609317255,1463.850648384802,0
72.5285429578396,0.3406617726300223,5.041394678567178,1392.5455124288528,0
74.671064178272,0.23521984241683186,6.3190287725839624,1399.0163711197733,0
80.27283756143117,0.13413203693098913,4.889154066855216,1491.2739695440875,0
57.94219343692849,0.18069428896497175,4.710931690646763,1483.8192377205653,0
65.54625681714269,0.17688181933870734,4.980505726003326,1461.929390918332,0
73.43009007104611,0.24200903543086527,6.743364089527016,1664.2409299207104,0
76.16370876549782,0.2833530083341983,5.601523381322506,1548.2917092895927,0
87.54759640230708,0.10814341664226322,4.253139798639689,1500.8194658341001,1
77.64563176891093,0.3471003600729691,5.022483123121683,1279.4139399784215,1
69.54569123290979,0.32845520862566746,5.265949528923953,1566.0614582955454,0
62.87651397645871,0.12997411459271638,4.154928906736924,1739.562903849129,0
65.48568117824784,0.20582414354898476,5.607309297874048,1484.9639795582366,0
65.25837741634315,0.3368646835291453,4.345752962284517,1435.1589981494255,0
75.24186902811009,0.29863348693419867,3.7912433861279435,1513.065972379288,0
72.05597956468664,0.17306055759616837,5.060906843071822,1385.487301387823,0
59.41080343326257,0.2651471851654299,4.934275312407716,1536.9648435413299,0
66.51278824727653,0.4397758633375311,4.999182478237844,1620.0175171149795,1
77.02038042761137,0.20841279854809697,4.38828430586977,1446.325511957251,0
72.81329883979247,0.1493881398847985,4.499909905703167,1448.908737378725,0
74.54915692810216,0.21379358816731195,5.902757328295289,1493.6243337015728,0
73.0633736804581,0.21972416763978544,5.352868492000598,1459.902461448181,0
83.01144587687088,0.15803706087999217,4.234603138738172,1379.0146233699365,0
71.88834451059496,0.23533000542513738,3.439442484463914,1469.180984593236,0
66.91181761703442,0.0996479152217999,4.268466878310232,1453.0392624553572,0
62.67395967093152,0.14675729063930568,5.125839257728153,1609.324389066742,0
71.99687566567769,0.2606595820923838,4.494454625316447,1592.4299775029342,0
50.474367881799324,0.059610331876619904,4.432279835858544,1611.7850380197544,0
68.52568798533831,0.27225340735958214,4.52867164885547,1564.1380001357368,0
68.35328112062925,0.039041490743543766,4.941833949810969,1516.462632918486,0
59.084233171061754,0.06149403368989481,5.627702330366679,1430.0473578044505,0
62.57387329075203,0.16008170055552917,4.999664636843446,1606.0892502121706,0
76.47726024118593,0.22294910742554805,5.0495496172141205,1527.8231549395389,0
71.8456939925997,0.3060210882501911,4.8201117088937435,1400.1575721811957,0
70.81430666965862,0.20460982105276765,4.600514534276209,1426.890544624967,0
72.45078027145618,0.18027571139392082,5.715392697055944,1398.900385434916,0
70.74102070359139,0.24636649983878434,5.593921654275357,1335.837683150673,1
79.94290050286652,0.13032809436256526,6.63622393413284,1531.0817747959304,0
70.9874334536292,0.2111532127477125,5.488451438711403,1400.9699702533962,0
58.334295089449995,0.10404429936357121,4.601268542554029,1439.52437753354,0
83.04103971899528,0.20660724135003306,4.2762789527118485,1503.1071702918214,0
72.96272213863077,0.18961309393204775,5.762356208569293,1484.9685660890198,0
65.28597015363945,0.13565856628404663,4.348010492551912,1442.9246526937463,0
59.97278625363985,0.21320325092301914,5.647789349217657,1621.5143210449405,0
73.16731376766437,0.21268397225277144,4.392068804885909,1377.867640659812,0
69.062623960205,0.2940363209871308,5.279326707029824,1381.3307081319674,0
82.59317428825926,0.071549327754977,4.15219902810691,1536.627512607083,0
67.23274175466538,0.1939160873842366,5.623908283465665,1449.9093628519493,0
63.30095368254027,0.13917900802372166,4.0130626755926,1446.7801778825185,0
77.16636974588742,0.26958096465410336,5.218365863605362,1413.6771175083231,0
77.40225514173466,0.2603129652153706,4.84172805261839,1527.0560949181574,0
71.34921094088156,0.2406303876054897,5.081445149781008,1518.0505499690503,0
75.41085638139927,0.14369333935444295,4.6833569326706925,1509.5298486938757,0
69.6985030340621,0.27083764663520765,4.664592042103207,1453.3634462943194,0
71.87092080807398,0.07758952570053347,5.123824963207817,1439.9176317270956,0
79.31992706051139,0.06117514371257829,4.1982892975281185,1486.952492914252,0
75.00254667217203,0.09793032000784609,4.1935823506666585,1577.3231847389209,0
68.645804493339,0.19732201517384754,4.71316040028927,1625.4527518509253,0
80.8189003674092,0.2540131520790635,4.682023888224794,1588.9084250423864,0
51.081157017667906,-0.03808259792076196,4.1956828289565005,1540.4589873516773,0
86.41658649137548,0.3058194265503829,5.7393717543317315,1578.5740938270826,1
56.35232724087412,0.21048897569427474,4.732421265254716,1405.4451304090203,0
64.98325740182163,0.07457821219281799,4.8186702376031105,1442.8983780331391,0
69.67265971843945,0.2080757576231665,3.9379773392243624,1541.9518804560691,0
68.82815463417471,0.2874020331742736,6.6573086836896955,1490.5471306361253,0
78.05128832021244,0.24795528122450072,6.94165391644393,1527.0005103589076,0
61.53730705111813,0.2879258450043173,4.375681137276521,1578.3572152819127,0
72.0861345398645,0.09070026964823114,5.9808691049352785,1565.9222627544661,0
65.37430321424196,0.16687958118892765,4.926549293009928,1412.7229191947042,0
72.36112783469933,0.12602462155811744,6.2830156742504855,1500.9475444878833,0
69.48182192161698,0.33740641640354546,5.268986469120309,1426.334193451089,0
70.74348522146383,0.2511490274789304,5.079809735013919,1437.8145569087933,0
65.60060134028524,0.42776076711661126,3.0005843683051348,1363.1304795930705,1
65.91948839923134,0.1625912373266218,4.297115221258654,1510.688035388364,0
72.29818011221941,0.14202606306541563,5.016416535659954,1357.2180344694375,0
77.54972404604835,0.18857386891238798,5.158933002163183,1531.5306591081742,0
65.21376532641722,0.31026857771380395,4.0281330288500925,1608.6758088786216,0
63.049859643416724,0.17071042484997223,4.416982777058977,1542.4268895184412,0
74.9076813253747,0.20995500783255555,5.442757613800656,1504.1510686268607,0
69.73996885553848,0.20773525623094558,3.893431416213314,1622.7558500322477,0
76.64398507188761,0.20315974089617517,5.106983778978831,1526.1956557895649,0
62.753622293030816,0.14780812316300176,5.990362825191244,1430.9805344570505,0
55.76448859661255,0.18901671456717067,5.308375703289457,1510.0085161384923,0
65.73596734538933,0.18559179189189137,5.2683893945327815,1656.775320047532,0
63.869179125879874,0.19939482722602808,3.383878840657789,1412.5888932286146,0
69.3696927993576,0.2754813454522167,4.3424697788656825,1389.5900896212218,0
64.90523828583689,0.3408502427699594,6.6433614668728325,1549.1926917873232,0
75.9281356106916,0.13276521898642346,4.520670465963255,1482.075746562953,0
67.69479790061988,0.1686405100169828,6.011580967637654,1457.4398499600118,0
71.20379599019121,0.13399904812750507,4.511327288514973,1399.2656463838528,0
71.26107646752754,0.21496812297778184,4.777743598792429,1343.9910209610605,1
71.55964073929749,0.15693204339912187,5.412469476282815,1383.4855968934864,0
69.80696711636021,0.2191837466993591,5.080554412795208,1629.1940420261888,0
74.08480552328251,0.28829015283558296,5.305209960800864,1499.2900605484417,0
63.63475892939354,-0.0020665348643686687,4.34528779621841,1343.010841435725,1
81.19534341323106,0.23934239116805528,4.090983848424995,1594.7268750655012,0
68.10770093305172,0.1631850360881697,4.291302708487599,1598.786717361118,0
59.50760689681054,0.2368337814387511,4.574145486830107,1598.3387164546268,0
71.50458685593418,0.12828244497998398,4.816574894354071,1466.19749524128,0
63.19055614042012,0.29570087906455,5.829820304511856,1478.4951510605943,0
75.32267627607101,0.2730624494432228,5.069873164820039,1511.0102290966468,0
87.67684460833902,0.24546817188341144,5.387677682006868,1612.0837206395747,1
63.7074232675372,0.2634580574248079,5.113280810064106,1455.6079184729092,0
72.65897866579188,0.14035036262622613,4.107652597176979,1439.6469404335428,0
55.95595529036298,0.15043009962485682,5.013815620804519,1555.6541494685728,0
73.63124183553077,0.26019489606539836,5.104625688153229,1596.740378707973,0
62.91428960160248,0.13858166857851106,5.607938577073046,1495.7767444626754,0
65.00132305252414,0.315650803732647,4.145129544285228,1553.6351926241553,0
61.189708081281374,0.17411271429751748,3.367671307881311,1508.9957411259227,0
75.85720980843789,0.24015155118884976,5.141011052136398,1479.9004315116383,0
78.0584348597861,0.3679399615404072,5.283080001270704,1433.6577441211318,0
70.18708171726806,0.1435021316745539,4.856492154946362,1407.691207884244,0
63.084586357314244,0.20550094006758263,5.0224167205814325,1450.818715058359,0
82.7161842888309,0.2843346531709846,5.703017902866244,1421.915265130518,0
63.99671897796275,0.2761021911101225,4.632955538777993,1522.6786026447544,0
52.703741600580486,0.17377477518085135,4.777087326273136,1597.4036613933429,0
73.66711207965655,0.15866156499825168,5.063229155691065,1516.320748109672,0
61.161802610867866,0.18134912539639586,4.0241482566645255,1426.3437328250664,0
77.9088703479934,0.3158286212921091,4.878482219961796,1568.4301664820769,0
66.95089842661265,0.1776715314912043,4.949005346132635,1523.7505196879767,0
74.82970592435358,0.20624925539867722,6.30963377145622,1539.5860816569425,0
81.21200277241726,0.165857082326126,4.761507473897232,1458.450583113411,0
60.329129083034225,0.25644388518367894,5.160008991955574,1590.6701257854793,0
65.47250295286075,0.21244200300669253,5.734894084311794,1590.2612558543165,0
69.39463141874349,0.11972529513934169,4.330012219751658,1485.2746284273248,0
82.30041055227474,0.12249407087720046,6.100592309500933,1557.4761477282339,0
64.73293825647643,0.04011155467555946,6.411096185645823,1588.1191321657334,0
65.24397043240795,0.13349428726995072,4.97688296988106,1462.7702219129183,0
73.82512460444647,0.26351566429057377,4.568459150832496,1493.5009081892156,0
65.38217019431544,0.3059008430409814,6.301695539512311,1506.3833085761926,0
71.22020706318094,0.25484466905737474,5.636504698214519,1412.1743873403361,0
57.587700632254986,0.2443705760512545,5.065575363731069,1535.3330009243525,0
87.71463954045277,0.18987791603770804,6.141475055692562,1581.8018252479526,1
59.21832615752477,0.261993164393119,6.056793750839455,1488.4891187025721,0
67.42597836807833,0.22290225784655077,4.730994436833422,1527.1880043481815,0
69.74015171326324,0.34435591775897,5.19898388263932,1611.886463673454,0
85.30150507485436,0.19212437486586015,5.461433990340765,1467.5878500157642,1
59.401233752538076,0.3074406466988905,5.022984023910281,1528.8211998101604,0
85.86963308383001,0.26992912654542883,3.8873035272765755,1454.415023866426,1
76.05741456881618,0.2588354628963327,4.249392397041403,1452.2314960744468,0
73.33676259538596,0.039080693963054414,3.9133897716318184,1527.351460917823,0
62.12293050385636,0.2743351649238169,5.394339442419203,1519.309565385063,0
74.56912993630459,0.18979936168726774,4.052518146301004,1544.4055871622159,0
64.2121070206416,0.16448588044520868,5.1539344566539445,1506.092699969956,0
80.1332900255873,0.08136695670576695,6.465523061020126,1537.2114253839325,0
62.231503767138136,0.19955302928254537,6.142216147929717,1633.2415177657094,0
69.09473204435133,0.2026841277454594,3.5300666824528166,1584.7928324244463,0
65.55781529589463,0.09575984625481565,3.977038823383195,1527.070535899559,0
62.099816300584045,0.08213758616850465,4.378786860656113,1540.3925598669337,0
75.93055853526332,0.2389295584102489,4.064781048624505,1476.0878389196637,0
74.28366997927706,0.26973641048491015,3.676948498142613,1487.2648727089656,0
79.67208159120798,0.21522263279379375,4.991327728219807,1539.3968744537171,0
55.76099913433466,0.29206677197474906,5.564080439533251,1507.0120179772687,0
78.51336561872836,0.19308920125188012,5.76322723097831,1563.4414940985216,0
90.04359124285514,0.19565189804798383,4.6204190634049525,1601.365840275682,1
66.38687128658442,0.12663775770073676,4.782477039747527,1491.8587231204988,0
85.16118889687176,0.07518064179570262,5.284541796099805,1339.2626768706398,1
67.89470982352138,0.3483729707087668,4.913211550528681,1662.735114063249,0
59.02072209950954,0.2905039240199797,5.648485420876641,1447.8004453542999,0
67.55494046074564,0.08859899462892173,5.344291890267611,1515.6129362478944,0
78.38563174140221,0.21246015262650245,4.698956461188777,1558.199382938158,0
63.294588141347745,0.19199629511170668,3.5146909506772452,1612.7178831074466,0
65.1972907279481,0.17808060214695656,6.199225284385594,1644.4827366856102,0
74.74831545834553,0.16727857217480485,4.4511341684445425,1470.8901489786033,0
70.02448093390858,0.23050153175743832,5.286046916584208,1595.1751813554342,0
74.67698361989393,0.26545404203771794,3.466726665024722,1515.8383930699893,0
71.90263632606668,0.23219129352225645,4.990946733291356,1719.45629361699,0
73.83700255641259,0.19035853004966452,5.080209568689759,1588.0355779408033,0
66.54159051352367,0.1874218626487104,5.11888165803813,1485.8020729270147,0
71.85384753624314,0.2749451453538133,7.411034626174397,1436.5541746244082,1
62.58101595443253,0.237075595049285,4.495105300965253,1289.872822038884,1
80.30746898002711,0.20581515704283468,5.656531381565355,1553.974074390411,0
64.92580226546148,0.1971278961919914,5.418585961767501,1580.6759006392604,0
79.03077990039512,0.2276216407689831,4.457088805865931,1559.6368355519967,0
68.13114431213708,0.16253210491524406,5.644535522544744,1311.7268442104632,1
71.61599208605857,0.2657231053846568,4.8685432504553585,1399.3591208248426,0
66.04028359287439,0.11393131505297067,5.700194574061375,1538.4658782317429,0
61.872036550655764,0.16708347921868147,6.568770098737372,1642.8418988384633,0
56.041916899157584,0.24888848763568194,5.12063911250728,1495.5556957821836,0
61.55740673126032,0.10936937493165816,4.775099816745239,1587.3214605273347,0
67.40872917427262,0.07415931658803998,5.841244947048331,1417.2474541249203,0
71.69503343063107,0.20504621403433923,6.117322532747473,1516.570242612186,0
78.0830345062661,0.06428334764428234,4.2933939684863605,1478.0271895234796,0
66.43394032162522,0.0960957156758511,4.63763432836954,1595.0071579064725,0
62.944313885862606,0.2605275294805146,5.54033861747301,1456.8130935250895,0
58.4582817119783,0.18361717939154115,4.894374391668224,1634.1610147091951,0
73.84050894323283,0.30283895597671884,4.23653438961057,1475.383001310401,0
81.06555612263475,0.1036148527250036,5.432555862316316,1414.4109603078266,0
80.1306421436503,0.19248381074941726,5.537191772565418,1417.0954145809665,0
75.6794619851779,0.23196676425662077,4.73249139528242,1450.2058294121714,0
75.1083465381408,0.1063588055896873,5.04907901226499,1529.6453862338174,0
83.58099023767473,0.28254095235997,4.538741544843105,1451.2016019967102,0
72.65665169133449,0.2408543106532831,4.123810059270422,1434.3618099479222,0
75.16903740819338,0.07125703306500528,4.60234831469745,1571.1846441227524,0
67.43372910518401,0.19698065630331196,5.059145880140726,1243.1025111649228,1
59.10365303316194,0.23087653890069063,3.8199286228245626,1465.609469085148,0
64.52920879600339,0.1527954661177554,4.660789654998273,1393.2609481811885,0
69.92672769172276,0.08161080755929491,5.070264104474191,1430.5156449324943,0
70.48628298001043,0.22227670315579284,5.955727928099894,1519.499993887127,0
85.41028683884315,0.3768994360226049,4.749926116159575,1483.5813883971964,1
70.65021734072855,0.16904127206738478,4.003278119912622,1476.3547228423654,0
79.43074755220515,0.32553929450277674,4.832271989841817,1595.1607103171411,0
66.51938206738947,0.13981689425908256,4.546744556727928,1498.9105472202864,0
67.50659291387812,0.21724365080079616,5.441742844045891,1644.484549888553,0
59.367938902212416,0.2617218024700896,4.729675738910217,1556.9753422400613,0
64.06137589698743,0.1993269067222908,2.8315467027365835,1422.6632222774153,0
74.21585113091002,0.17618114808950153,7.953299600958244,1654.7273576227883,1
70.06048144315307,0.25809020170802993,5.113890633272744,1522.248427559281,0
77.54350895917787,0.3513164092215377,5.0713532082468635,1649.7398287391902,0
71.4500315867604,0.2240469539711305,3.7668720224023744,1478.7123565573793,0
67.18037014689807,0.15871518587757222,3.8283445872307107,1521.778539792634,0
87.18637491029567,0.18481987541922537,4.926440833861574,1534.569133226006,1
69.24877145029562,0.40157661165162994,5.268937065849312,1486.5508980625825,1
79.30400775764244,0.21079256930705023,5.561691311341402,1601.753599646951,0
66.79032634764258,0.1524469041137622,5.189950125854608,1654.6065606803447,0
75.67679583506853,0.10839456668139681,4.0512462374654925,1316.5258977106798,1
77.42412527321349,0.053927912470991546,2.996426712735961,1565.185469999321,0
71.66793576460465,0.2290867419076952,4.919822120497436,1428.4396952119052,0
51.16413661842718,0.2523713594259603,4.572820263512698,1292.5753236904181,1
70.1460196868489,0.16826430560278346,3.9899426207101722,1541.3614605171354,0
79.84368038207981,0.19880236655752367,5.6624465792845005,1541.5418797999903,0
74.21984666422185,0.1063630632569101,3.739538600656009,1554.4101740049507,0
73.56671100183397,0.2106342771862001,5.4935750715652665,1529.6822302322819,0
56.22194452833985,0.23851962564536996,3.871889619986015,1570.002017862694,0
64.23635943459954,0.157186858626589,5.107270948466665,1451.7560958924605,0
73.29086104921151,0.33523621356686717,5.747179457614898,1521.0667511323934,0
73.28306621429513,0.1330314938602471,4.72965334751818,1555.8533014742854,0
79.71733424106321,0.2226781283215186,6.351935867605457,1608.2364898047501,0
68.84106595883125,0.26786537757636847,6.534309060474803,1503.5076378201707,0
73.24659269339051,0.1938168399880494,5.189740000015725,1482.8963547761991,0
70.13099393545035,0.1849218544884407,5.433108296472218,1495.5808884385867,0
62.10445810798755,0.08569070796402703,5.848567093053216,1404.5125515643128,0
51.95366935124202,0.3085873196573027,5.435541097988391,1561.5699428577034,0
73.44807753704062,0.18640854386659234,5.349794574078835,1383.4146474561303,0
71.39157766730249,0.242989233994786,4.580744477779129,1531.277128242989,0
65.05459966319864,0.25381763902881127,3.6501150598578302,1506.7659377807563,0
57.04661554787308,0.14973612063857977,3.8879236694004184,1375.922194766622,0
75.03791611526991,0.18419771165670282,6.905893887009215,1380.4843118614563,0
67.87263940643558,0.3067585880594803,5.257967166244001,1431.704682161619,0
74.45499777894517,0.11062418674076441,4.803453214886934,1472.4846418003785,0
84.91238824329406,0.3702334459805805,6.010661807294327,1618.4383425321132,0
52.86855295744236,0.14041017717789808,4.400433621710536,1491.141186693696,0
64.40319353038109,0.10563860346875907,5.466486613930551,1543.7189548537533,0
68.3249950935047,0.21058472165508277,5.061753626848031,1601.3284301822484,0
81.6386093931732,0.37666786114718964,5.368022000882882,1585.8533832922078,0
56.90877584634812,0.04712272515262361,4.730872104564915,1499.4352229703481,0
85.48688820544484,0.18871874252082463,4.228244554167696,1443.5579779562624,1
71.08684721253033,0.23810120138052446,4.341703141488287,1539.9083647755483,0
69.23199470612913,0.20269199668284252,4.372892638191762,1445.1542545170544,0
68.41552189424876,0.23055373360024078,4.997623750142275,1645.1843722017984,0
66.50989574255976,0.1425573534262181,3.7550918556208455,1569.423879954819,0
78.38493407415324,0.15202225232548952,4.002057107982326,1516.6957043266939,0
61.45183396734049,0.18812618822726404,5.108419438023362,1541.0137412849508,0
72.76331345315083,0.10960895296777992,4.897859964468868,1514.262919161088,0
66.9265466743442,0.19642508788478485,5.152185227405359,1470.5336296069102,0
63.902932411887214,0.1689003765062799,4.963965172533513,1539.8887942591666,0
90.68780140547116,0.16239638518761051,7.01516016551057,1480.568647974625,1
73.35240587802768,0.22564051300789104,5.101390747192699,1654.9350745950046,0
74.90612435728914,0.05434724054405571,4.696736280410179,1444.5837279785203,0
79.1022142453493,0.18167279172934772,5.080905428289208,1540.7037940210594,0
58.62920043745162,0.3853883012491889,5.815964034008264,1437.3818805572657,0
84.01833527297626,0.11311122509395001,4.960297288498028,1436.5468693173298,0
49.9283425720394,0.30284003971875306,5.547782686908997,1357.1128108654004,0
63.849868719691834,0.2043724896730159,5.316836771521773,1532.918008381848,0
66.3277466145688,0.15176337528948655,4.767667538525885,1457.4027271163793,0
74.65378691976404,0.0943486672376155,5.088700639105562,1586.6711615053055,0
71.7497461291319,0.21117455722281858,6.279137691353661,1533.0636314093483,0
68.66548207441285,0.31627176846517413,5.194462636030371,1511.857972642344,0
69.9040212429782,0.16886310838425891,4.211183180663143,1387.1600980812602,0
62.175815811819454,0.19352308602105814,4.7443916582937,1546.7924243894347,0
58.02214084412661,0.2808296680152266,3.3086022002137554,1447.028307846444,0
75.81209297868848,0.22726966330770249,5.109918965402304,1385.3729043078897,0
75.54964890028948,0.07421793762203371,6.049649875026251,1534.4410783623055,0
82.67595500125647,0.2079109772684147,3.9268753854929166,1399.3365903580711,0
63.679863225478336,0.3209787928532479,5.119786187606439,1332.710023970478,1
75.54252168240738,0.19704470508260014,5.788345444695429,1603.770756384254,0
67.73034617308214,-0.01931915435819015,5.872910906557188,1455.14143977152,0
79.52379988154786,0.23105719932728586,6.023840937820665,1360.4409553229768,0
78.17570221342513,0.18412348483647714,3.5053969349235974,1422.9926551458875,0
71.68967519379565,0.053672446886302655,5.403944763689448,1442.3158722342657,0
67.2837587466721,0.06566335279569727,3.795547851924316,1591.5381832235182,0
77.6874574288661,0.2780085714631047,4.2013342907420235,1366.962579193389,0
75.17523618605253,0.14140938035239362,5.656897807686805,1392.887497460054,0
64.52447678331053,0.12740028954112065,5.126437697481293,1578.4322395908587,0
59.37761061216455,0.1971489151254665,5.5810688593914985,1464.021376353719,0
67.69173679454563,0.1484637601344049,4.256706716158641,1518.2362190409078,0
82.12331052278567,0.20800389022221963,6.178882488130301,1460.7259735945715,0
79.1718972698643,0.18378239764506638,5.550667147072841,1661.645612545759,0
61.10138024263536,0.10400035359250856,5.711438495434768,1396.8243875263684,0
60.657940672800635,0.15910417611508923,4.1358665791078915,1522.5692533822594,0
80.1974707974359,0.23542026570472838,5.937120992170095,1620.2365269805932,0
60.914912761937366,0.20335344321909005,4.747070738687678,1470.0011191781387,0
74.07436258913606,0.1934446014086535,4.511018983883687,1439.6980755672648,0
65.07143027730942,0.35499073929435077,5.50037083203653,1561.3682424653714,0
82.93635939617346,0.25848300203084285,5.466569419830352,1580.3251848221103,0
63.83660160689697,0.26819530118570745,4.32254492179413,1436.007705200696,0
79.14689224164663,0.18672252737640602,6.645040808154016,1616.975727512435,0
71.47886923248292,0.21761161522810202,6.45148046111182,1504.0976873718312,0
72.01755883387429,0.1655120008379446,5.4840281126494155,1540.7009036902614,0
54.23753134918879,0.2622039812419303,5.344322738185351,1619.062495243161,0
52.37669317435425,0.19116800767207653,5.263828981008237,1561.502418063072,0
68.23547247786149,0.21779021991444453,3.760002699185063,1499.9800659665461,0
71.97524850733289,0.21284890417241345,5.09024591033717,1446.2726314785925,0
60.99841737809821,0.19854664948756365,5.079633265516598,1716.680452054588,0
61.290452716189264,0.43505504537246165,4.539190651009295,1436.8787057557377,1
74.49178103860906,0.1466704578004222,4.752520662398733,1525.4503275184218,0
74.50283584365704,0.14594307758730463,3.0949660842276216,1540.7991509894105,0
68.89807151689658,0.2555277397449406,4.122181655900007,1544.5847574894622,0
76.2416137694886,0.15238648007398567,5.737461033205832,1670.24135455252,0
60.60638163423883,0.17668749109208856,6.384957521311489,1503.8056316071145,0
67.15252066330423,0.11308712373155057,4.245295451763383,1492.3947251309094,0
83.18302084626939,0.23932463355220696,5.146278923980751,1624.1822446086032,0
70.54657703951854,0.24034057955873214,5.878705863517854,1489.1292683146646,0
71.010500116696,0.17478463520612444,4.583827979284197,1570.081947041528,0
88.44757268774191,0.2571853350784058,5.540998541787692,1515.5511870877313,1
58.80526267320983,0.05134999890131267,4.972968243535872,1573.6779932925729,0
76.37144293313688,0.14345172787885252,5.952321590740279,1558.035862166936,0
83.3118902384648,0.18640166510312556,3.974039408265101,1467.7510320478575,0
67.40113658801162,0.10621740024776379,4.116338696985878,1352.4789902673303,0
76.87704629483876,0.06010295700650223,5.2236313351542485,1366.0873028364658,0
62.14384402231276,0.17536832279692424,5.076964879920349,1352.769712712335,0
64.50614083546118,0.25552160696485937,4.954940882805336,1492.7042682191,0
73.07973132838107,0.30256867131412096,5.460667328163586,1311.7899543956557,1
76.38853338488472,0.15621696934357018,4.255480348353811,1487.2007743700494,0
78.96749209924997,0.2586572670097275,3.904451510702857,1510.7013877656793,0
82.55702869551594,0.2509233630460534,4.59991351357702,1568.4981155677801,0
69.46042753155854,0.2974886539467597,4.689377153041521,1540.3503738128152,0
79.5488940413807,0.17198471757167988,4.7730022551536715,1572.150805456625,0
67.2615612524068,0.05611996038522607,6.015236569083101,1533.1124099388314,0
77.21673049270615,0.20561486819381958,5.616333797439367,1474.1166767953268,0
71.65991038281746,0.11889650072242217,5.426591895324343,1491.5213644868738,0
73.5654232566554,0.1421195912750394,5.177599675703449,1431.8684830188597,0
73.3880629921763,0.17590246847574542,4.652649235427556,1518.2469222671166,0
57.1623599216175,0.17288578949206856,4.3168438745732445,1373.264355969877,0
61.00702512911381,0.21132474135166357,4.042274063446383,1585.2828363205047,0
70.82033151854019,0.2562525053135694,4.44439451962346,1423.4724890694522,0
56.50176736287065,0.1705811533379227,4.965662409311209,1512.3076257342389,0
76.64968882559805,0.23165580052864038,4.076012639853866,1525.718266824607,0
76.97244773030513,0.20118528079444045,5.135615806189287,1593.0178335723501,0
72.61736442302232,0.27483955167027563,4.844449498211484,1365.5069313517342,0
61.03092789793662,0.18491265191149467,4.682161270765437,1473.963263767785,0
81.04111151094811,0.19368586593803555,5.92922632096931,1543.9878268543994,0
86.29768511774687,0.17004796416008747,3.031505102221815,1640.0946810409703,1
71.17661461956779,0.18702011680332037,4.693016363772056,1496.8937818212444,0
74.08428302760989,0.13732094973233006,3.1180500434964173,1452.4523433592415,0
71.61390923836835,0.12939221710851895,5.190850138343554,1662.159100496004,0
74.2429535119904,0.262061230822618,5.609745266559141,1564.204853748383,0
69.04352994698883,0.1133438653452319,3.9191150366289587,1609.8906617476146,0
69.72348608124958,0.17447055282416774,4.021553932886888,1403.23674178403,0
77.24574080397892,0.28122742290167974,3.6413601346316353,1541.690328329569,0
88.76499329517152,0.17178393639971143,5.0509135941705345,1413.3339791269568,1
58.79943012478609,0.266299236294846,4.727369379036778,1395.5964797485667,0
69.16950012477626,0.15271634234185266,4.7770762156867255,1546.5504050671702,0
60.55631611814334,0.1159069114919845,4.705622688411295,1552.147791913468,0
82.73619918860867,0.07241393160793436,4.221120748505649,1461.4390465499225,0
65.29809624544082,0.30501792554181295,5.905499219116829,1614.5629782846004,0
58.45439364971365,0.10905030546924677,5.217872544105302,1470.4784174128476,0
75.10549599078858,0.2597749272100075,4.052269170577917,1478.4015188876688,0
83.95448891794489,0.12000423785652943,4.439562547333999,1497.116898000451,0
75.3087829484861,0.3053907134351857,4.302344980426019,1480.5645778678156,0
71.63838301825534,0.37654261796920807,6.12474232277845,1602.1809701880493,0
73.27312738220795,0.06507759522477308,5.568975418146293,1416.6637331612756,0
81.31872530260443,0.1132194852672949,4.898808434461958,1439.6525447389226,0
63.0064058398868,0.261850549104258,6.365776947963088,1404.6873962498296,0
69.10522316730949,0.2410434338692652,6.161634876159347,1650.6813658396254,0
66.37847881192373,0.26215374838081534,4.815431284686584,1474.038454372849,0
60.65707754166632,0.15409955596764993,4.671547742300953,1438.5186746416186,0
67.37299792466558,0.3590027328818694,4.710108835282121,1477.0153849706935,0
78.86176876785959,0.20944395733518195,4.237802723224855,1567.9244880993926,0
74.5328171871418,0.10264299385251843,6.38717955877373,1553.1012377586335,0
75.15448400086561,0.17974811999656443,4.194869997552898,1453.9856836001884,0
71.17180489322655,0.1037146483016934,5.694643452341952,1468.033106128718,0
74.18659026182871,0.3272753086843284,5.552434504727064,1383.5623639126254,0
63.59527726121516,0.1471734989759907,4.756107217421147,1511.0978656927148,0
67.52392091258217,0.23939867877956977,6.44803608293156,1602.5853948764072,0
71.53603389574941,0.16234614840142558,3.7527229431347773,1453.4578270393197,0
72.22012687105513,0.15076901521899894,4.936246959216888,1550.8650424325194,0
72.56150283937498,0.047179665497515955,4.608767868047597,1453.430960441496,0
68.89331774386898,0.24785396823924538,5.7684745202166825,1412.3480760860498,0
66.98061279095737,0.30393450021033475,5.282852691500135,1554.4223842235579,0
95.26217026435438,0.12672259349078788,3.618163857066806,1687.8119510070521,1
77.25429818345918,0.07638167080010631,5.991583554997162,1543.4738887430099,0
73.30517980762097,0.26426528341902633,5.388369378339654,1466.8915050512046,0
68.13433201434884,0.06830069207149991,4.171606510429656,1472.0507232093503,0
66.39024938444899,0.2975626348758607,4.720256716170886,1652.734831154532,0
68.95359525018435,0.1276483901636304,3.960092068022334,1524.5584015868922,0
72.34263074869347,0.1117365805740299,4.863329579506816,1438.7267183504032,0
54.95651564749535,0.21987699369050334,5.120094373887858,1495.0219949301534,0
57.44488323700253,0.11694885719908502,4.732282273092841,1517.211237028924,0
64.90494088848834,0.14343111349654325,4.639628400101716,1537.5370961279473,0
71.65711549422855,0.22831855461368053,3.709807704759057,1620.9631051275226,0
68.0858148227852,0.005671013026668309,5.269793169202567,1602.0718795276568,0
81.82496980879587,0.33139353967426577,3.4604363225096377,1515.8591021184013,0
58.14082570403385,0.20349121059725905,5.024863614589809,1496.6803830059293,0
63.98923624317304,0.09656271900771776,3.560675340774031,1531.6788594215009,0
82.16073392792882,0.11862037045705269,5.04040391238903,1451.341320615332,0
71.04895459740118,0.2793317102608642,4.995104796329801,1578.400747491561,0
77.07874066240927,0.24808423480592828,5.3226759741428324,1483.722256112217,0
86.4099755461557,0.31094245258281694,5.689828573441274,1539.2721047293658,1
64.44956465678541,0.1453805724156612,5.83807073780075,1637.0602856284802,0
69.20548529766374,0.22372670697206423,3.7119659204992557,1544.2245176421509,0
67.82058479255302,0.23412543294269422,4.953435157493535,1518.4562532820546,0
54.3632559641338,0.25562140002017897,6.608752707648043,1458.609003427612,0
67.51682556995225,0.2901824898745656,5.095280454798166,1493.7540753987614,0
77.04849749904533,0.14261888753245222,4.334921487758949,1409.1159521680258,0
74.32471633449792,0.19086637857916156,4.936239098848531,1542.6560117405245,0
74.95266535510407,0.15118802035358841,4.6930672477487505,1329.2510857214663,1
66.995928154884,0.19579105013148995,4.058833474294277,1577.4725252416554,0
64.75122211195487,0.255874622565038,5.695283350565607,1558.534684745301,0
80.15404537518896,0.06767715997914381,5.46748204662029,1507.854554041056,0
66.02146282913864,0.28874972555674283,3.932392742310298,1457.3586484628936,0
72.35265631034571,0.10886543005890004,4.925380332946478,1498.6992062119778,0
71.3066774454203,0.1754103744242215,4.546829080654302,1358.077597860769,0
81.69373613005695,0.29951535399728996,3.7187259883800263,1565.904048261156,0
77.77129886137888,0.22624077743867244,3.8681444340192117,1486.894036859166,0
59.63793103466303,0.2271623958610928,3.987232140959734,1621.218493997202,0
60.49957466579968,0.10554991637639115,4.9532561972457625,1531.3592228099635,0
74.63127854455307,0.11647312513409275,4.633637599837314,1518.5147016263654,0
69.48529882096666,0.27530051173351355,4.2326496303232695,1532.0758510486455,0
66.35862572836989,0.15286851636124882,4.686493576303239,1421.9591530959585,0
78.12502307195577,0.16040705013601206,5.598027977476382,1463.9204906362625,0
71.49967505671128,0.2771161000843769,5.2853568778176445,1510.6359146888533,0
70.41965909511555,0.11600691637043782,5.801495046097522,1475.7948586624073,0
76.2386291260404,0.22153881063090064,4.817349708224601,1453.8790022434887,0
66.99912804045148,0.20343258609341533,6.282045752545315,1477.4082943761664,0
82.54815188378043,0.19978514193094063,5.278463906958794,1503.5303932314296,0
63.695619014135936,0.1585251494497997,4.6088660613268875,1685.4993813657522,0
75.2554325307367,0.15361158548293374,5.074361447752295,1473.9686915992102,0
81.47066270927876,0.11373086689641078,4.001539237928146,1445.8056416997297,0
58.9816360858232,0.23861320208330455,4.755051891001784,1487.7816806461105,0
67.25331859318041,0.1465480646786611,5.343979384181286,1620.127591879929,0
79.13765914308446,0.27749956969338013,5.489335606478871,1625.8473376112129,0
79.2579563818482,0.18203559667274777,4.671870221735043,1655.9278460550427,0
68.62803519689409,0.11532396084631698,7.187112342018108,1504.8780402581258,1
64.12263125058513,0.18097488942812637,4.862233805475769,1551.3273815677983,0
77.6474865786461,0.16713142406908205,3.6572847662854775,1415.9980420242503,0
79.46839282065284,0.2807282729382442,5.9706137536067985,1471.7247381528614,0
60.68269321190084,0.17047998485987742,5.485701843079742,1410.7932178135663,0
60.36869080826896,0.17790316950397395,5.1853510567642,1537.8607005696233,0
71.8020534558688,0.31292373643939486,4.628063287126578,1503.0730210295133,0
75.03488506743113,0.24066138571706794,5.314677212821153,1518.0951727956503,0
67.60744731815956,0.3330164812802797,6.295212996798105,1432.3031345236557,0
75.4343505598588,0.3007236003251124,5.161306349872117,1568.0549859751725,0
64.31890714530094,0.12902699293097164,3.823973130551259,1307.4377123374395,1
53.08245120741012,0.2791960683520086,2.2373167334497865,1479.8377454265774,0
66.60879142133923,0.32202426336596734,5.3076476485107085,1491.4684328630435,0
70.50585717210481,0.3226250505858736,4.211269166991913,1338.2717997233383,1
67.79328032082834,0.279047678686135,4.920229826083357,1530.7302718694007,0
60.73117389072412,0.27740183959273407,4.352737901589281,1486.1388700716523,0
55.47480819296946,0.17578711650595602,4.295272812642722,1544.8893516649593,0
65.88728956505682,0.13300943325203402,4.387780693370987,1659.9862876427699,0
77.18124617319795,0.17182261448820346,4.460099712066747,1525.969909940022,0
80.04957951530946,0.06681687988537899,5.620988790786268,1577.8129043591732,0
79.50170707310764,0.30742362523373645,5.458915034509268,1610.4762471934423,0
63.47272371881158,0.17733656324658303,4.033608941751061,1539.362167702255,0
60.77034941095709,0.3033064583251968,4.142612218906393,1430.7299534151039,0
73.97307691983916,0.10148003382227205,5.303297523575498,1368.7866135006655,0
75.0808000927834,0.28660999368017687,5.842001892348417,1529.950247960326,0
73.20135684160398,0.16040954734565444,5.8297130879313,1467.979374199792,0
53.88749380609789,0.09725044733526608,4.197672927375814,1602.688085406986,0
63.064923320932266,0.3301694441727806,5.79144914552018,1461.9901471216974,0
69.76248967771217,0.28858493354726195,3.57898429254492,1498.8554351118983,0
73.89774555704342,0.21694339361486276,4.837692466391968,1407.27914426588,0
76.1384589008199,0.20271503081079706,5.389621154086922,1472.4933862686532,0
71.15402817825633,0.23516080150552948,3.336955989566679,1424.5731999919235,0
72.64627045230588,0.2155702862333929,6.67428553926837,1431.877836285939,0
70.67892366688883,0.1366179236662823,6.061356146381293,1495.7748601746423,0
75.48495499374786,0.16703581841720627,5.517603177888471,1451.4465626,0
72.50292521192729,0.35685742656309627,4.2279774339480625,1710.339056170273,0
70.52590128037829,0.41377253941024117,4.945517100338294,1566.871532091228,1
67.85304960690095,0.3250134804184547,5.632336135810418,1586.7711930223338,0
70.65033140033985,0.23825791521300987,4.101870746400149,1491.1285602208848,0
73.8767310307142,0.17298007738384522,4.855620615009586,1508.460174294596,0
72.13980311118449,0.13614512848824273,5.728307079848786,1465.6325643474797,0
73.04661134676203,0.14141740716558382,3.80432399858156,1709.9504720372279,0
80.74177489080948,0.15573858730505916,5.265939768816364,1491.2908945119357,0
72.1213113819727,0.3720931233140616,3.596184296303056,1451.6999200612117,0
64.80801183621475,0.34450258371060793,4.244922595537077,1439.6796623481082,0
77.06885428795336,0.2597022711948315,4.596325915459125,1526.8280021557716,0
59.07041329864866,0.12315094588697392,5.410844490175023,1613.6817634192967,0
61.348692954085706,0.27144447413688294,4.439368717995037,1586.9567604185718,0
72.68677811776055,0.18091063771915158,5.100438713063321,1439.493968994717,0
74.13117334229263,0.027759244908470287,4.450217489753413,1437.5245321642278,0
60.03959021196804,0.22296805099210076,4.575506582307878,1599.7014807158562,0
66.937460152106,0.1326469567332756,6.0005292062289195,1668.1105098880835,0
65.15132934224273,0.13535572567279702,4.079817457406209,1488.3997993873795,0
66.10658941694723,0.17996736051455942,5.607323179157747,1596.529872669196,0
77.54878221018356,0.16013416216460696,4.999148891620014,1382.7129515496522,0
75.65204370837802,0.19725945447167936,4.539557048873608,1432.5180399221751,0
69.84702256117033,0.1934135559986236,4.025981734071905,1419.2321405926737,0
65.63230458308058,0.04993527257218949,4.083010954320727,1532.9771036118295,0
59.20280263823888,0.32162223911062665,4.409083980193643,1485.68191823691,0
81.36147951025559,0.12132986216410563,4.8799564742230865,1519.0474115742397,0
74.73691120227934,0.12380812918956216,5.4828077089251215,1597.5292791080237,0
64.34664716741487,0.1737157398567762,4.75980859206211,1447.746705295056,0
75.75679598099913,0.1913332122104565,4.813351318494225,1507.5194485290294,0
69.438211035403,0.3167183853465471,4.9328078213421565,1392.965422474034,0
67.70312396110126,0.2215538761643921,5.381422153150983,1593.1028572593486,0
73.48169222631682,0.24531723872876277,5.515842255357208,1587.7130970930561,0
64.0680140006982,0.22196289500666255,3.8904276195425216,1528.9510517946235,0
67.24994784391912,0.21851692659990185,4.7743402322053505,1509.5948881742968,0
70.97168851359636,0.2247783602469607,5.981923213878337,1459.2681652349452,0
66.00439045691829,0.04538126859448491,3.9471040370240367,1388.3560644239885,0
75.35268168214019,0.18000652121283772,5.059450312359167,1524.443355300894,0
84.95253202942608,0.2929808888456926,4.8633247969625755,1560.496064852887,0
63.96561493914286,0.5153864808645349,4.546659528050711,1661.5497288842596,1
56.67899762956765,0.10365528539683921,6.272626120834687,1468.5160387402095,0
53.986078660189904,0.23384639682594824,5.0294686470942995,1521.6145294568364,0
68.79625486804014,0.1543162737700527,6.208916057555451,1589.1523373121022,0
64.69468327899054,0.36381215231174796,5.004501764195528,1591.5626303088654,0
71.66288400853665,0.0916973791366815,5.368204711454185,1450.2023234576895,0
71.06078137620881,0.24999515922527038,4.538222792858416,1477.6672485393026,0
57.17426522708723,0.08742311203966481,4.547125059761797,1457.9879477792294,0
55.48092936414875,0.1745146665551334,5.327478024199088,1427.852434517177,0
72.36746592276876,0.1972549335400153,5.342157966106873,1617.7335530418598,0
71.08343067775965,0.2855753345391686,5.478389653273483,1505.0171047186332,0
66.5934560130676,0.11382665390731778,5.301342629563661,1494.0603629814473,0
56.74285131894156,0.2530706439077908,3.930863258396732,1519.8166529994164,0
73.77113010211993,0.20150221787103575,4.3549050586300675,1504.3009572140386,0
80.17519636339155,0.22182347090287838,5.679954308918956,1482.3218100872261,0
72.22385952175138,0.27666661717481134,3.4332277076773297,1439.075413082655,0
63.220208875479486,0.097395464559577,5.234085793204483,1625.2224366477546,0
70.35641732456921,0.2648475978518874,4.910495920744655,1454.3782189684366,0
59.07108735253052,0.15448761175284603,5.679665493977888,1425.5590346794004,0
78.46368571071034,0.28766987639814606,5.333296948856605,1493.5555479263976,0
70.65475467623631,0.22676461076303042,4.468815776233231,1672.601217394904,0
55.85474470597414,0.18323772947863556,4.432519969358669,1434.2741356523939,0
67.59460511645054,0.1527979224727343,4.5817732216024645,1556.76921749829,0
73.70641208187385,0.2658635995484265,5.4640504378965025,1480.293471606649,0
67.33561903219582,0.3008761348384742,3.158229056355804,1519.5845798501578,0
67.79283422847861,0.15737187673118525,5.12590355548565,1573.7744707969264,0
60.20478234362183,0.10935947473748825,4.293572330218106,1362.4248953445606,0
74.53232789665324,0.25553688343561803,5.1526682382458056,1428.2927112966468,0
64.8122463998469,0.08411752463730399,5.2755982292026955,1572.6410235941642,0
52.748436983959735,0.09555900499336228,3.6701387336570503,1507.7960867265074,0
67.02994103463685,0.11498397795776807,4.818506858399495,1516.9499712363545,0
77.84919772456283,0.16676396135690005,5.124456285440197,1556.9106893636408,0
66.90456442720043,0.09309344886276441,5.070360076220118,1428.8318807277908,0
83.90387988098816,0.04489600724947379,4.902239237507228,1584.4058030261856,0
73.43174358838813,0.10916446445303016,4.023289984148791,1565.582697971244,0
72.71006529824292,0.2513979557258095,4.145097575482766,1519.0653765806696,0
68.97281387265913,0.09827647422985863,3.8975621417969197,1537.4505386293988,0
69.45371033788568,0.17277842576366642,5.443236456671803,1593.1979022125622,0
67.89261091904397,0.35573587698924497,4.907543326554719,1452.4928753012675,0
67.58184486333978,0.19606606959783277,4.958597408565829,1552.9085614768976,0
74.2469372965372,0.22740247917836748,3.6356052449240845,1639.5485788571814,0
62.513350161675476,0.12431679853987576,4.973117762191036,1551.2500999590927,0
61.39284937020592,0.37307798829601135,5.506909657586146,1482.2085417873056,0
61.01443959299698,0.1566964408689257,3.5265283403405765,1685.4564552297893,0
86.36523638141723,0.18175162524387867,4.571674993004024,1518.4651601928394,1
74.24274321336463,0.30536469423738916,3.7437206947641553,1611.8873279743798,0
72.43593761344115,0.1854612604117105,4.66377434021609,1466.2774869055415,0
61.539882637652546,0.2038311026140172,4.279206481943262,1585.4241998324562,0
74.98673840539863,0.17746493433686963,5.304727066913283,1456.2859961967138,0
69.06742922837337,0.17801340975542182,5.135391650741114,1525.870739060364,0
71.713351529054,0.22964016086624733,6.033203524507235,1451.4607912714973,0
62.18703747309155,0.24423545513584846,4.956737720559605,1652.0924780957635,0
71.28215085934062,0.14854012550299464,5.270790241683419,1482.3094934249025,0
66.60933169434813,0.13871356350824565,4.553834014681218,1411.3654298435495,0
63.8751107437585,0.15126911289139494,4.117548279017137,1507.609481752179,0
75.872850686458,0.08789967886401855,5.667809947752069,1542.967583355304,0
57.69833753175998,0.07276557931845623,5.994604042837664,1497.8719218102126,0
74.51821011451321,0.2237733717779926,5.564524559390602,1434.93438171785,0
75.47588906842397,0.275087664254009,5.104982498503626,1582.9853445831982,0
62.962850595590076,0.2696836234516174,4.220725156411779,1600.734402342544,0
63.43737231094026,0.00944069814906734,5.913302538741557,1368.1634120922831,0
68.21579454986878,0.18039479303653916,5.46360745250961,1429.8378436911494,0
72.25628968369776,0.11183264355259528,6.619902887463557,1487.2457882693975,0
68.7771600654862,0.21149899502566857,4.076460839808075,1457.5259442272727,0
73.46849968153504,0.1665741184952495,5.690053200997904,1542.076366651835,0
84.1038372202992,0.24735295249956707,5.439285203899838,1647.1581765696938,0
65.9382658468023,0.1984677527678927,4.726378239801555,1469.5269192395056,0
56.278560234372634,0.04831984840656886,6.091067904162483,1626.1377760883197,0
76.60738866424522,0.12263313017603676,5.321876118739638,1382.533371495415,0
83.46651660742023,0.2004628091861323,4.250485577230677,1536.4651850014598,0
73.14214690440899,0.2072088343384869,4.905328786980473,1452.4230810596484,0
61.29801059717066,0.08754585538367986,4.24091295431751,1538.191194452341,0
69.00886109411839,0.07708322371631027,4.625187427691589,1359.4552123634378,0
61.05181212630694,0.2044996270058543,5.563060922831786,1397.168761647755,0
75.14284395170358,0.08770661551595782,5.791419236187373,1538.02500116081,0
59.189676778412526,0.06650964587993716,5.176969867031492,1449.5999275469487,0
67.5989697053744,0.16438875898949268,4.399940098728374,1474.1505915243065,0
61.96529738964875,0.16092431269290794,5.305286736316286,1646.9028139861884,0
71.01459748107969,0.1297279618128559,5.5787197103661095,1511.0057175335085,0
67.06926658289794,0.143701043462003,3.422310603808226,1572.1213211425306,0
71.41409682600211,0.2011068578577916,5.093183020024734,1439.2582280316406,0
70.17880443973092,0.14238696770561446,4.847848161280535,1392.703704567814,0
62.106727778207116,0.20565576173318717,5.762969004327658,1493.5411743166499,0
75.01501650823218,0.16956251711061326,5.308551331889199,1380.7624477332276,0
69.60987478525507,0.21341201243093247,5.387481361178229,1444.112831740666,0
62.091767937072795,0.27025644523493164,4.614471226895231,1519.0203374798452,0
87.92741244964634,0.26713982763124766,5.001321373705949,1491.0991282350599,1
73.811441333737,0.3030568376852867,5.754947975843111,1526.7615508396098,0
68.77391557280556,0.26705175175177287,4.948096213623779,1548.0254716801664,0
81.32163621361458,0.21908460252334436,5.139735644585259,1404.3420227355116,0
84.73452487509286,0.16532546898878844,3.771234161246347,1424.6452582855654,0
68.83720462148892,0.1689791261747021,4.945167970938227,1325.713264371025,1
72.7791798914781,0.12977781548513517,3.3904000255151123,1470.3581353885695,0
62.095977455976474,0.20036234328412467,4.587084104513394,1558.9404766093785,0
68.8224579938559,0.2557909982969548,5.05081244618152,1619.302149088519,0
68.40749956992104,0.14194659176935837,5.613624635587657,1515.2385495266537,0
71.47861626897323,0.1970225713068981,4.200672045238419,1609.8583090834152,0
72.66208382909608,0.14581102170225846,5.298947314776082,1530.7061619020787,0
74.47862759062448,0.2167483464150092,6.174794723489702,1508.5959536400815,0
71.90114125039968,0.156049329284004,4.487404907427502,1451.0967298731855,0
60.314058986966685,0.1408391542964758,3.762357662621874,1309.1871965587306,1
62.492263154071324,0.14560266440543798,5.231871965645671,1597.8551589775677,0
65.62873904429061,0.24026630190764534,4.046402394770966,1495.7420019966721,0
67.74207526461417,0.19226004757357162,4.344801141221184,1611.0637219840412,0
78.4061943237769,0.16572626159999715,5.738669553361989,1424.029350491546,0
60.6964881051767,0.22091236020377686,6.501519420301345,1694.3056168057878,0
67.1406796146344,0.16683870260258798,4.199447906926812,1480.0970196266976,0
77.6240759857124,0.29012143149485625,4.410064207987669,1444.624880500573,0
67.6009802040271,0.12209070770453949,4.648104830072945,1482.8382362896812,0
73.6833251987426,0.18504227897461747,4.561753557179658,1513.6365137985804,0
68.88366365657677,0.08761878226663994,6.546634011049628,1494.407839513918,0
72.05426605859779,0.1722500486487925,4.5755457362497705,1458.7735672698957,0
68.17221964952367,0.06562916018346962,4.689798468379097,1355.7245955093908,0
75.33652378182683,0.2597053218047301,6.292941978539861,1435.653793670093,0
57.639548740748516,0.2613203013604463,5.461341049231441,1585.9548535580698,0
67.09350393289164,0.26273361389795813,5.7887193863593955,1429.6221839621703,0
72.37258141355447,0.20230979841395744,4.275109701582087,1362.644109032201,0
74.26956198404955,0.12961036762319264,4.575856253459412,1415.5600201785358,0
81.94362098203062,0.13597274943712404,4.168225313856832,1492.908296972869,0
66.87180266507539,0.3224137644176417,5.641009236828653,1439.2623066214603,0
81.83585409488698,0.3148541683039837,5.980194566226755,1477.6130337032644,0
64.72780938672264,0.20980441255606172,4.52018050465479,1436.1237436283357,0
80.62917129235714,0.15874927727357385,4.708606941676579,1580.7795117116382,0
76.53973701358697,0.3094898738158809,4.743607947969074,1539.2679608638866,0
62.69233136294222,0.1444397470892152,3.762220805377459,1677.436765322284,0
72.45631389801457,0.21830793664767262,4.460942337792277,1469.4622962717478,0
69.59011331574247,0.30815658443187666,5.618612971810881,1477.2096659808587,0
75.0046767494,0.1330929200268298,4.299665196443925,1594.680161883356,0
68.21382729253352,0.266337886850969,5.074385489763991,1531.2806708157002,0
67.54203019470614,0.2416448636675096,3.9535848204286745,1424.6794655838053,0
80.95275666210281,0.19683867662147514,4.884799271096906,1544.5137055058897,0
69.21023284435462,0.12052531206935076,4.549343076331194,1531.7223117850415,0
76.61137859353413,0.14204481919173795,4.022662812972986,1356.4963289499408,0
68.1971881196464,0.2231560858280527,5.632308876924089,1447.8951440069698,0
83.33330607382018,0.08613305640948908,5.677301888960815,1515.2256152047694,0
64.57332296531605,0.21045950872146,4.22436903021122,1615.7023765795238,0
65.08685175002252,0.24328407872493307,4.827053228645018,1555.8398755434896,0
82.19613744892723,0.2788176138247281,5.03545494645796,1454.8764308694404,0
66.44042887283798,0.0881314340431822,3.54819057029772,1443.343847639272,0
82.80859444931514,0.3052997837729019,3.882325818884774,1563.8186595127784,0
77.1347246367585,0.3356290795343948,6.029027549093425,1305.8938883067274,1
68.76280234751333,0.2328121254170875,4.1478984827979435,1435.3934941173538,0
55.49365222386273,0.11695611348602716,6.006546486601357,1612.7446401900104,0
69.84545356582531,0.17375125693118074,3.923669060493335,1523.7453983386438,0
70.8130404282674,0.19619222039051945,5.527062221712322,1439.3071078217656,0
79.33774186643498,0.22163708069844457,4.7509575139917315,1403.8333259599735,0
82.7075774099209,0.2017585242114882,4.863386984676507,1567.1787734391319,0
64.52010256685001,0.22249321143156936,6.484748730827171,1506.2249077274405,0
76.40945411190546,0.19274025941287018,3.9966506925450545,1482.5031632219855,0
76.1232172481068,0.22120856756097945,5.475838557008856,1529.9184445857754,0
78.58730161928356,0.16315812630709492,5.442791730846258,1513.1678439717518,0
73.98951929708436,0.17294506264140252,7.683658711333102,1507.0324645903029,1
54.46001847230584,0.1539179863618666,4.138295343814491,1394.0650384861692,0
68.75662053977793,0.35338076276032576,4.4992121651972505,1417.8859877338198,0
60.754339400664676,0.31711206289394583,5.6527378286660435,1559.8624348875533,0
68.3791538166554,0.24442353520108928,4.839788912638509,1544.732114694259,0
77.84003388907115,0.3060247197814191,4.6295592346146,1530.569594062292,0
72.44120668699978,0.26387690711823064,5.766009190658532,1453.078986972433,0
79.18472693117945,0.21450169276112444,4.786745250957024,1561.2151943011718,0
72.73403136570832,0.07955429271842532,4.286512743694866,1470.3404150730257,0
59.61339248264878,0.17902688638998882,5.580968123809585,1604.1226768865818,0
49.83322394741812,0.17319696863853185,5.300230406422289,1440.2541608476217,0
71.19047009343672,0.10935398615262745,4.749722723515219,1457.9769890917228,0
68.28858826919068,0.08110701803147072,4.711758784991983,1487.8840960950238,0
62.18443408494494,0.23941754772536203,4.26807471604755,1567.7840384459387,0
56.39498200278898,0.22596034578966506,5.580077484092273,1497.1937543423994,0
64.12205429221832,0.10660824159459105,4.7119137461965,1503.0145878946319,0
68.4440681210818,0.14032971948510486,4.3841232771410645,1468.6727026362328,0
75.32702258965112,0.29289778185233306,3.9715558662465162,1521.4473589312881,0
71.50904865254384,0.12978427891867517,5.313723486327069,1494.3415604724755,0
82.86453797738183,0.2136639123147042,4.593133616869602,1437.2558092868226,0
61.715167551636846,0.18481773603456153,3.3898597488087425,1510.1833186038705,0
77.04847113645947,0.24050907768496504,4.037384968284763,1512.0647014900017,0
70.37838994502982,0.13151138778748558,4.813122451472814,1687.984051903514,0
75.55735299294868,0.20720667820320857,4.8355698680662655,1451.117913678375,0
66.50788109387565,0.2134978061876702,4.805166199703479,1432.8499405944901,0
78.57344299112472,0.2184144644983376,4.693795110745951,1522.3227408474906,0
72.36179806676193,0.20632590863700906,3.819317021810871,1420.5730866263095,0
64.564440120658,0.22756874564752883,4.300361180680759,1414.1559881700941,0
69.90380776869449,0.3753416265640649,5.9470215891872815,1385.0481048099348,0
68.0835531285032,0.4049038221416885,5.828982501482453,1438.0341147846052,1
73.91342680510235,0.14886270873706225,5.462361425875241,1440.0089803246497,0
60.56178600500393,0.014540561571800087,5.391602083232534,1397.3390261060797,0
69.76518638307445,0.2476396240577579,5.723804726452393,1479.9773010923493,0
73.16245802119465,0.21490019679210132,4.10336421000632,1310.7215081814395,1
70.26418645754427,0.28488334873468646,5.026342693405559,1539.3412625049355,0
80.77552995511196,0.22279087197722539,4.103786279482431,1455.4564817186094,0
76.19218219256842,0.20468831516205754,4.117668424187781,1467.2173058006204,0
69.94015362607402,0.29031252767017784,5.294451950197553,1546.9500008288242,0
71.73351277998138,0.30150244707310736,5.7574003513087,1529.7395127507198,0
72.365324411856,0.08907519529752014,4.84492069246197,1449.607516583697,0
73.22639683333459,0.13467150502883332,6.319200345767602,1536.1432604526526,0
55.394736034683135,0.19155256325690576,5.169427461636429,1623.9115686617665,0
67.58778963384522,0.2078750099139667,4.3785715740667905,1419.0253135098753,0
58.12448745445259,0.18192134373182012,4.130617158501062,1560.3019769085142,0
80.22624757967588,0.2347365742289509,5.814505187347773,1410.9515409844444,0
69.51320383997658,0.27968838314536804,5.102767292591852,1594.0340849877448,0
68.45327240256302,0.33781677685765826,5.540837902535586,1443.0458354308644,0
77.17437865626589,0.24631304190183198,2.8736293916374067,1439.9902239636476,0
73.378598379599,0.13181330572375122,5.195737627477551,1591.9368112955176,0
60.97092388496634,0.18820990198417456,4.590580649203011,1557.7259956604612,0
69.43275709978104,0.19397182069923546,3.8849923712665086,1445.6725946069369,0
67.31866421418893,0.24117121919849274,4.949854125641259,1510.1894991018619,0
56.04373689115157,0.2310534426747154,5.873450826923564,1443.2038479610749,0
64.47779013410236,0.3640317320889208,6.8129826291357745,1372.5809793220742,0
68.53167742386827,0.16307894917960733,5.193721925858008,1515.142809450199,0
69.08039254806526,0.23078004270134428,4.432682728030782,1471.486226575455,0
58.14214861058153,0.3883769118195274,4.384397954785227,1424.333315499613,0
79.2133246643798,0.1531834482477119,5.77050588965216,1604.3772063689892,0
69.18317552886849,0.21161189569362843,4.202500704677686,1427.0383856932247,0
70.3004246132845,0.12440955991007878,5.49794190362221,1511.518289990443,0
73.20513310671869,0.20656695197019453,5.2349449519676945,1586.3929256383192,0
63.69538996877063,0.1375826281489887,5.1464811135063036,1479.5155721170458,0
73.65084778506157,0.2837440722793077,3.745505128095366,1441.2659639375413,0
67.06340283185453,0.21178550872251165,4.71443343821894,1523.8198643575836,0
62.827315674822465,0.12516821920141652,3.83347376691391,1536.45597788659,0
74.58757994684319,0.2672454158233337,4.529402078946587,1570.1248557353047,0
81.93339087041446,0.214373283109727,5.73371092921641,1649.6967561194808,0
75.79863498788666,0.2762255021778764,5.984846322684453,1463.4167188034048,0
77.38382052112345,0.10818698976418012,5.171158919592708,1515.6683204414262,0
65.8349551475016,0.22950595297989293,4.543727590052812,1398.4607746949364,0
57.21904216665235,0.2618673355715767,6.270479465888335,1553.3101599637864,0
81.92110017679873,0.1661298007811411,4.533127492995056,1514.6973314156612,0
86.43611911523809,0.09927978184254792,4.091450806552796,1485.7048480966403,1
82.34245419015745,0.1966714003703685,5.557186374333427,1450.5551589930444,0
67.313712488162,0.2982492235024743,5.366187234055765,1472.1258331721692,0
60.76292529016925,0.2900744264507245,4.565939271259327,1518.9066407850166,0
61.47453841744347,0.16572572521955387,5.080180183655654,1422.706368976827,0
56.53013945908761,0.0973531650898846,5.353727991081419,1475.4304337459762,0
69.14097105271964,0.1655056223720342,5.162943072841453,1501.3342434772214,0
82.84542366465963,0.162521787941447,5.3671511639716645,1376.830389903013,0
68.86669894502205,0.2357157426643822,4.595428110752021,1415.8962123861388,0
72.4185832027862,0.1915998797676703,5.4209960353916795,1447.1996371184466,0
81.00477571443366,0.13973886306102865,5.0140462700666255,1625.4585386189851,0
66.7672375053408,0.2883410453808535,4.622551582770917,1433.5419885819917,0
86.28425165375675,0.21123406939558675,4.80329219021338,1495.5366703964733,1
85.93675525997963,0.23483325221847529,4.921678531260466,1416.754900251161,1
68.95110929055613,0.06200116526949864,3.8436973303509765,1437.8877446281956,0
65.37972588784629,0.006058810344217153,4.490672602744057,1384.7193302761843,0
75.5779043711225,0.08499633748444736,5.051924412474229,1553.6241883738942,0
67.21980045984914,0.16155652595145795,3.9192071716889183,1393.9562994051967,0
60.74755826346131,0.2461084814091047,4.504061070548335,1572.5608810515735,0
80.24990922818384,0.012620250367416153,6.907715982697498,1537.4317756843982,0
79.73157909821664,0.32742816514975903,4.096593308143045,1493.9678522346726,0
71.24409283010849,0.2136452821416101,4.692948869879657,1575.202071631454,0
59.897081970174575,0.3088235994359928,4.333026177177015,1748.2561020891278,0
60.16378999026091,0.1291223934020697,4.906503996837331,1538.2020512901113,0
70.85783430735322,0.24030879473379926,4.348065325492016,1410.3951502402033,0
66.00103172395974,0.20681567439766302,4.805405501366054,1619.121412777007,0
67.27125654286714,0.2654149050443644,4.425162371880085,1514.8889165220507,0
78.17570524048003,0.18129669059202264,5.84410225309586,1668.8898720912575,0
75.86543453938046,0.2378572167206071,5.065309630175637,1459.5159822445285,0
81.0251414439809,0.288175625501696,4.197621874429424,1602.5555218152444,0
62.07501421298194,0.14790589648865798,5.6726372190661545,1499.9874583482185,0
67.2544674505063,0.219379538599172,4.233386707175909,1712.5382679571326,0
76.0718535636809,0.04897102102221215,3.748735848870679,1477.471939560381,0
73.58462672810313,0.25620024152506865,4.997566010053754,1740.1334910232251,0
82.25904306070098,0.3563730034769992,6.525811539471984,1535.1860842279016,0
73.36429364723256,0.10044511618010438,3.5378686968672897,1567.757180649213,0
84.78487283284441,0.19268949916576456,3.9352096627447226,1636.0265955148852,0
74.32014241378512,0.2704385040731291,5.602020530528676,1436.9796567888989,0
78.49733958070928,0.20251339787732406,4.486142880310432,1577.5277476821402,0
67.41188042572435,0.21320796411945808,5.489558853797234,1476.5797327303358,0
70.11429769507191,0.16872004467810892,4.330008874446443,1512.0895103456744,0
77.2875552307158,0.16574781975296685,5.113569741927341,1506.644900592847,0
82.90382536474443,0.1930644677131698,6.39557914030839,1545.7928589145447,0
75.83389559448602,0.20333371377114848,4.044328282382503,1542.41474618016,0
69.33462582452304,0.10548469907381523,5.819008648109843,1453.9844063987625,0
81.01868023622673,0.1947182411243177,5.5437654373056695,1509.9883336795922,0
52.46417074976095,0.3254827150967461,3.808604599120873,1313.2531344512151,1
58.62212398794501,0.16646929651288764,5.447120418993419,1579.2138931827558,0
75.45307378934712,0.10101960137002979,5.058244903090085,1635.5153362944893,0
70.112866850025,0.18788671456108588,5.072875207930983,1515.250243894564,0
74.84410920899332,0.1428309750300563,5.269214053161362,1371.5182229221796,0
70.51526017945554,0.09293265397424486,4.719707324467356,1559.4358108981708,0
74.56756555683098,0.21113347693860968,5.056079167153918,1438.8984386719824,0
63.48477743205447,0.14317743702791377,5.193161940032231,1514.5853075782356,0
74.56388868863752,0.15002286665173803,5.5968463511084225,1554.8407301917105,0
77.95531622566068,0.21227419043083112,3.7782711732975347,1543.7160303614924,0
79.76440483144987,0.07734603237101324,6.032708717192883,1586.4684199888034,0
86.1084343571896,0.06067442797991002,4.0757677255526295,1511.7104511783632,1
71.95278754801909,0.2536697755601545,5.609302771317109,1513.8689287965626,0
72.19128869477743,0.045533311942073385,5.063556079418224,1558.9432299554928,0
57.81462028660922,0.12186578437541164,3.975074925761042,1494.288594435309,0
65.74870879089261,0.056012837168924995,5.4225163757632036,1444.9678064844159,0
68.4553434079471,0.16110908265209342,4.243674688643863,1536.161473985831,0
78.40255641821084,0.23424469981209325,5.855036444126112,1409.6909617830493,0
65.11199100728297,0.20898703589859013,4.431332129199005,1493.5287882249445,0
76.37072015799066,0.3913498711565827,3.804011121915698,1389.7778566082138,0
69.98702626429296,0.28695324942312006,6.2270760840290365,1455.614989375651,0
68.5826550790819,0.12550737198747192,5.145058936989527,1458.932729860949,0
71.99115175306605,0.10423559961388716,5.693752900609052,1421.262713905936,0
66.87074902197726,0.41653503527804014,4.318822496997306,1588.0425509956153,1
66.56770201525867,0.285005760458669,3.4865515706334396,1581.4393279839176,0
56.361712753679086,0.24714956858156575,6.340161939270222,1605.1210194223418,0
68.01636634137688,0.20598814497724943,4.994858550256841,1484.9724621726139,0
66.16025483081019,0.22188172539800138,5.393081515330837,1465.3113609183004,0
65.87215208520736,0.08143413796140592,5.525276624478615,1564.2867844203843,0
73.33498450072032,0.21256313361574145,4.731687157587449,1510.2730316087918,0
75.26905562232407,0.20569851179672116,5.180983638092413,1509.8813969892665,0
71.85755603713862,0.1276688925518816,6.275162074004355,1296.4958959508,1
77.9633215235958,0.15691788371452173,4.974047016896535,1560.5211682521183,0
74.60449540664293,0.3212141114754845,5.75368105313566,1549.9179985970052,0
67.63955048155486,0.18998600637641103,3.4070024159755024,1499.5666861512275,0
66.29714971428496,0.3656937042026489,5.899008504255372,1565.2678219571249,0
72.50257789413477,0.060745645081009325,3.7823965615952213,1548.1361591576451,0
74.59013687921521,0.15822958510194018,5.807527059226801,1444.265193212284,0
81.18275445625198,0.0762177159002465,5.312504976361017,1482.4170999249714,0
79.52938435952076,0.10324620368865327,4.923263459140897,1419.3771843995974,0
65.66821594794264,0.13374354354725623,4.920329423033656,1616.9791189260127,0
69.18394975898191,0.2252247701416473,4.797815125314132,1578.1744382864877,0
75.36814243934217,0.221346093686431,4.3434643844451495,1434.8866128921031,0
78.54398222447178,0.14565677442979158,4.835218977095963,1549.5100413195912,0
77.51175574963834,0.021776035413073463,6.766447262007271,1522.2873867869612,0
69.48897733734923,0.31821542984257223,6.041845368627784,1445.1237659600586,0
59.96781878057187,0.17713882271709153,4.303197457182053,1509.9461606902776,0
62.00850899003527,0.11069678637590888,5.21414992186183,1568.6707757947613,0
72.18106811455532,0.221994462485607,5.076783330589145,1575.1935621970845,0
72.73780463539477,0.21635561364185393,4.886165245592263,1686.558695685534,0
61.210565012524924,0.1741858828000028,4.197777954690016,1507.5431322537413,0
70.35655688711417,0.2118824812513204,5.356718387845322,1480.9768852710952,0
75.04979485577427,0.10759761276735853,5.676857303931709,1544.971221110227,0
60.79018673994285,0.2607930274541187,4.3328810519465755,1485.3629968745856,0
78.83997761443531,0.12025063241945039,6.564433133831366,1453.2076447773698,0
66.9797508115214,0.15155442757572546,6.217602599388443,1425.9373411306838,0
80.06090490061321,0.251904145292126,5.438532447160986,1225.7875577356,1
65.7323804337928,0.2963167172008187,4.0146242378649495,1558.7871544166005,0
61.78699613692657,0.3268619654437071,5.321126900787649,1368.9621014342645,0
66.33490408126625,0.28446385907732574,5.225582401251572,1429.611724536452,0
69.23881501538143,0.17407422529585748,5.410524220974797,1523.395487295602,0
66.89216074582815,0.07671735447196298,6.272371417831788,1474.279456433812,0
68.2719886274151,0.3124044468482315,4.859220756306704,1671.9437799342609,0
72.67172119740952,0.3096556791123981,6.638261263724595,1379.2608021535577,0
68.6305650416288,0.14624190773172036,5.325203476795,1679.0976876720017,0
69.47110084838394,0.2736951230259648,4.767629459470988,1610.4467687240463,0
56.326188806379236,0.17342577648554092,6.919501765365129,1572.7277108078642,0
73.13358412808378,0.3201021506809383,5.663913520016072,1615.1449741182034,0
69.28637361846665,0.15881082700769744,4.636212890434022,1532.3689598972833,0
82.88234384386297,0.35829210300388026,5.0673732711571535,1363.739760222811,0
62.483478661968334,0.2628896438078597,5.5081864174836275,1541.188134489274,0
55.53363737200388,0.34380358757487894,4.879311178571727,1381.5459686514394,0
74.94454795144034,0.16289621842800966,5.10712629523596,1457.7310176787366,0
72.77221614650401,0.23240236835553546,4.346237117069823,1493.7534321827409,0
61.93253583575083,0.1224576641324508,3.651844375353673,1427.1149985676554,0
57.76200835996727,0.26751914016953576,5.0851354581957695,1575.6835576291578,0
82.29917384547431,0.27192332262696994,5.11202225778071,1482.8993938400663,0
81.31288312485425,0.3917619134560949,5.421695673246283,1532.7446584803572,0
50.10034593035097,0.23856318377757196,4.539048234315042,1499.246947011171,0
66.33421576594799,0.2579275362004875,3.927556564367468,1510.0943327738778,0
83.3135364382712,0.16233356987969746,4.227740424202121,1429.050617245852,0
66.19149953777706,0.2433103498108191,5.8445070054718595,1406.076684383861,0
66.07510212778678,0.1696087033049933,4.466710950233943,1487.698506371289,0
67.73792537896506,0.20926886070736,4.64633521135699,1422.710857844143,0
61.032824209854724,0.21396125292366364,4.75006914893511,1611.4844563966058,0
56.361794046175646,0.17181561013206637,4.504579064570567,1389.8851932966495,0
78.42037848587799,0.2050356077233595,4.445431337973734,1686.9601848835218,0
55.25650475001859,0.16997638642292637,4.303101148292951,1524.1620102021827,0
71.97817161687004,0.16962150999729286,6.12052525965456,1505.5461523920437,0
77.0926359420612,0.28613317212018174,5.544080546674344,1456.778700062406,0
58.390189608790735,0.21403309134611292,5.99825661852019,1552.5536825882118,0
62.60585277923943,0.22776530177602217,6.15947180516867,1483.6579991423182,0
79.70543350713272,0.08341561848115714,3.120096162053615,1524.037935557436,0
74.26313376181632,0.2338766665464312,5.274763713622462,1567.345853363183,0
65.0617143449689,0.24243387711801906,4.531057092881345,1553.5447575354917,0
79.61799202688937,0.1681329101848998,5.8934477154826785,1599.188896075816,0
79.65228578763441,0.36680237410085537,4.4068230374059505,1543.0272858928624,0
72.15242154412566,0.016861818865274797,4.156680194909033,1423.898584942991,0
62.7987181770107,0.26274937086164374,3.852763311477518,1333.6168531071494,1
66.69241037222564,0.25702438439638897,4.7578600712169585,1516.882698343276,0
72.29109395164312,0.24332663455995296,5.731956210022648,1518.0370523564563,0
68.49124136682009,0.21409701645108986,5.204933773489049,1654.0743852088453,0
77.51165742587881,0.24405434581000301,4.037881387891085,1490.7327506455242,0
57.761807359125314,0.2694540383644715,6.722127272289512,1529.9593842491397,0
58.04589176747009,0.1419289932934405,5.5196309115932545,1562.1741124612538,0
71.44696889185946,0.2239356497744072,5.621928092606149,1541.0726496790007,0
66.06764468954476,0.1853346526381357,6.028023061878127,1567.5155033453836,0
64.98361108241808,0.11249852798195932,3.6878275290993763,1434.5432553499313,0
55.855546246604824,0.2573735979690632,4.270852689129693,1421.8906932986042,0
70.15636675838546,0.15485116602527735,5.658409085539418,1477.5551335554665,0
69.57795913599388,0.08017130601764264,4.351409337582819,1326.0746888245542,1
75.22783185561393,0.1568711471438681,4.779989222195962,1496.8336327785628,0
70.55124906496778,0.13608808815254958,4.93780747773496,1447.233352607343,0
68.93916737407602,0.28227832073520887,3.978075689096066,1525.7770666902188,0
79.4160050943227,0.21225545124464623,4.711346254293088,1478.794496879741,0
59.5002615724116,0.3105906196551952,5.7316025738814655,1418.7653749892293,0
74.29111375078061,0.14667550150135633,5.583563111854273,1604.8685490407252,0
56.63082268163721,0.26993358975172,5.890411729573975,1506.6015283366387,0
63.29310495999354,0.42716983318463303,5.807900699032637,1569.028707314022,1
60.29874293901349,0.22848259737017124,5.324699140562068,1514.6811568603273,0
76.25554028361535,0.26893190898585223,5.2613427986477594,1537.119610496564,0
69.47671813123685,0.2554814131380325,5.2026646080852945,1391.1203420278844,0
69.89197404325618,0.08623397380593388,4.498362266196831,1602.2482803165035,0
61.14613609816439,0.24686538379739606,4.176044221023509,1570.2945320301037,0
67.60245203253689,0.22451650565196551,4.44832212310408,1498.4927759462023,0
63.89227757352711,0.17922020932813526,4.739176546754025,1523.040167509861,0
73.06764011883372,0.12927709006360955,4.475339244205779,1580.2084688181005,0
62.07127091734709,0.25551865922616296,5.331065390787132,1470.2399836711631,0
80.63835492164061,0.1222077008311503,5.161516172851401,1373.3535668268385,0
56.595356403007244,0.37069164837455176,5.247458798976174,1471.7388820493343,0
63.54784134034751,0.20913352667905027,5.281126452732623,1512.1911593723792,0
83.41760407972878,0.10213543617707972,5.956531150227626,1497.4048166341306,0
66.51889001630373,0.1588802977337329,4.993141686090319,1605.4052925863016,0
59.480970684764706,0.17774925293681462,5.806695547067689,1423.207808886456,0
71.75257250030135,0.39299013231390767,5.4132682863833335,1433.3367495626576,0
66.19686206228366,0.1292328842552403,5.903706829308069,1415.356279865793,0
63.31303795505355,0.19070261893988905,6.291703867509257,1534.2992876045987,0
61.23303351361026,0.1569737304107982,5.461319663983256,1377.9172997540932,0
92.14698884500754,0.23994067884653314,5.083014599737599,1559.500511842665,1
67.98758479852691,0.15824932690359644,5.077846253954647,1425.369238295243,0
54.59546111733698,0.10887546670882318,4.623867136350529,1438.1518112196386,0
81.94967807204428,0.18437643361630413,4.596982282739155,1641.6180207992986,0
74.88856724088457,0.17604849253342056,5.721693730649228,1598.6063782956544,0
63.868268551841695,0.15262044979007894,4.229063766041955,1509.5370654205522,0
62.53504729051087,0.1568951712882306,6.291818108449781,1395.1169479565847,0
75.38778236926585,0.29477566383048026,4.878621397676784,1661.1537965320686,0
68.02465338008436,0.17442078285859966,7.289662314498251,1484.2942758051306,1
54.59217745243919,0.10926978700172539,4.4455076585363065,1519.8064781174578,0
84.29791971683734,0.1630307228960115,5.200151135984267,1572.9547015289165,0
66.52807630227234,0.2043468527572314,4.718520583801265,1342.9683834768055,1
81.96457389185942,0.09309842907589169,4.365532726765382,1448.7970134534714,0
80.22747966372572,0.3300782368005119,5.851040280702975,1494.5540207973027,0
61.991923644137486,0.2694063582005018,4.115556644481755,1510.4575769369158,0
78.26551891490519,0.31441381948950237,4.459140394420612,1395.7114526344267,0
64.78845960109055,0.23137025003901462,5.469055767131929,1526.1070129051418,0
55.06639530556846,0.03250420398959197,5.5959686487595235,1502.699232315084,0
66.60321467182285,0.3228266973310811,3.886491663017983,1633.3854119220741,0
73.18110001421023,0.1309145312232086,5.465341508172299,1580.0232631204565,0
66.2981068160293,0.1374250604798321,5.1031199307330715,1478.459537017973,0
67.54361327259919,0.2125060115164355,4.265821313710776,1484.314441043893,0
79.14852835942891,0.310258387733612,4.368894771731557,1581.159741625831,0
70.85195184232073,0.284262970716192,3.373238857641279,1522.6899430920357,0
63.25361350972038,0.2725024896140817,6.373955542238062,1390.3093271451016,0
75.61624258933861,0.17505383577003575,5.812336331981606,1667.5032668232222,0
71.58140453563396,0.17379139791263107,3.968683991857425,1420.810504566776,0
49.82716158830365,0.22767549343840535,5.639126138233436,1698.317563471953,0
73.42682331017159,0.1895943326973174,4.540782124840267,1534.2363937663715,0
73.13462966172881,0.27114543258634827,5.7318484290797596,1449.1646968261916,0
70.16096903664688,0.26640941315961814,4.603141144672734,1310.6373852704978,1
77.1336046485566,0.24730730569381645,4.709316723913633,1562.1411575398693,0
64.62085132538799,-0.002076902541550296,4.769322185793868,1375.975153150464,0
72.6919983105672,0.21023906909418114,4.4741157266709495,1528.5835646694575,0
57.46432503066118,0.19129168954138392,6.119417100186643,1654.6906162017908,0
73.25672306719065,0.21344204814076254,5.718821594465183,1408.9856907815908,0
85.62447756431916,0.13965402891628748,5.087958830666623,1559.0444329658405,1
62.04114918025967,0.09401712716806199,5.8196545311886485,1435.072030811369,0
63.9215829440978,0.2370510783980032,3.6983426278036324,1590.6519629415122,0
64.31987645686758,0.17149589458143505,4.017232977159174,1505.2658143963845,0
71.03998580641276,0.24597543949660797,5.37964380988637,1498.4749281717156,0
61.49570981717025,0.14632684978521832,5.588429244646311,1596.5830649180177,0
73.36997902952784,0.3132728512394142,5.223526037004601,1550.0233952920182,0
76.77471956375332,0.2800851874056611,3.4938442599373447,1435.6248769180404,0
74.27477770763028,0.22374616868367045,4.150132380529802,1642.969073740344,0
55.85267659489542,0.18293692692912422,5.333273493203335,1377.1338812784381,0
77.96134132126885,0.26819271022385577,6.941177831393014,1522.05576765181,0
77.49893931402944,0.2314038252189925,5.974330132046743,1434.1708247288561,0
76.64129097877043,0.2190867350344484,6.261843438776618,1381.0220233953708,0
72.9827379892466,0.2834292327647687,5.271780337752239,1409.2655192160223,0
71.76151451364106,0.3141228923525312,5.265992784631502,1496.0608384127495,0
78.25911518501117,0.09980710524115645,4.173211626195139,1527.9781411318854,0
85.38810790082763,0.1159692714120155,5.761457642441294,1584.7145464959535,1
62.3756762930812,0.13757914196169618,4.9414546379671975,1618.082920751494,0
78.62500316635817,0.07980603218851587,5.5541859003709755,1522.2149717683228,0
69.31026321594038,0.19498011795446793,5.024549082304748,1464.5445376903353,0
68.9626155837712,0.2480093164195605,5.223294739800592,1583.1213845603672,0
57.70775447694369,0.19828653640381308,4.929817506961102,1450.8286812606195,0
67.72168472387683,0.15727026867096836,5.179699758258314,1372.350837677492,0
62.02188033625268,0.29011662057033266,5.800061246036185,1575.1209209954136,0
66.28916456395244,0.21124451225653998,3.987016376744621,1605.9129481450793,0
61.2145089297748,0.22743863738930548,3.805662058947912,1434.2550681541013,0
66.40873290149595,0.2923387843919808,5.340691662111119,1656.86585307992,0
66.75111714381278,0.19014064489190932,6.152459438326094,1546.6441855068697,0
70.7740393475104,0.3648171258099745,6.354195693440865,1534.7169582371914,0
57.08200110166935,0.16417479969025872,4.020471825831942,1458.665112095925,0
58.43585481803741,0.359835856361032,4.6777009316781015,1581.383101459485,0
72.89531416584421,0.12202118544700637,3.8166277964440725,1378.0497498285772,0
63.62049506343921,0.24139879223043534,4.559510698890304,1472.8167643538636,0
78.59623832183945,0.14859742649550103,5.898278476039489,1441.3469411230221,0
71.80215777612037,0.2895652893584874,4.98968657315328,1395.2853799882091,0
74.85409720165126,0.16174139137132573,4.700900736300969,1569.0389964252524,0
81.28553856336715,0.22326969525152687,5.436068605128968,1527.291078127272,0
67.52231350554742,0.14795664031667444,4.363958328152423,1564.3753204155325,0
65.4041063566698,0.27497801389332915,6.274382691905486,1477.7359992861184,0
76.9736206847905,0.14753989914886886,5.005827977793179,1578.8063641578465,0
74.07610851143748,0.3346731875794135,4.67856460563208,1506.1713405052158,0
68.5013575214296,0.12032023144308879,5.469479387836489,1462.228293282204,0
81.13166373564754,0.09234976653374827,5.751428928168837,1448.8888987548503,0
68.30204552128056,0.2761241662463269,6.276780192119407,1341.3676986700104,1
70.26218910044625,0.15266850877891827,4.832024874993468,1593.149704273355,0
70.16978120667407,0.19942101492403716,5.8688452181549735,1584.0724135147807,0
62.52324884081223,0.17422070769314235,5.080969289519998,1734.1895118574544,0
70.62068311589113,0.09499133862778479,4.510895983221044,1473.2304236274308,0
81.17408141918793,0.19384050686893298,4.3785507767966125,1446.65651181799,0
73.55974652300941,0.3011932715977842,4.122413245093597,1363.8851821927278,0
70.24850741119145,0.28025096026444524,4.406644800888709,1576.7973075039258,0
68.70586175067464,0.21854342101007398,5.892565297408067,1558.386114763653,0
72.6469362272508,0.28898146344280856,5.56536768142883,1624.142393543875,0
75.99813302791348,0.11523851322446588,4.00703067524644,1426.6686384462475,0
74.87391064711802,0.1739636536875995,3.602887263828052,1557.309245157214,0
67.34508110542417,0.23166439525841667,4.110165475362871,1458.2367538923743,0
72.59825275288091,0.1895668138546311,4.378611033402281,1607.4972955158012,0
73.83951792918623,0.18025413356187542,4.757387431538393,1542.8972097193825,0
61.94244009978417,0.10394850141431239,5.938290818406971,1375.544477519402,0
71.34584432946956,0.03349268890858309,4.561826512880266,1489.5042368257646,0
52.70956890958111,0.2654293139959709,6.344399968141819,1344.150863809887,1
73.86026967856948,0.2194577258601781,3.6558400861429057,1406.9374630185387,0
75.28274443650145,0.27215987025680743,4.721093983390155,1411.7762011605064,0
75.98036900629168,0.16502112462733004,5.628438935309121,1448.724684058858,0
66.83962518264346,0.1429777692137925,5.677764201893147,1478.9851372796284,0
72.47237468019227,0.20052383733093077,4.731428834889286,1513.1666476060861,0
81.39163076432934,0.2683359718890253,5.801402747027358,1509.1636560635461,0
81.31015718633007,0.18148382280098768,5.649757154005506,1498.0912136479858,0
69.76661840618752,0.2641428147462789,4.454308272549992,1526.5908342438474,0
71.11455704583648,0.11949535955255305,5.251942774755538,1400.0164286927297,0
78.88728915787547,0.18708422934641064,5.562890627261476,1505.8542971603854,0
57.9935838779026,0.19439086847375753,4.51157218594174,1614.7567221214676,0
67.4153940585838,0.2981111955137536,6.35546036021533,1486.7357738508865,0
80.68456364429406,0.21661019184127267,4.3317104427058855,1539.5738212453173,0
77.80160433347812,0.3396862014635356,5.11527430663561,1532.1299769354675,0
72.95411022119924,0.0921852160042014,4.0001781468643935,1568.9814744482067,0
57.953340757355036,0.21039351235290238,5.082688158930048,1522.9711119789904,0
69.6007181356707,0.21435184313443567,4.1463414271433425,1567.6292182959464,0
65.28067683000053,0.24960745580694937,4.76469668693659,1540.5833103341954,0
72.64831122253771,0.13493120508408873,3.7307219509431224,1552.5828006955267,0
63.52522652164096,0.3347557071528669,5.639850720260577,1535.3702113822699,0
61.794212840203144,0.20103711531774074,5.285024039793286,1419.4568521736512,0
53.48107777853087,0.11303459896520657,5.86992844290936,1406.3388522645917,0
79.77443747981361,0.19871800076691054,4.721755868288131,1471.741803319659,0
66.80183590845554,0.17494707816959093,5.907077893504798,1624.131242254108,0
71.25716626962027,0.42265881137978634,5.031423716315869,1486.2677564858145,1
69.98209506820655,0.2839954879620011,5.0905339675429895,1524.764758780693,0
61.460528536316005,0.20397290845665741,6.691242660281551,1342.6154941981924,1
59.92748070841445,0.19104666518406363,4.612259228049117,1515.4993520534485,0
61.95747899202212,0.2760845489985172,5.9819672249238796,1506.8726414733305,0
64.21465248936485,0.27990897282625715,5.383747952438091,1286.1344833738876,1
72.93284997611045,-0.0329239935456519,4.542476086203614,1523.2711153576631,0
63.63425869183511,0.2514394523786667,3.9474472876292213,1367.9215554675814,0
83.97192505275697,0.20223732351829016,4.173531959635608,1441.9720668070338,0
78.21720828714521,0.09510849425704192,5.904539838283609,1579.5577610619955,0
76.46687639732566,0.27041713116993416,6.387519621469566,1512.5961221470186,0
69.0427287802148,0.37969504108466123,5.073151922568181,1464.123992722419,0
82.11424588576386,0.2445436757462225,5.1151054100968985,1457.2739840522236,0
68.25595495103101,0.28803427538054915,5.621162746525189,1466.5606213093465,0
69.74990868676603,0.3443295273571523,5.058641623482548,1512.8711163592639,0
71.35979631799415,0.13357902794239587,5.879760030376258,1403.9485714083312,0
75.61458432434675,0.051394284386646644,5.233297800530548,1589.953397451733,0
75.09526463202388,0.25254928506476015,5.108433050921954,1408.1949056897963,0
66.19899777244318,0.18019107708468393,4.440629722004705,1361.8353973728306,0
65.73605024459238,0.09006612381027657,4.243786336421374,1579.2922505557656,0
75.11922365721668,0.19374640510913654,2.4727295891638055,1465.0462940752425,0
75.72189267112986,0.2582037899032496,5.987293439953497,1505.636767252728,0
66.85319100141702,0.1880822668188512,4.88271435582214,1552.37048136076,0
57.302495442572365,0.137053789541197,4.679682124211375,1442.4450441684357,0
68.34147123193404,0.18211943517627918,3.4386341628916535,1510.9716601882728,0
74.98820639060688,0.19844188277589236,4.487909787382119,1551.857198527083,0
84.44333477135825,0.045641418989913446,4.382650833373684,1631.458790869998,0
60.416336301274704,0.18857800374634456,4.36418153021538,1459.1152886000966,0
66.58742997735541,0.09245276222840867,5.266268914522103,1462.9642239712932,0
66.88477150779698,0.2527220761616877,5.097798842556803,1545.0661295460263,0
80.84644271545201,0.07511659395305777,3.910963253104236,1516.687437124707,0
69.72046799633094,0.2810153763640749,3.9617271200741335,1489.0371392404136,0
62.74138752502188,0.1672667944628847,3.960257158135707,1627.4151986006868,0
74.46956226337456,0.15656194345823904,6.4484208700537415,1365.4050184550738,0
66.76289183967243,0.22355636778415777,6.194178102953304,1386.260363963371,0
60.20490181313637,0.13071724438212864,4.318160800720322,1366.329444819569,0
62.8578135417908,0.22229966033040513,3.4187245440034153,1596.134396879998,0
83.87233563538095,0.14143129802493037,5.1024353944100165,1541.1778656976362,0
73.0736737731957,0.15546123901401845,5.037552092990137,1390.3403932906551,0
70.86208044362034,0.23242833354633083,5.2535335895907185,1490.1573286920618,0
68.00085011350363,0.10891354130124939,5.593099113981866,1497.7859525328824,0
72.33719073695039,0.09885301585901146,5.361363162716754,1323.2624304637136,1
72.24188756801995,0.21985804059282735,4.106848374799798,1515.062170235657,0
72.33735062565862,0.19784801180084924,5.235232869731214,1405.7963150293353,0
70.91876072222202,0.21349541958475138,5.683058860268524,1556.5334837512803,0
76.95038670644439,0.22621113893771366,4.420798621597301,1408.244700337616,0
70.18483476800584,0.20459004430455852,5.239965175004687,1517.5327856416823,0
62.17648931557889,0.24864740991736553,4.557775426025754,1603.5656186231881,0
65.10061687279305,0.2077949029582927,6.596935776752984,1577.964806481058,0
54.167850452082305,0.03941568802597578,3.9385382889063836,1540.573190697372,0
86.21453692833914,0.06016923242705158,5.924759149222881,1493.4931538846604,1
76.9020367356215,0.3542359344193666,3.6633497908597845,1379.9916610330522,0
63.3594360389661,0.20000574936470905,6.434442148173286,1464.872332776042,0
67.7452412048232,0.27601933213736773,4.086760746060472,1481.9195064581675,0
64.90498820634853,0.17234368754983392,5.151737235191469,1476.1742125213395,0
82.34037769099294,0.19535879244848559,3.6966454506425563,1377.318220614429,0
58.64098268583257,0.16373082765833252,3.920015106382631,1534.7547795859095,0
70.91580847055023,0.3972741865169092,5.7181976380996975,1405.526746213977,0
69.13177725948121,0.2202593937891314,5.822529849175577,1623.6887154884523,0
76.61470904567291,0.1572113675595042,5.191487145894118,1511.8416948254956,0
69.16792617820244,0.06787682292558475,5.592865332392193,1578.3410102411563,0
55.93432898675652,0.3578986754188682,5.835902994123178,1576.6874512276274,0
67.99105732286047,0.18693772918173573,4.452658508960549,1666.2345313283865,0
62.2227022564534,0.2595383295649278,3.8808308525465485,1514.5504804191241,0
70.63663637245249,0.2684797832245237,4.989037291037764,1468.7951000152048,0
81.47341629216261,0.16297355812557035,4.5382390512822335,1470.3371846844066,0
56.08459804614178,0.25379622203089247,5.310897184160796,1619.6882113071842,0
63.59821811680077,0.1516689370598706,5.438422889670341,1394.3811667261893,0
65.57845636973202,0.12076589103684675,4.454679367544576,1429.7500337445454,0
66.9469512366943,0.293157175400977,5.563286834373154,1518.9593408585172,0
75.92100531284196,0.18734484961422407,5.523310700761046,1487.7762036782003,0
68.6116446595089,0.24148102668821245,5.578654063111216,1577.4115566164005,0
73.32642180576356,0.2328736795105417,4.673766098391526,1392.9045410016463,0
64.99381565014579,0.2510345568044231,5.62393773186286,1494.644319389344,0
71.8393947633435,0.07547704526387002,5.416001824540154,1485.0390605985071,0
76.22238104702171,0.15317675749469042,5.5121477158052485,1414.2204823467343,0
64.14160360210329,0.174041987400286,6.342230850470822,1570.292809650633,0
76.25086495845211,0.13348170616788077,5.262219351940329,1492.6572568297531,0
70.41898214982055,0.23432054784131104,4.514430220802026,1489.2740311322177,0
78.36368192385802,0.29495144620767183,4.111636375200429,1434.0237234185252,0
68.3886407993842,0.30761477242770385,5.902348927995058,1470.410753377169,0
73.0499572412968,0.17286361878320933,5.285846140828358,1418.2697928863547,0
69.67515014657177,0.22335726899663258,6.33601759065618,1569.101310829154,0
69.23030190367537,0.23565148035920797,3.376358247039624,1582.6252797404245,0
72.07144342580551,0.24970048753628235,5.728533670229154,1634.4049219841802,0
74.29445975379923,0.1297491941541885,4.7910901316634975,1534.7242701537161,0
60.00348070460796,0.3456464214611973,4.717183204095063,1472.8625125349504,0
81.46906887054303,0.27412161474771557,4.388153727881127,1462.482942152345,0
55.12269567560161,0.2762119474953953,5.7196568111081145,1539.2518434992255,0
64.52150312208883,0.29627680455203176,5.49082894182658,1516.069084364873,0
69.2458474338808,0.24273087538127877,4.086094379968447,1486.0633482926496,0
73.29884775268758,0.11781492615592222,5.131937150340057,1479.0337138499353,0
82.60938022193103,0.18888218147559147,5.5648914645443766,1593.6952336617994,0
55.13366809419914,0.06791572839504678,5.1424084207407255,1465.4522124946366,0
65.93844697288232,0.23320580077592676,5.886272240021551,1607.7340741468834,0
52.98533209760588,0.18646290734675627,4.767969164888654,1514.5708955200164,0
70.25297579128198,0.19675820931784546,3.1965138615164204,1470.5695346733905,0
72.17346867600024,0.29632009040685214,5.14937404861459,1437.1784603752726,0
82.72636593737002,0.16344047691548327,5.144500615524064,1487.6380216053801,0
70.96507808714763,0.1798301472982339,5.248949197363483,1540.2692536441248,0
78.35220103553904,0.2017578636770573,5.8855832783741615,1469.8389633284803,0
74.67069665231247,0.05280062004690941,3.4380293973653546,1568.0268442384352,0
66.51801442395865,0.17871490753903976,4.8092133565338715,1465.8432930857305,0
58.728314025663686,0.0011364070171053509,4.261873753598759,1490.0172334087094,0
72.20001838633449,0.15315827504834087,4.033575689505212,1397.0644478006802,0
58.06318386283709,0.2684151242714262,4.9421608003496855,1544.758146944349,0
80.36165658135715,0.23578132466008553,5.56145762422454,1478.6259445144349,0
68.70350318370541,0.15241437516367393,5.240757283887327,1626.3096405868712,0
79.56141929209133,0.203263857457905,4.449982062003391,1556.3848013814627,0
66.1582845269408,0.11400083462956757,4.883622720365025,1506.7599818982117,0
72.15080629120794,0.1998125277480384,5.743917155703693,1598.0140816821527,0
71.67479085867751,0.43442562283940084,5.546503396048018,1532.4087079537685,1
69.6396470559126,0.3476641056297545,4.557783989418697,1580.6608096683817,0
66.53872389282726,0.2042097704013809,4.506002899468818,1431.0102800274178,0
73.13964814776416,0.21281153319322996,3.626812671520802,1536.8951086592895,0
62.59069389213433,0.12163477482923593,4.656470933134108,1540.2177488482407,0
60.324517368327534,0.13585687136391597,3.6113688556491867,1376.4207147823015,0
79.94261514661463,0.22897474576837554,6.653655749908892,1620.5300371271755,0
75.8173439111368,0.15800859474908122,4.315905474506632,1407.1734193836228,0
70.52713286881792,0.27233196758812656,5.887184684250574,1396.0830108320717,0
83.32113906035025,0.32557485447822054,6.454484966313593,1272.1051575348995,1
67.85787585020124,0.22660966278248312,5.172961126822391,1537.908475186144,0
80.58162575991183,0.20813897646719415,4.919988594890475,1368.5547658468256,0
71.40459267940658,0.06553763000714788,3.942107795155934,1458.6464410914418,0
61.80199399938888,0.259808819621764,4.596319902680979,1567.0294709978573,0
84.78432153416679,0.10850629587687535,6.283172038295221,1515.3642327754317,0
77.92568677299268,0.16655926970932644,5.281002103697816,1450.1042191510192,0
69.03183175192349,0.27676607139081083,5.02267856596707,1372.745639134043,0
75.81737007627159,0.2823806531447226,6.04969856734053,1491.39096916708,0
66.77037252801675,0.16267939781199064,5.557032438764573,1568.4220210922444,0
76.63319228047634,0.1672867572064011,4.88170148177619,1556.0669157402153,0
50.871371477728324,0.14405449013946625,5.173004668538877,1642.9424668726015,0
61.84158933044325,0.10417170037392715,4.3855479700549544,1447.7233141335755,0
77.83407795429571,0.14921636143166067,4.551167482909131,1394.637304502862,0
68.00275569424865,0.07094959848682492,4.834961096593073,1524.7960783075537,0
71.66033835910993,0.2546450065206612,5.445976849898952,1516.9136982832033,0
59.22571470307652,0.23156188841295006,4.002109621847963,1499.6112309772866,0
84.78293596561683,0.244842342789641,5.060992264338183,1440.2881592188685,0
79.52423714974141,0.12364767595398858,4.688110271949548,1287.729671985404,1
68.39451825299736,0.1043943549187955,4.2792566252270365,1419.4709390278656,0
66.76243314509338,0.20428114194508484,4.692406760406676,1544.565477303606,0
78.23683489135755,0.20512820519601804,3.142877389559822,1522.7170878721006,0
85.85976360135142,0.1882184137989644,4.393929060777296,1577.2211200468848,1
77.63008204649083,0.17684133846497205,4.120410494339235,1527.614552722597,0
87.37442133917281,0.33686206221555093,4.776067165919389,1558.881379406664,1
62.621189367504655,0.23408200094343828,3.176168141628853,1561.1785616808602,0
63.44490535600968,0.3576542713173193,5.152714194807575,1501.6380136262799,0
60.488471055573214,0.3015172020345307,5.727538637125491,1502.1999002986267,0
73.53408519719584,0.33626167408138763,4.906162902216081,1267.291005418254,1
71.40482839843496,0.11404297869151984,5.399033498723501,1447.4732733310288,0
68.78439101222412,0.2474536792798424,4.589815554879006,1450.9277819143206,0
76.47406902498639,0.16545876088053016,3.7563031009793013,1491.2957017487206,0
79.85862884171732,0.06692906309123739,5.001353057028522,1425.5728932285515,0
57.79470072570526,0.3196802535644421,5.544302701588175,1575.0051211006582,0
65.22422377679108,0.17650459794354967,3.940489499513874,1429.4792028260385,0
76.56114875298448,0.11559186957866525,4.6278181789425314,1588.1946113293775,0
66.25809052913134,0.16683489094010454,4.8023068792764665,1423.1075971789905,0
63.61435138913477,0.13630207017809448,7.281126116227956,1451.697616322148,1
78.14829942120316,0.14450416259066662,5.178696955775913,1445.6150117538764,0
59.68399944220816,0.18227172878538805,3.475541136908978,1460.3012792531351,0
67.58736153767116,0.33846521544357944,3.277719278526232,1594.2910356833274,0
72.62915220643846,0.14669462267642996,5.5843990642109995,1473.8332297658392,0
65.40944068871904,0.33274165313753523,6.988025580797223,1475.867536351365,0
76.2652452481054,0.26790694367836176,4.775220412319425,1440.6562697471643,0
65.44898419842104,0.2317017250868869,4.727344326353193,1479.216522073446,0
81.26895594756735,0.25984960258015,5.344619340958077,1517.3158807594752,0
68.99402962003381,0.2010924531069966,4.3613628733239125,1482.787130144398,0
75.37016109364282,0.3028840083090741,2.9646763036570616,1487.976665718345,0
75.96819162386254,0.24535842106136807,5.829811511420549,1581.282431488361,0
64.97967997804741,0.06682672119795896,4.509454297278537,1521.891956203281,0
53.572107610752894,0.2237001545511972,5.840094292657097,1407.9292143409164,0
72.88604603731068,0.26271785143940923,4.391210567751456,1493.1787807493927,0
70.57830677699896,0.17687990251190264,5.097423301968431,1456.9319854839962,0
74.44660822060102,0.2101004698171146,5.683865557990956,1541.6820766033081,0
68.1877802209373,0.15097136042604745,5.856280760857498,1508.2351845907147,0
66.55657840959427,0.08978994751491517,5.186390933985139,1590.424864826959,0
86.0677840878536,0.07596985032550081,5.1465912766391995,1440.796697382002,1
58.221167507913776,0.07703456103449093,5.495764944143289,1484.6063870176151,0
75.87160382691391,0.2535235793976426,5.371335627515322,1414.8708676685078,0
65.40318513453288,0.0007774633298937017,3.9670555726629493,1496.655765339745,0
67.31377105807663,0.1466816058429215,3.9823341165569266,1377.0735186650566,0
67.46317733940828,0.13874773718036978,3.3127527175832965,1525.7187652680047,0
63.57252580662994,0.17742723712100283,5.613206400671717,1495.5632331735317,0
74.56979368188992,0.05148547600510378,4.6834161810312,1512.4147790438344,0
81.12514876759965,0.2323110475792495,5.656157796301041,1563.0507714955331,0
73.76010928997329,0.0981470884672081,5.322968458763593,1517.98419914365,0
70.82705596969676,0.29059244325674155,4.198058654743225,1397.8577970892868,0
62.10847600720603,0.15025874499289343,4.903822053172177,1455.5301779567765,0
74.13460212659561,0.1923509581270464,4.636142358668726,1493.5854742855804,0
87.25079705383439,0.2003019085244165,4.51262121578915,1473.75204239939,1
66.95444300963926,0.21953928422884578,5.732229860394625,1483.5233568516105,0
66.99213136518507,0.20296115019969138,7.008594776438138,1629.7162006521628,1
65.51128695215202,0.16583115610138946,5.892962913394839,1508.0284356869408,0
66.08468612404464,0.22744388245552347,4.978434906114077,1530.5807693238655,0
48.037603570620924,0.23729177043959634,6.0076062079648995,1339.2958803543456,1
73.24028308684571,0.1387892266312304,6.370322120248643,1559.6803721786293,0
63.23558258916309,0.23410942551788458,3.8861033741517623,1728.1569503646722,0
57.1178950496656,0.2953376241921357,5.979883809090024,1607.6523309028098,0
76.0255195978604,0.2564715356883642,5.615745614994564,1464.7847852870243,0
61.34385771966451,0.27459001933177496,5.9504952453252,1682.4845938911371,0
67.29064756892994,0.21375366791259565,5.65062996481352,1502.1997093276432,0
81.73153912950863,0.12510796431400967,4.817816793972687,1524.523702121712,0
58.72627361580389,0.13522844322370842,6.626296515346214,1478.6051027369747,0
57.739214123217906,0.22559103742835296,5.271678886865719,1476.5344905435777,0
72.1544495164987,0.27542109801218484,4.652538383444597,1320.1523845783145,1
79.19589891208295,0.42287295311952444,5.404782412032299,1562.9995225509165,1
57.405266258144295,0.2785457555550883,5.777916721382288,1476.2401434021958,0
73.26151789469742,0.10636513940019986,5.075808860689596,1484.955144970103,0
74.64799631969353,0.13861819421120142,5.3145091068177805,1521.8670115310774,0
53.52671613046144,0.3822813852764799,5.070693665682921,1466.8337412559272,0
76.38801070325776,0.18284888544185773,4.471939413519485,1521.10614217624,0
77.01284703873743,0.2038011707809031,4.342540433097783,1596.2448407556467,0
67.5057154139518,0.1231666463672617,3.87774697074273,1532.3850682956013,0
80.01877089838406,0.32520827244593953,6.214416027237396,1487.7202290524194,0
79.09164459459876,0.24002665658565003,4.821266201496271,1490.1203916893862,0
70.82494340573764,0.13803189216917508,2.2579399185957683,1516.0474863262202,0
66.38843687740054,0.12049397689141832,5.317226463423607,1433.4279761871815,0
62.21737685933634,0.22457631567182978,5.300661683605842,1516.6287761020735,0
69.69949192507048,0.20353649399043622,3.5067458537356835,1554.7656713979147,0
74.55807135763344,0.26656881737769017,4.33408303333339,1507.0012876888609,0
67.40658511167487,0.24375747785017599,4.298968772351257,1466.06936816533,0
52.41999195790376,0.1788415720985102,4.406185847366179,1477.031718413606,0
80.14971115661257,0.1564958723630907,5.970220689362856,1552.1735072247895,0
71.52178577475915,0.1872046281360933,4.88089796154653,1411.9859036333075,0
66.96300402658532,0.155945532267459,4.658212092147079,1434.6834284922968,0
76.8572671073863,0.18958435737561907,5.897911953776475,1371.4479188975395,0
82.19710877186205,0.20131527428955054,5.396278196146964,1502.7198959471843,0
47.584707444096864,0.12816552852959545,3.6072173936187606,1568.951014059298,0
73.47410919937657,0.25045438896783045,4.506701088665678,1606.5185461166018,0
58.58680631351722,0.17036578284242637,5.257569669707157,1623.8932674555776,0
73.99288405439152,0.13264925197717253,4.2528878927903735,1444.7620686247026,0
71.02341761899663,0.17187140573745058,6.623643830736905,1520.002477240932,0
75.0858122115244,0.2193806525296229,5.090303010922067,1467.8150127052772,0
66.00601908404276,0.2066430559850643,4.39729892833798,1631.8115161780097,0
55.01407910544678,0.23376944919235698,4.10164508533116,1604.2757040084643,0
66.39705446994665,0.27186769000604233,5.742022070428562,1513.445715118181,0
73.25478108111827,0.30439521632064265,4.481710450404835,1450.4515403030994,0
78.12313862940178,0.22283889301504428,5.303939342633366,1224.1565668609528,1
60.6253495962198,0.11444780902116027,4.0787845145004535,1385.3120145986713,0
78.21648341498414,0.17847113579757595,5.056158233219603,1351.8165793193912,0
64.81702168282783,0.11965452924935936,4.491291281693231,1384.301394407664,0
72.89959905275622,0.33574832589698256,4.747684469219957,1650.3078094329544,0
65.92084837707493,0.3589920706021731,4.362975359691634,1396.396686927062,0
71.45736502169682,0.25202489579970744,5.820501022246616,1415.1245604129317,0
77.1350210765622,0.2686767074111225,4.607196819900539,1426.3580694147156,0
60.18388738169171,0.22007545545893276,4.885234244064239,1707.8835783181066,0
64.56075282602535,0.22928447323686332,4.923886175361004,1495.0038217767085,0
71.47970069873669,0.07220366253367022,6.289816097306902,1579.536341288341,0
89.21266928824282,0.1940854107794472,5.71224686991312,1514.0316329218022,1
63.09448230266538,0.12950775501229922,5.632544606622368,1341.2472785919995,1
86.32107108797535,0.2225085230030696,3.7376907015789587,1622.6111574119632,1
86.03538642940137,0.19523121236891727,4.474886089917969,1532.0877401072514,1
69.22151079438727,0.3557457569876892,5.950894972663132,1490.2629616787813,0
67.6147797904008,0.27333021509782734,4.06325534766268,1640.8101971475942,0
64.46347841068247,0.22276095860173162,5.067210838497384,1472.2760849832182,0
69.45437975733864,0.17864482502882995,4.1477907965913685,1488.4467868194572,0
58.74624453952354,0.3340817167007944,4.228074195672475,1472.3917823523798,0
69.39008786143522,0.19760362830987763,6.344628522291363,1586.1033028250404,0
81.97504219080685,0.22653391693082223,5.575416513261111,1565.1058345618828,0
65.11131950018626,0.20337996835414682,5.78651218223567,1522.289508948952,0
68.07420556808759,0.1676676875434142,5.626993184131023,1415.8585961990016,0
56.390876205862064,0.20292049779084162,4.888569310216398,1470.3813124419312,0
72.99249670504835,0.04304265194573473,4.446722633676882,1415.8332586212214,0
72.11585347961099,0.07618348790070502,4.678327792466005,1592.8294257373714,0
70.50961887812616,0.22797044333357022,4.846538836490603,1374.0218113301917,0
68.26538359822285,0.32545597524219894,6.421028855462334,1627.5496950531563,0
67.65793664982036,0.22785768833153353,3.9309148551763764,1603.0122301919355,0
74.01520186960538,0.1423704916082677,4.557070841104965,1426.517688749198,0
69.76946718729101,0.08457169967461317,4.269629306955694,1466.6812589088113,0
72.51977497244266,0.2627621808380511,5.845298558016384,1443.0055676452598,0
71.71986253963638,0.15462438791879193,6.483030607471278,1534.4187038158736,0
78.9874182967661,0.25145883348420484,5.247029087861117,1612.995858134986,0
75.41595277900043,0.23118921264525738,5.3128126678748675,1594.8495453071325,0
71.54289474520152,0.23826403138037516,5.073056738433548,1465.3655621267608,0
82.14737624521744,0.2026881365882845,5.3499831914249,1600.3845654195568,0
73.3621482324525,0.2306915507975713,5.618524129886102,1593.7457627569017,0
80.43970151032335,0.1904436478994932,5.340512410309457,1484.8932872996886,0
74.8555408670931,0.14917547725054373,5.399067462622636,1499.2433217661667,0
55.26464736854766,0.12292007515871589,5.6203314907951,1623.3371267717419,0
80.43867810655463,0.009199296162321707,3.577377518995946,1584.6689504197084,0
71.08140993074136,0.18551123500763925,5.00160714411658,1597.9827187607389,0
69.58436183279377,0.3215502546361563,5.244167233667614,1706.8307289640081,0
72.25078677991661,0.2584064074030078,5.332918544415433,1543.7813613049898,0
67.24013470434346,0.2182167294780767,4.863290990572837,1526.053177672863,0
71.81623088311156,0.14127960045686794,5.128601199837721,1608.6349969060527,0
65.26499146925526,0.2797871380607262,4.424074876255386,1659.0256729173605,0
80.19417806987497,0.19045525505575803,3.5801242114418157,1451.088485558731,0
69.0912950910316,0.3259947451031247,5.786509681044525,1483.8513183050698,0
66.93932925822054,0.12151301893642551,4.092502717344397,1418.5143503562329,0
62.60059347424581,0.14000243776218751,4.87163690950899,1527.4199979528935,0
72.15020631318913,0.13221840446242974,4.400696293678395,1571.1406883059258,0
71.49685680100073,0.08143053036527896,6.2696074239008635,1424.0898172292343,0
73.10739690942005,0.12503642518465902,4.936284228393028,1590.7036416177336,0
61.78198489995897,0.2082573007812734,4.751634829694347,1463.733846994333,0
57.190550409507416,0.1430239180119498,5.598292694980786,1457.2167396935151,0
75.00473042005248,-0.10851002633924772,6.725179334086549,1590.3950602579014,0
81.87713489501206,0.28594186379360975,5.324551621646471,1449.9887553410501,0
61.78917102088083,0.06527250165220758,4.698064430694531,1387.7201218221512,0
82.71553026849358,0.24713826279093098,5.557275185083752,1559.4925687927241,0
72.27128846989105,0.2024971671735652,3.7418567451347475,1489.4638162485483,0
69.94349676359336,0.3693898253136274,5.037143408051517,1595.8447066541619,0
66.81961042763378,0.27975659852180956,6.59516612396513,1566.6392536610776,0
58.92385584460003,0.15963163236120206,5.126197917348618,1360.1361311374692,0
77.9018281273968,0.14383491501157505,5.086222124926119,1605.2427538711136,0
63.795149108499174,0.32021821446394283,5.016509232286005,1651.9799962277564,0
63.7615465940992,0.08193031223188707,4.683618975659041,1582.6882807411387,0
77.93541047909564,0.21527039487349667,5.251592537891897,1585.9088338837628,0
54.93613242662619,0.18951036294002624,5.620218409328243,1480.1862335273797,0
57.811217514654665,0.17254191450362594,4.7345439580073805,1461.864371709232,0
69.85492605193535,0.22828111875587404,3.0073986093593432,1516.9955756020952,0
72.34627543203882,0.21516478884069407,5.372494004223003,1573.592428641642,0
73.8778771837514,0.23659205942333955,6.7065008612160835,1571.5786886495719,0
67.58561205282997,0.2111180521890627,4.698990873555095,1464.9773881915864,0
90.24295734913352,0.23341451240137984,3.823069293794717,1456.8672721203513,1
68.17685952987333,0.2074692154345276,5.541930387785984,1380.7877242893035,0
68.15371078317823,0.14724584902269486,6.3950658113472025,1551.7535940284395,0
63.62410664948898,0.20032010081892765,5.423498855772189,1468.8174980766394,0
70.99125453216857,0.1428490752236784,6.379760043333208,1475.9164162309207,0
74.91968985637419,0.13756987162153198,5.6349348365005705,1638.2300143822004,0
79.62862443626769,0.17310799978257987,5.565480788542154,1547.8711125427512,0
58.08572588447826,0.19044614714113262,4.58559945380631,1525.8318948935312,0
68.03203729315439,0.20281802450782488,5.228325512602574,1566.4157832380547,0
73.57362888647316,0.2733103061890665,4.976423234625779,1613.6491205953985,0
74.69646027675628,0.16012287339673253,4.949011423546679,1370.6015391867948,0
70.05238926243631,0.21574815411798565,4.796907897639146,1454.7497250441245,0
74.33939175625682,0.20944221711550554,5.180490773966843,1481.4292161138649,0
63.5282888565936,0.1513097370027148,3.962924012690619,1421.732645415717,0
82.46324345854686,0.2058992628965236,5.64937471942526,1478.7822741604812,0
77.94102482383543,0.2802177132141851,4.297803765775843,1375.909207890109,0
59.24057770347862,0.214920497350672,4.799783019996234,1573.7743408239235,0
61.39917561506596,0.21812671432218467,5.264447914428132,1458.5996327412454,0
61.624625999144754,0.14357373352458663,4.25818126528359,1516.0765118308939,0
75.42375976717223,0.3575087080963901,3.426829550155798,1504.1046895725754,0
59.72217786866026,0.14813149037419993,4.693562657841994,1544.5935520899222,0
67.35180532633535,0.0665773231562018,3.85512200593304,1303.1288339862497,1
73.6376351713342,0.2688147296174461,5.569848746136376,1536.0210976846374,0
69.47067252362852,0.19081463682812594,4.077197141966299,1477.992662385655,0
72.07110012570165,0.175756654324234,6.188124450967329,1532.5491141771754,0
61.473578309209934,0.15635569756707784,4.99536568861182,1405.6437433809326,0
74.75883498717796,0.34973716994526705,5.047339355675383,1533.0939256271845,0
65.09430486019203,0.22836722228837464,3.4154949371642687,1603.880948777937,0
67.40304260481648,0.24398009773160678,5.115890103080418,1515.1813007839335,0
71.90185382324789,0.2130092498865814,4.9358560665013975,1442.620733869444,0
70.82462577224679,0.22160396907561572,3.9607287720596243,1446.117488565335,0
70.19184015212474,0.3118899688447532,5.069814671037447,1546.0993040716191,0
63.994985424185955,0.1799316271017844,4.681661591354061,1545.5715449754464,0
67.60360471040646,0.08344499635834163,4.826569745683712,1528.5233586181403,0
70.0174687266963,0.26944437233822216,5.020705409755237,1496.9979976004595,0
58.99931813466332,0.23973612897939137,4.622836629473439,1516.2367980280874,0
66.29973626949297,0.20863838503080342,5.197165301559094,1494.807273343703,0
73.10143903226277,0.23766025932382293,4.93075561411923,1469.5295168586858,0
59.78050716923726,0.17034046237646608,5.37821477470926,1560.5981528122866,0
79.25265321275391,0.20165540662834078,4.577060324822407,1524.8093472912885,0
80.15690610079875,0.1894639796912072,4.1480641976528325,1603.2433329537816,0
60.038795392319315,0.15268093943432665,4.432905177249489,1589.3492304147226,0
80.86095706440112,0.2951338226484002,6.154125415081423,1522.1984425875235,0
68.85134729030293,0.08701930980657598,5.764773220965397,1547.630450655705,0
73.34811647325644,0.38887057374503736,5.970703306079288,1423.4250188211295,0
66.02679158297403,0.27018897673651804,6.026171166536176,1493.7928417631001,0
77.3843586178141,0.057761957223811944,4.626945554261438,1527.4130264067444,0
73.24875215078934,0.18206669364072564,5.2366495483267705,1373.381115578076,0
63.48677394721917,0.1865163267277154,5.06067120227837,1534.353764825531,0
60.67838400027769,0.231350930315369,5.527630820473138,1423.2618420333652,0
58.31758051832622,0.1208497383408224,4.768665403815226,1432.0332887577201,0
71.50353421146205,0.2025620274694574,5.074379325672803,1457.6411554267768,0
74.57977129423789,0.19031044815018824,5.057817182095748,1497.5594667007474,0
75.20772543023553,0.1409905309941249,5.425809919932558,1393.757715437483,0
69.05615124314097,0.12985982148230146,5.524573776857279,1568.5314779691062,0
60.744028354685085,0.2735043717361886,5.07493682587216,1514.1934591489746,0
64.54340161580974,0.06427339679659252,5.099192627252647,1653.998322444841,0
79.2187891116954,0.23823031488768412,5.180718416598964,1524.0064364415932,0
66.12297148319935,0.26380082455024995,6.317241136498434,1545.6644142322396,0
71.14734104545181,0.1825153329329267,3.6160017669464546,1431.6908585797894,0
61.3947961314009,0.2041898271779997,4.224256271025753,1405.4551767109374,0
72.69266436367228,0.29307959997579053,5.5389436771567535,1549.5324897933733,0
66.33852350656738,0.14361187914207546,5.215827519071273,1412.5368027594598,0
78.3737017102061,0.1518678056888701,5.210199640120702,1551.347958844185,0
76.18846164965451,0.16036130551205535,5.533996398970685,1636.5219577769199,0
66.0343524274008,0.29322604793786256,5.171194314499011,1575.6614948994984,0
68.98668778121869,0.3033834997507766,4.552574017240621,1545.63572929883,0
65.59107007967496,0.08832878124291049,5.503047312086607,1521.5597687847537,0
58.644534427639925,0.28049925978493095,5.0167097303992625,1469.2832032630627,0
63.14046056362227,0.2655126645077827,4.641938256888357,1490.835108878948,0
71.58573862176657,0.32428758483598624,5.552288499662329,1454.7657061017528,0
72.60207598583665,0.23080864257011038,5.5208270866256,1394.7676625892955,0
71.18838322874112,0.19645919037771387,5.1718131932806335,1502.834187406528,0
67.58613556833092,0.2916173349257327,6.373695323195646,1588.631124924424,0
77.46453284576788,0.25591230332014125,6.061461387816228,1396.8961188743133,0
70.5083352364875,0.3795918731318981,5.801485755243042,1611.879714624266,0
75.62603062476758,0.27669662759694624,7.053092458246998,1597.3747386289263,1
55.80979894237985,0.21228383811391324,4.882829278401827,1531.7599059209517,0
38.620797987053265,0.1060716495699063,4.628159736547125,1532.403627861952,0
72.27030422270464,0.15352662582447055,5.688290479442687,1485.100288039183,0
58.601874770228086,0.08512360175775872,4.797892561604575,1503.361328266823,0
68.30038637829556,0.18279503711513095,5.009542172518258,1462.913162109499,0
67.58322367180315,0.27408540745862764,4.211264027399756,1502.5310462063337,0
82.6992048193243,0.19970631292155877,5.485327566170502,1511.1860928910005,0
73.19997242354886,0.28173802150080585,3.823194203569912,1650.4995200281123,0
71.32687221438938,0.22700589867512108,4.922849423072504,1545.249283550296,0
76.6959292370694,0.16775261681967923,4.987715409987395,1483.2477545204738,0
72.94798069471231,0.20701001241359712,4.651168926064135,1492.087465058372,0
66.33858405609253,0.2377677352844077,3.5942281930708,1442.9393385346468,0
78.57180744203647,0.2111378718770893,3.58829512498044,1456.1256700705067,0
61.121998976893806,0.21205473830815313,4.40306207466256,1572.8556553394333,0
72.5859775002685,0.1384759913930635,5.431240263009651,1460.4826319335484,0
57.61944164690951,0.16536189878062274,5.231139889153555,1450.5971242628311,0
71.63155086012796,0.3806768636923715,4.986851712935087,1452.5989923175916,0
71.54391713418343,0.2982773192338834,4.292329211186018,1441.6656758258673,0
83.4116396953173,0.08209272825522274,5.272905777008886,1590.1748060274815,0
57.480208852465765,0.01064248339949106,3.5607765775688653,1511.4162460689588,0
65.19290259316949,0.2060953937158978,3.0827604141024176,1477.4148300398792,0
76.58145941259315,0.27147783155407923,4.805542759027996,1502.3425311885364,0
72.68253805117847,0.15840465300622342,4.563158895922377,1517.3832407779742,0
71.44244041070003,0.281732698255835,5.810537038117967,1440.216518313876,0
62.35091437633169,0.20477236520056674,5.1263870222182675,1388.8323514108629,0
65.27345321526856,0.18695509762184204,6.320588247999881,1607.0802174510875,0
79.96032806578606,0.26048921409401454,4.561427945043632,1579.0418994605166,0
69.58792644996858,0.1574499365678185,5.389417833217729,1530.2242075090908,0
73.00287756915579,0.17706349425570775,4.798178296467496,1573.5355149329682,0
69.07849336978816,0.25361338097043706,6.105375779304911,1653.1491238744743,0
60.53531587800188,0.19748832503471808,4.836759642300736,1457.1677037475058,0
77.47048340859997,0.3527021018702189,5.6835254241166115,1410.397275402475,0
74.02585907625998,0.25550603302848146,4.137904828380671,1552.9213297022118,0
88.44509469893751,0.25030510626662095,4.667829885494364,1382.6539224049145,1
61.87534896279564,0.19603962831479455,4.9327652704580265,1503.0378123098544,0
76.58058336960384,0.2699803741367685,6.010734031970241,1476.1254866911395,0
59.50764827170399,0.17419137817586833,3.2422504471935687,1553.911022752701,0
71.25877254138462,0.22259022009596122,4.733884442843377,1461.4180161794218,0
77.81205271250532,0.1266965562396352,4.706815898858159,1595.9815822162786,0
53.42291907122811,0.28315531137844735,3.3384211820844953,1440.2493195575016,0
68.36054020606714,0.22324837578094336,4.628771391402548,1556.4640529097628,0
65.49432212765903,0.35860104509583013,3.767466295046965,1446.6869031470865,0
64.38434161363902,0.39138387069358066,3.135469217570086,1543.87635961799,0
73.08170121807484,0.2610655561146518,4.790149737203741,1418.8283370644504,0
78.96548565138076,0.20547402489663227,4.763083903356914,1498.0708925462866,0
68.93377027816676,0.12431483902995451,4.804037133632534,1605.7673272128663,0
71.64389142048016,0.272379984260706,5.2022865967186815,1509.2004160113393,0
70.91447002447399,0.21682276511161827,4.296482541429041,1594.6461744894118,0
70.01442805085131,0.24304278713235697,6.4326848107567365,1497.8980416058066,0
61.28525889830315,0.3383829909964995,4.973364793494797,1459.5960591751884,0
78.86755681378314,0.13404613690693226,6.029144370449187,1513.758599564996,0
72.36156294527069,0.12605566652149308,3.6560806068090304,1549.4717324706642,0
73.15905192002062,0.1810859249303456,4.332376279926501,1347.5568089865474,1
63.547922967795344,0.2656960919801459,5.549051844035384,1541.7828035486943,0
66.32623681608608,0.24438937921715906,4.818748579457654,1424.81318617376,0
68.59092641831377,0.1283449190643382,4.141456490101627,1404.924977363144,0
57.72700245240919,0.2605242320561986,3.529096081084735,1543.086133346275,0
56.49572539841857,0.10390297448853897,5.586562937792292,1607.0802341983576,0
65.19401655489146,0.1329806660520914,5.521281803959084,1517.3124947850254,0
74.18016613153912,0.19076341462486485,5.194656553135382,1391.5674118517522,0
64.77490088056047,0.1557255003219824,4.603275047371267,1446.3551591768776,0
61.84955841927429,0.2711887590920748,4.109527977896156,1466.5386260112707,0
63.48251477409864,0.22291027864008756,4.957614768082639,1515.687755218299,0
66.3572606148375,0.34124489421018084,3.94774511708368,1494.2496121330964,0
67.16912829743917,0.18022517077164688,4.398732735548328,1539.6183842754804,0
87.32417161765245,0.19022382791674053,6.009000465119639,1579.9978264514348,1
78.43696502789855,0.29683060872494105,3.5193313894948646,1527.5795662552764,0
78.19819289825382,0.19272633575009637,5.542022261520294,1571.8464554062482,0
79.34864291418705,0.3195204198166037,6.1953567611593305,1478.4231751180232,0
62.009433045327604,0.24326625683075934,5.653007775506123,1763.672356794204,0
60.22108308010209,0.011777082409171274,5.318570302741187,1544.2544475069003,0
61.14503766772755,0.29420563313195713,4.629141723063101,1554.7238905162912,0
80.6760490667027,0.2730181450495847,4.48328955645279,1640.614464831027,0
65.62246568894007,0.2761066084888436,3.2014953071493433,1507.054304228702,0
59.9891505420857,0.047121729716379374,5.029605344213851,1448.3593350879771,0
66.5520303982415,0.14696080309831622,4.6782076410167255,1604.5147236735152,0
68.09115574628298,0.15290361331545843,4.441572473054475,1609.2114373281008,0
72.1473061895565,0.13271029059516862,4.983935176896789,1512.2805044046331,0
72.00760816569634,0.33935380255151504,5.049895584163724,1640.7702030275364,0
63.37455548901193,0.19905857297410928,4.4915541621063575,1493.3371352603901,0
75.48525114010968,0.19707512458966636,6.2904646267814295,1574.582635929852,0
64.88645172999874,0.24416066482526233,5.58448222328994,1621.2425917402938,0
68.74978930635966,0.24554413343115056,5.717022846698622,1507.8663212338251,0
75.49419256402685,-0.0667914168500664,4.917357773088472,1536.5438487868971,0
64.86542876844527,0.14829139702805094,5.408988585808914,1582.0812088843008,0
65.4451886113509,0.08697691377669786,4.283436319521149,1470.705207343023,0
74.73334439754505,0.23202448745238557,5.533006832200245,1434.8678627585207,0
63.13813458715985,0.17688860685327623,4.836477914149008,1606.6385448142037,0
66.92166381116743,0.2012310051601015,4.182413171988539,1524.5412667729674,0
74.44593742434314,0.033718420088758166,4.981786663024616,1459.5528368001965,0
86.4327395314878,0.17521182202476016,4.766356775800088,1507.5293417344587,1
74.84323603810198,0.28921042014662524,6.8584554617767335,1540.6825836773235,0
73.7811181039201,0.3127559586481734,5.348315398783929,1374.4560529416838,0
74.24641266938184,0.257509073563256,6.263773973958578,1557.2794318067276,0
61.414477807463605,0.0931627765241505,5.905029685086982,1532.6756963073526,0
70.92477390943927,0.3007521442393699,5.030224479837999,1632.4079264887662,0
69.76186809330879,0.25792018040000125,4.645024637655964,1482.4806946273109,0
72.57267632298205,0.19062487727483693,3.6078187350397415,1610.1693946806606,0
70.93206441980696,0.03799709483922048,4.303245159468208,1496.428356693455,0
73.0375974193369,0.27628759605300135,5.530202766203371,1511.133927092751,0
67.50826244080639,0.1526266936013297,4.758295691903437,1522.4760999086395,0
70.46887133897434,0.22769326568438247,5.3006562605907535,1667.4602660342498,0
60.17737147154406,0.20547150885093302,3.3757798789221307,1400.8407521897927,0
67.44074177597669,0.3230715987550623,5.362811879277899,1539.6060143064694,0
81.12666838541315,0.18997064112019932,5.877185245759429,1503.3785149805783,0
72.55046671702604,0.1987909127931242,3.579393368154997,1497.7171871060023,0
69.83263170093538,0.3262892312382904,5.29725112508544,1546.640860741623,0
85.16898621003477,0.1473422204999849,6.074827722886768,1588.4800857041805,1
59.11332017359137,0.26514582811262216,6.344069319471573,1542.530566926551,0
61.124355556430245,0.1841107421697229,4.597200743313632,1598.8163760796829,0
83.70169129021018,0.11979664303960567,5.623944275689227,1479.9231045896634,0
70.36768748839147,0.20009287893766983,6.143831856004333,1496.1158225047177,0
68.05933570968165,0.255336409088639,5.321105112624303,1419.9303078072976,0
60.40636539923486,0.3082967871981209,6.028062071197449,1658.632455207323,0
73.58157013116009,0.3179755188276546,4.97131067732936,1485.0630024738753,0
74.35567895621969,0.1764188740619574,5.315451315016638,1476.2228098771843,0
61.24404511332083,0.12102006143742292,4.502712618830238,1548.5330178901493,0
68.87779531559657,0.17450088803380168,4.868319873860993,1588.5663568578436,0
67.31587334373548,0.10547753973358756,5.346972935901091,1444.6335015105617,0
72.04781717135018,0.1826091040466796,4.442704539963386,1594.9349981782373,0
61.04599806223485,0.17266677731041935,4.821130901487397,1475.7358542240502,0
80.01557963610526,0.2581992163325412,5.6086989447574425,1614.4495643381952,0
77.32659025278083,0.02352518560684974,6.64204602654088,1456.7272797053156,0
67.09459553013747,0.14131136431306884,3.3604492066811407,1558.8357859782714,0
68.26865030689304,0.14195853564464678,6.581261333858894,1503.416785593157,0
68.90862279777907,0.29497018019264204,4.792102588461786,1409.8897725044046,0
63.77353157594797,0.11089244980791865,5.771919895221908,1386.7228437893477,0
66.45256465411971,0.21813258877191952,5.928874159993392,1440.5637711501913,0
67.83783705860313,0.1897497268464175,6.2515974191524375,1579.4045513531066,0
82.90294696565702,0.28344340214691055,4.417630508216167,1344.5475843387046,1
77.57294646664349,0.2476665491608438,4.8197829535057615,1526.7156778580731,0
77.47723765869299,0.20969949854563036,4.957123120837677,1519.7512418011188,0
72.95940490403513,0.15562665003295456,4.714052926002124,1365.4163494776606,0
61.06138392855012,0.051812599751209915,6.0550087798713115,1436.2483884782853,0
69.66807116338097,0.21976685245499245,4.938537839190827,1436.0972115450907,0
77.76390767690704,0.24243918388238983,3.7051618681533047,1504.2153176884592,0
59.9338829650617,0.07401059100202778,4.493588942148989,1617.3068626190168,0
75.09242565498612,0.10130446685371607,3.737279978642496,1585.9969541838261,0
88.58087380210213,0.2201863978697341,4.8173289706453275,1471.1753241254366,1
78.49453316791785,0.22713133489662962,5.538039739654349,1433.646600854888,0
81.3122330844959,0.12074821519263526,4.476418662157049,1375.33009341765,0
71.74671000353729,0.15407482291455696,4.677573628292338,1469.7113213161413,0
77.74345559011992,0.05308089291436588,4.780187766129444,1428.0970224432454,0
64.25717428516772,0.31018111230505874,5.112593995068196,1497.1081614635589,0
76.36691049872981,0.09601004741052382,5.41286622290842,1500.1395090461976,0
75.2351050724861,0.24338075129988407,5.645804342348295,1461.9531254028877,0
72.3192893923013,0.1972031443077296,6.8044135863492174,1463.6284655607794,0
80.52805935774799,0.30316748956998074,5.098796744800058,1444.4964143171817,0
65.68972129722088,0.1366196725780195,5.588634443183771,1459.001640276512,0
68.5035398682107,0.20490021682723097,3.72995460185738,1614.8732280564332,0
70.76369633086637,0.064125847261012,4.696653611547573,1541.424643346903,0
61.76311223128479,0.04491785304481971,4.783666485230341,1542.5080220355771,0
71.81545555040198,0.24770668670923793,4.186148088810317,1580.9554326394664,0
56.24855669636922,0.057197932874423846,4.571205814905971,1573.881807936156,0
78.37563627542568,0.18174259724523756,4.9140122258754975,1613.9811513578322,0
70.37309893252772,0.2809036358378336,4.596269300668154,1547.0734487613233,0
65.83285676876989,0.25973478848757436,7.081467350270529,1516.4115552570913,1
63.32501110163903,0.1468331609641125,5.409820273262184,1452.7382961695757,0
68.1233677630465,0.07291974908734622,6.600818191087469,1434.0678406574439,0
75.50607768617931,0.24075958893244231,6.194120943067204,1570.5805809383824,0
74.38191182990049,0.3073805426288145,4.488603093239691,1491.1156017916346,0
64.35569642177231,0.14702095370675014,5.030048373935849,1391.2096199147345,0
63.23168261897892,0.13573497132743068,4.652140303140339,1332.5574321914557,1
75.25518965055718,0.15800784297048012,4.8705417925709344,1671.8102255025185,0
64.22122076307977,0.24572869686456927,4.218853064649015,1421.1251021063358,0
70.47927819263603,0.29828140851319307,4.646771736663822,1445.1009026144452,0
70.99003714019422,0.10083145508955822,5.287615105226591,1598.2462338369858,0
72.49649705381391,0.08013745525402777,5.266497645553763,1403.3140293335853,0
76.86616344145497,0.38719970575459584,5.202722932173013,1542.5128001916385,0
59.896296505061414,0.18581417696879693,4.952260140093153,1645.758146563901,0
54.7107253979161,0.22023142365522477,5.688593940189552,1669.106423019294,0
65.46042175017318,0.1446455327505889,4.794365579137169,1464.2041372386598,0
84.4122272626575,0.23919698475621728,6.113241871809293,1499.0370485739263,0
86.17739280069902,0.2768048699761218,3.52192195438595,1468.2892901582732,1
84.6494170845271,0.22398369372583438,5.525448819180605,1498.5639764251098,0
68.45614905791449,0.3392686461611548,5.390696889797886,1603.8617253527889,0
55.74307934412137,0.17386043280471267,4.46034675419876,1388.0550020584099,0
51.25568718678527,0.17896940215716992,4.715815178515778,1551.8365436820193,0
65.08769470760471,0.21851250810219325,5.371832751287229,1484.3601893528614,0
68.41541095880513,0.23719693164048777,5.732748197718999,1609.4800864022552,0
80.40500320844767,0.21823578096500876,3.6004294653351145,1605.2335921127226,0
76.94244367633956,0.09724679784359273,5.5025968541234045,1467.4294800703155,0
71.81924063193297,0.22500121329564493,4.633879051553954,1491.1375158611702,0
62.88124183247086,0.170066113215725,5.900231819438843,1571.421019474651,0
62.31376353404088,0.15352183887402837,3.5285798289470582,1578.6656795157746,0
72.03302149657148,0.2025985643802595,6.956239172096966,1302.2008552218913,1
75.57640783071781,0.12307818501366287,4.291088053588722,1571.164039692213,0
73.13505009796468,0.1091686940901415,6.143968949431742,1631.718551376607,0
61.72321632314676,-0.00923751680030796,4.944652304213734,1520.448749289106,0
75.20534103033668,0.3397789862807913,4.345066610239895,1576.0141138124454,0
73.4072877368113,0.2444585055282402,5.212091204305129,1602.3004901494571,0
61.43466875047857,0.1906588702954956,5.823300355965095,1517.7274967499825,0
63.72543223759796,0.14662214104906818,3.75783615940419,1565.1384647900302,0
75.50796779649254,-0.03008258256371335,5.561271079429607,1501.0149197890594,0
68.12393971883287,0.14171768990228126,4.9902572010743285,1495.8265478717276,0
82.71317841309165,0.2572693069731261,5.461635266053067,1447.0766857976948,0
74.00903420851661,0.2753739442875095,5.008780285871184,1513.8417957547367,0
66.10695049448584,0.2513833594882641,4.5425049289962764,1650.9485468087603,0
69.91835519687254,0.2126713564601975,4.109501398902497,1427.8004073553686,0
70.50706714110174,0.3043099316745103,5.5381160896376205,1549.349833966776,0
64.17287749406631,0.1737170222329168,5.533817593759068,1525.6764061959288,0
62.699294414578986,0.28681511329074894,5.529817798152647,1617.9862215196454,0
75.611119150476,0.16923340450238297,5.342077055552458,1633.0314648172946,0
76.76218637633677,0.12950869528977904,5.755759097471576,1426.057799715715,0
74.83025175642366,0.11954296156619833,6.124855423815713,1454.0627638474957,0
82.12254475459042,0.11484028630616379,3.498865722074785,1458.4330990002693,0
65.66581411190718,0.25272544230419886,3.1265620449047296,1461.2640489858138,0
83.39416612856904,0.14058035431223373,6.374357887903716,1468.1241210625967,0
62.79263105156678,0.1173576923972045,3.9271627883318487,1527.765161533629,0
61.89851549305206,0.2570988175729088,4.131005370568304,1431.8890420124667,0
55.920328942805995,0.22623763123777862,4.769908550500061,1443.136680455666,0
66.43363748938546,0.2770073586276642,3.676822737029518,1436.7527751589291,0
65.97022130536438,0.2410079609018239,4.69473064215389,1539.4099594159622,0
74.2074982420372,0.13975107358421507,4.241515724701868,1494.8985326662935,0
71.95112753296361,0.206088193317487,4.813327304242394,1480.6958835858268,0
60.45621303184691,0.21001063926157418,5.223873043925681,1432.649624173085,0
66.85819009259346,0.12646730732207984,4.725169419656348,1371.6756742661,0
67.02830383129852,0.1116300020724806,4.684762171682283,1630.5226981874466,0
55.79214202430486,0.14554227127058364,5.206396637433317,1476.9017849748175,0
62.15242618389304,0.36292658853376647,5.835433438359958,1716.8393955426427,0
63.833490955087285,0.1669804724622761,6.282371477537333,1561.8233112720789,0
81.46900015856757,0.29862934331093716,4.825169396798228,1646.340226641406,0
71.53160572765881,0.16250715924161618,6.4599113215385895,1579.4789823611288,0
75.29735003158,0.2711071055631994,5.701365467808997,1512.6812926149576,0
58.010916022806306,0.2721993324446278,4.0143932368214585,1452.1873953552017,0
79.55371586411194,0.2762072406361636,3.99103339550906,1421.8528067682817,0
80.40881650419274,0.2310261873607167,4.538169719517864,1589.5720813588748,0
54.01324026284299,0.31018932630249213,6.1556831866877815,1521.202723923253,0
64.35746620867322,0.23026831754821825,4.598906147547571,1549.3200832626778,0
73.96612458412409,0.3370823783472224,3.4861145403949814,1565.1698803958989,0
75.15510762830546,0.07040641574492534,4.816892632889831,1528.4779510180638,0
